/* Copyright (c) 2026 Anomly, Inc.
 * SPDX-License-Identifier: Apache-2.0 */
/* bp16_log2_lut.h — GENERATED by gen_golden_vectors.py; DO NOT EDIT.
 * log2_lut[q] = bposit16(log2(q)) = bposit16_log2(q), NaR (0x8000) where
 * q is 0 or NaR. The same log2 LUT the CUDA build_bposit_luts.py bakes;
 * indexed by the raw bposit16 bit pattern. Large + generated -> gitignored,
 * regenerated by the build scripts. */
#ifndef BP16_LOG2_LUT_H
#define BP16_LOG2_LUT_H
static const unsigned short BP16_LOG2_LUT[65536] = {
    0x8000, 0xa500, 0xa580, 0xa5c0, 0xa600, 0xa620, 0xa640, 0xa660, 0xa680, 0xa690, 0xa6a0, 0xa6b0, 0xa6c0, 0xa6d0, 0xa6e0, 0xa6f0,
    0xa700, 0xa70a, 0xa710, 0xa71a, 0xa720, 0xa72a, 0xa730, 0xa73a, 0xa740, 0xa74a, 0xa750, 0xa75a, 0xa760, 0xa76a, 0xa770, 0xa77a,
    0xa780, 0xa786, 0xa78a, 0xa78d, 0xa790, 0xa796, 0xa79a, 0xa79d, 0xa7a0, 0xa7a6, 0xa7aa, 0xa7ad, 0xa7b0, 0xa7b6, 0xa7ba, 0xa7bd,
    0xa7c0, 0xa7c6, 0xa7ca, 0xa7cd, 0xa7d0, 0xa7d6, 0xa7da, 0xa7dd, 0xa7e0, 0xa7e6, 0xa7ea, 0xa7ed, 0xa7f0, 0xa7f6, 0xa7fa, 0xa7fd,
    0xa800, 0xa806, 0xa80b, 0xa80f, 0xa813, 0xa817, 0xa81a, 0xa81e, 0xa820, 0xa826, 0xa82b, 0xa82f, 0xa833, 0xa837, 0xa83a, 0xa83e,
    0xa840, 0xa846, 0xa84b, 0xa84f, 0xa853, 0xa857, 0xa85a, 0xa85e, 0xa860, 0xa866, 0xa86b, 0xa86f, 0xa873, 0xa877, 0xa87a, 0xa87e,
    0xa880, 0xa886, 0xa88b, 0xa88f, 0xa893, 0xa897, 0xa89a, 0xa89e, 0xa8a0, 0xa8a6, 0xa8ab, 0xa8af, 0xa8b3, 0xa8b7, 0xa8ba, 0xa8be,
    0xa8c0, 0xa8c6, 0xa8cb, 0xa8cf, 0xa8d3, 0xa8d7, 0xa8da, 0xa8de, 0xa8e0, 0xa8e6, 0xa8eb, 0xa8ef, 0xa8f3, 0xa8f7, 0xa8fa, 0xa8fe,
    0xa900, 0xa903, 0xa906, 0xa908, 0xa90b, 0xa90d, 0xa90f, 0xa911, 0xa913, 0xa915, 0xa917, 0xa919, 0xa91a, 0xa91c, 0xa91e, 0xa91f,
    0xa920, 0xa923, 0xa926, 0xa928, 0xa92b, 0xa92d, 0xa92f, 0xa931, 0xa933, 0xa935, 0xa937, 0xa939, 0xa93a, 0xa93c, 0xa93e, 0xa93f,
    0xa940, 0xa943, 0xa946, 0xa948, 0xa94b, 0xa94d, 0xa94f, 0xa951, 0xa953, 0xa955, 0xa957, 0xa959, 0xa95a, 0xa95c, 0xa95e, 0xa95f,
    0xa960, 0xa963, 0xa966, 0xa968, 0xa96b, 0xa96d, 0xa96f, 0xa971, 0xa973, 0xa975, 0xa977, 0xa979, 0xa97a, 0xa97c, 0xa97e, 0xa97f,
    0xa980, 0xa983, 0xa986, 0xa988, 0xa98b, 0xa98d, 0xa98f, 0xa991, 0xa993, 0xa995, 0xa997, 0xa999, 0xa99a, 0xa99c, 0xa99e, 0xa99f,
    0xa9a0, 0xa9a3, 0xa9a6, 0xa9a8, 0xa9ab, 0xa9ad, 0xa9af, 0xa9b1, 0xa9b3, 0xa9b5, 0xa9b7, 0xa9b9, 0xa9ba, 0xa9bc, 0xa9be, 0xa9bf,
    0xa9c0, 0xa9c3, 0xa9c6, 0xa9c8, 0xa9cb, 0xa9cd, 0xa9cf, 0xa9d1, 0xa9d3, 0xa9d5, 0xa9d7, 0xa9d9, 0xa9da, 0xa9dc, 0xa9de, 0xa9df,
    0xa9e0, 0xa9e3, 0xa9e6, 0xa9e8, 0xa9eb, 0xa9ed, 0xa9ef, 0xa9f1, 0xa9f3, 0xa9f5, 0xa9f7, 0xa9f9, 0xa9fa, 0xa9fc, 0xa9fe, 0xa9ff,
    0xaa00, 0xaa02, 0xaa03, 0xaa05, 0xaa06, 0xaa07, 0xaa08, 0xaa0a, 0xaa0b, 0xaa0c, 0xaa0d, 0xaa0e, 0xaa0f, 0xaa10, 0xaa11, 0xaa12,
    0xaa13, 0xaa14, 0xaa15, 0xaa16, 0xaa17, 0xaa18, 0xaa19, 0xaa1a, 0xaa1a, 0xaa1b, 0xaa1c, 0xaa1d, 0xaa1e, 0xaa1e, 0xaa1f, 0xaa20,
    0xaa20, 0xaa22, 0xaa23, 0xaa25, 0xaa26, 0xaa27, 0xaa28, 0xaa2a, 0xaa2b, 0xaa2c, 0xaa2d, 0xaa2e, 0xaa2f, 0xaa30, 0xaa31, 0xaa32,
    0xaa33, 0xaa34, 0xaa35, 0xaa36, 0xaa37, 0xaa38, 0xaa39, 0xaa3a, 0xaa3a, 0xaa3b, 0xaa3c, 0xaa3d, 0xaa3e, 0xaa3e, 0xaa3f, 0xaa40,
    0xaa40, 0xaa42, 0xaa43, 0xaa45, 0xaa46, 0xaa47, 0xaa48, 0xaa4a, 0xaa4b, 0xaa4c, 0xaa4d, 0xaa4e, 0xaa4f, 0xaa50, 0xaa51, 0xaa52,
    0xaa53, 0xaa54, 0xaa55, 0xaa56, 0xaa57, 0xaa58, 0xaa59, 0xaa5a, 0xaa5a, 0xaa5b, 0xaa5c, 0xaa5d, 0xaa5e, 0xaa5e, 0xaa5f, 0xaa60,
    0xaa60, 0xaa62, 0xaa63, 0xaa65, 0xaa66, 0xaa67, 0xaa68, 0xaa6a, 0xaa6b, 0xaa6c, 0xaa6d, 0xaa6e, 0xaa6f, 0xaa70, 0xaa71, 0xaa72,
    0xaa73, 0xaa74, 0xaa75, 0xaa76, 0xaa77, 0xaa78, 0xaa79, 0xaa7a, 0xaa7a, 0xaa7b, 0xaa7c, 0xaa7d, 0xaa7e, 0xaa7e, 0xaa7f, 0xaa80,
    0xaa80, 0xaa82, 0xaa83, 0xaa85, 0xaa86, 0xaa87, 0xaa88, 0xaa8a, 0xaa8b, 0xaa8c, 0xaa8d, 0xaa8e, 0xaa8f, 0xaa90, 0xaa91, 0xaa92,
    0xaa93, 0xaa94, 0xaa95, 0xaa96, 0xaa97, 0xaa98, 0xaa99, 0xaa9a, 0xaa9a, 0xaa9b, 0xaa9c, 0xaa9d, 0xaa9e, 0xaa9e, 0xaa9f, 0xaaa0,
    0xaaa0, 0xaaa2, 0xaaa3, 0xaaa5, 0xaaa6, 0xaaa7, 0xaaa8, 0xaaaa, 0xaaab, 0xaaac, 0xaaad, 0xaaae, 0xaaaf, 0xaab0, 0xaab1, 0xaab2,
    0xaab3, 0xaab4, 0xaab5, 0xaab6, 0xaab7, 0xaab8, 0xaab9, 0xaaba, 0xaaba, 0xaabb, 0xaabc, 0xaabd, 0xaabe, 0xaabe, 0xaabf, 0xaac0,
    0xaac0, 0xaac2, 0xaac3, 0xaac5, 0xaac6, 0xaac7, 0xaac8, 0xaaca, 0xaacb, 0xaacc, 0xaacd, 0xaace, 0xaacf, 0xaad0, 0xaad1, 0xaad2,
    0xaad3, 0xaad4, 0xaad5, 0xaad6, 0xaad7, 0xaad8, 0xaad9, 0xaada, 0xaada, 0xaadb, 0xaadc, 0xaadd, 0xaade, 0xaade, 0xaadf, 0xaae0,
    0xaae0, 0xaae2, 0xaae3, 0xaae5, 0xaae6, 0xaae7, 0xaae8, 0xaaea, 0xaaeb, 0xaaec, 0xaaed, 0xaaee, 0xaaef, 0xaaf0, 0xaaf1, 0xaaf2,
    0xaaf3, 0xaaf4, 0xaaf5, 0xaaf6, 0xaaf7, 0xaaf8, 0xaaf9, 0xaafa, 0xaafa, 0xaafb, 0xaafc, 0xaafd, 0xaafe, 0xaafe, 0xaaff, 0xab00,
    0xab00, 0xab01, 0xab02, 0xab03, 0xab03, 0xab04, 0xab05, 0xab05, 0xab06, 0xab07, 0xab07, 0xab08, 0xab08, 0xab09, 0xab0a, 0xab0a,
    0xab0b, 0xab0b, 0xab0c, 0xab0d, 0xab0d, 0xab0e, 0xab0e, 0xab0f, 0xab0f, 0xab10, 0xab10, 0xab11, 0xab11, 0xab12, 0xab12, 0xab13,
    0xab13, 0xab14, 0xab14, 0xab15, 0xab15, 0xab16, 0xab16, 0xab16, 0xab17, 0xab17, 0xab18, 0xab18, 0xab19, 0xab19, 0xab1a, 0xab1a,
    0xab1a, 0xab1b, 0xab1b, 0xab1c, 0xab1c, 0xab1c, 0xab1d, 0xab1d, 0xab1e, 0xab1e, 0xab1e, 0xab1f, 0xab1f, 0xab1f, 0xab20, 0xab20,
    0xab20, 0xab21, 0xab22, 0xab23, 0xab23, 0xab24, 0xab25, 0xab25, 0xab26, 0xab27, 0xab27, 0xab28, 0xab28, 0xab29, 0xab2a, 0xab2a,
    0xab2b, 0xab2b, 0xab2c, 0xab2d, 0xab2d, 0xab2e, 0xab2e, 0xab2f, 0xab2f, 0xab30, 0xab30, 0xab31, 0xab31, 0xab32, 0xab32, 0xab33,
    0xab33, 0xab34, 0xab34, 0xab35, 0xab35, 0xab36, 0xab36, 0xab36, 0xab37, 0xab37, 0xab38, 0xab38, 0xab39, 0xab39, 0xab3a, 0xab3a,
    0xab3a, 0xab3b, 0xab3b, 0xab3c, 0xab3c, 0xab3c, 0xab3d, 0xab3d, 0xab3e, 0xab3e, 0xab3e, 0xab3f, 0xab3f, 0xab3f, 0xab40, 0xab40,
    0xab40, 0xab41, 0xab42, 0xab43, 0xab43, 0xab44, 0xab45, 0xab45, 0xab46, 0xab47, 0xab47, 0xab48, 0xab48, 0xab49, 0xab4a, 0xab4a,
    0xab4b, 0xab4b, 0xab4c, 0xab4d, 0xab4d, 0xab4e, 0xab4e, 0xab4f, 0xab4f, 0xab50, 0xab50, 0xab51, 0xab51, 0xab52, 0xab52, 0xab53,
    0xab53, 0xab54, 0xab54, 0xab55, 0xab55, 0xab56, 0xab56, 0xab56, 0xab57, 0xab57, 0xab58, 0xab58, 0xab59, 0xab59, 0xab5a, 0xab5a,
    0xab5a, 0xab5b, 0xab5b, 0xab5c, 0xab5c, 0xab5c, 0xab5d, 0xab5d, 0xab5e, 0xab5e, 0xab5e, 0xab5f, 0xab5f, 0xab5f, 0xab60, 0xab60,
    0xab60, 0xab61, 0xab62, 0xab63, 0xab63, 0xab64, 0xab65, 0xab65, 0xab66, 0xab67, 0xab67, 0xab68, 0xab68, 0xab69, 0xab6a, 0xab6a,
    0xab6b, 0xab6b, 0xab6c, 0xab6d, 0xab6d, 0xab6e, 0xab6e, 0xab6f, 0xab6f, 0xab70, 0xab70, 0xab71, 0xab71, 0xab72, 0xab72, 0xab73,
    0xab73, 0xab74, 0xab74, 0xab75, 0xab75, 0xab76, 0xab76, 0xab76, 0xab77, 0xab77, 0xab78, 0xab78, 0xab79, 0xab79, 0xab7a, 0xab7a,
    0xab7a, 0xab7b, 0xab7b, 0xab7c, 0xab7c, 0xab7c, 0xab7d, 0xab7d, 0xab7e, 0xab7e, 0xab7e, 0xab7f, 0xab7f, 0xab7f, 0xab80, 0xab80,
    0xab80, 0xab81, 0xab82, 0xab83, 0xab83, 0xab84, 0xab85, 0xab85, 0xab86, 0xab87, 0xab87, 0xab88, 0xab88, 0xab89, 0xab8a, 0xab8a,
    0xab8b, 0xab8b, 0xab8c, 0xab8d, 0xab8d, 0xab8e, 0xab8e, 0xab8f, 0xab8f, 0xab90, 0xab90, 0xab91, 0xab91, 0xab92, 0xab92, 0xab93,
    0xab93, 0xab94, 0xab94, 0xab95, 0xab95, 0xab96, 0xab96, 0xab96, 0xab97, 0xab97, 0xab98, 0xab98, 0xab99, 0xab99, 0xab9a, 0xab9a,
    0xab9a, 0xab9b, 0xab9b, 0xab9c, 0xab9c, 0xab9c, 0xab9d, 0xab9d, 0xab9e, 0xab9e, 0xab9e, 0xab9f, 0xab9f, 0xab9f, 0xaba0, 0xaba0,
    0xaba0, 0xaba1, 0xaba2, 0xaba3, 0xaba3, 0xaba4, 0xaba5, 0xaba5, 0xaba6, 0xaba7, 0xaba7, 0xaba8, 0xaba8, 0xaba9, 0xabaa, 0xabaa,
    0xabab, 0xabab, 0xabac, 0xabad, 0xabad, 0xabae, 0xabae, 0xabaf, 0xabaf, 0xabb0, 0xabb0, 0xabb1, 0xabb1, 0xabb2, 0xabb2, 0xabb3,
    0xabb3, 0xabb4, 0xabb4, 0xabb5, 0xabb5, 0xabb6, 0xabb6, 0xabb6, 0xabb7, 0xabb7, 0xabb8, 0xabb8, 0xabb9, 0xabb9, 0xabba, 0xabba,
    0xabba, 0xabbb, 0xabbb, 0xabbc, 0xabbc, 0xabbc, 0xabbd, 0xabbd, 0xabbe, 0xabbe, 0xabbe, 0xabbf, 0xabbf, 0xabbf, 0xabc0, 0xabc0,
    0xabc0, 0xabc1, 0xabc2, 0xabc3, 0xabc3, 0xabc4, 0xabc5, 0xabc5, 0xabc6, 0xabc7, 0xabc7, 0xabc8, 0xabc8, 0xabc9, 0xabca, 0xabca,
    0xabcb, 0xabcb, 0xabcc, 0xabcd, 0xabcd, 0xabce, 0xabce, 0xabcf, 0xabcf, 0xabd0, 0xabd0, 0xabd1, 0xabd1, 0xabd2, 0xabd2, 0xabd3,
    0xabd3, 0xabd4, 0xabd4, 0xabd5, 0xabd5, 0xabd6, 0xabd6, 0xabd6, 0xabd7, 0xabd7, 0xabd8, 0xabd8, 0xabd9, 0xabd9, 0xabda, 0xabda,
    0xabda, 0xabdb, 0xabdb, 0xabdc, 0xabdc, 0xabdc, 0xabdd, 0xabdd, 0xabde, 0xabde, 0xabde, 0xabdf, 0xabdf, 0xabdf, 0xabe0, 0xabe0,
    0xabe0, 0xabe1, 0xabe2, 0xabe3, 0xabe3, 0xabe4, 0xabe5, 0xabe5, 0xabe6, 0xabe7, 0xabe7, 0xabe8, 0xabe8, 0xabe9, 0xabea, 0xabea,
    0xabeb, 0xabeb, 0xabec, 0xabed, 0xabed, 0xabee, 0xabee, 0xabef, 0xabef, 0xabf0, 0xabf0, 0xabf1, 0xabf1, 0xabf2, 0xabf2, 0xabf3,
    0xabf3, 0xabf4, 0xabf4, 0xabf5, 0xabf5, 0xabf6, 0xabf6, 0xabf6, 0xabf7, 0xabf7, 0xabf8, 0xabf8, 0xabf9, 0xabf9, 0xabfa, 0xabfa,
    0xabfa, 0xabfb, 0xabfb, 0xabfc, 0xabfc, 0xabfc, 0xabfd, 0xabfd, 0xabfe, 0xabfe, 0xabfe, 0xabff, 0xabff, 0xabff, 0xac00, 0xac00,
    0xac00, 0xac01, 0xac02, 0xac03, 0xac03, 0xac04, 0xac05, 0xac05, 0xac06, 0xac07, 0xac07, 0xac08, 0xac09, 0xac09, 0xac0a, 0xac0b,
    0xac0b, 0xac0c, 0xac0d, 0xac0d, 0xac0e, 0xac0f, 0xac0f, 0xac10, 0xac10, 0xac11, 0xac12, 0xac12, 0xac13, 0xac13, 0xac14, 0xac15,
    0xac15, 0xac16, 0xac16, 0xac17, 0xac17, 0xac18, 0xac19, 0xac19, 0xac1a, 0xac1a, 0xac1b, 0xac1b, 0xac1c, 0xac1c, 0xac1d, 0xac1d,
    0xac1e, 0xac1e, 0xac1f, 0xac1f, 0xac20, 0xac20, 0xac21, 0xac22, 0xac22, 0xac23, 0xac23, 0xac24, 0xac24, 0xac24, 0xac25, 0xac25,
    0xac26, 0xac26, 0xac27, 0xac27, 0xac28, 0xac28, 0xac29, 0xac29, 0xac2a, 0xac2a, 0xac2b, 0xac2b, 0xac2c, 0xac2c, 0xac2c, 0xac2d,
    0xac2d, 0xac2e, 0xac2e, 0xac2f, 0xac2f, 0xac30, 0xac30, 0xac30, 0xac31, 0xac31, 0xac32, 0xac32, 0xac33, 0xac33, 0xac33, 0xac34,
    0xac34, 0xac35, 0xac35, 0xac35, 0xac36, 0xac36, 0xac37, 0xac37, 0xac37, 0xac38, 0xac38, 0xac39, 0xac39, 0xac39, 0xac3a, 0xac3a,
    0xac3b, 0xac3b, 0xac3b, 0xac3c, 0xac3c, 0xac3c, 0xac3d, 0xac3d, 0xac3e, 0xac3e, 0xac3e, 0xac3f, 0xac3f, 0xac3f, 0xac40, 0xac40,
    0xac40, 0xac41, 0xac42, 0xac43, 0xac43, 0xac44, 0xac45, 0xac45, 0xac46, 0xac47, 0xac47, 0xac48, 0xac49, 0xac49, 0xac4a, 0xac4b,
    0xac4b, 0xac4c, 0xac4d, 0xac4d, 0xac4e, 0xac4f, 0xac4f, 0xac50, 0xac50, 0xac51, 0xac52, 0xac52, 0xac53, 0xac53, 0xac54, 0xac55,
    0xac55, 0xac56, 0xac56, 0xac57, 0xac57, 0xac58, 0xac59, 0xac59, 0xac5a, 0xac5a, 0xac5b, 0xac5b, 0xac5c, 0xac5c, 0xac5d, 0xac5d,
    0xac5e, 0xac5e, 0xac5f, 0xac5f, 0xac60, 0xac60, 0xac61, 0xac62, 0xac62, 0xac63, 0xac63, 0xac64, 0xac64, 0xac64, 0xac65, 0xac65,
    0xac66, 0xac66, 0xac67, 0xac67, 0xac68, 0xac68, 0xac69, 0xac69, 0xac6a, 0xac6a, 0xac6b, 0xac6b, 0xac6c, 0xac6c, 0xac6c, 0xac6d,
    0xac6d, 0xac6e, 0xac6e, 0xac6f, 0xac6f, 0xac70, 0xac70, 0xac70, 0xac71, 0xac71, 0xac72, 0xac72, 0xac73, 0xac73, 0xac73, 0xac74,
    0xac74, 0xac75, 0xac75, 0xac75, 0xac76, 0xac76, 0xac77, 0xac77, 0xac77, 0xac78, 0xac78, 0xac79, 0xac79, 0xac79, 0xac7a, 0xac7a,
    0xac7b, 0xac7b, 0xac7b, 0xac7c, 0xac7c, 0xac7c, 0xac7d, 0xac7d, 0xac7e, 0xac7e, 0xac7e, 0xac7f, 0xac7f, 0xac7f, 0xac80, 0xac80,
    0xac80, 0xac81, 0xac82, 0xac83, 0xac83, 0xac84, 0xac85, 0xac85, 0xac86, 0xac87, 0xac87, 0xac88, 0xac89, 0xac89, 0xac8a, 0xac8b,
    0xac8b, 0xac8c, 0xac8d, 0xac8d, 0xac8e, 0xac8f, 0xac8f, 0xac90, 0xac90, 0xac91, 0xac92, 0xac92, 0xac93, 0xac93, 0xac94, 0xac95,
    0xac95, 0xac96, 0xac96, 0xac97, 0xac97, 0xac98, 0xac99, 0xac99, 0xac9a, 0xac9a, 0xac9b, 0xac9b, 0xac9c, 0xac9c, 0xac9d, 0xac9d,
    0xac9e, 0xac9e, 0xac9f, 0xac9f, 0xaca0, 0xaca0, 0xaca1, 0xaca2, 0xaca2, 0xaca3, 0xaca3, 0xaca4, 0xaca4, 0xaca4, 0xaca5, 0xaca5,
    0xaca6, 0xaca6, 0xaca7, 0xaca7, 0xaca8, 0xaca8, 0xaca9, 0xaca9, 0xacaa, 0xacaa, 0xacab, 0xacab, 0xacac, 0xacac, 0xacac, 0xacad,
    0xacad, 0xacae, 0xacae, 0xacaf, 0xacaf, 0xacb0, 0xacb0, 0xacb0, 0xacb1, 0xacb1, 0xacb2, 0xacb2, 0xacb3, 0xacb3, 0xacb3, 0xacb4,
    0xacb4, 0xacb5, 0xacb5, 0xacb5, 0xacb6, 0xacb6, 0xacb7, 0xacb7, 0xacb7, 0xacb8, 0xacb8, 0xacb9, 0xacb9, 0xacb9, 0xacba, 0xacba,
    0xacbb, 0xacbb, 0xacbb, 0xacbc, 0xacbc, 0xacbc, 0xacbd, 0xacbd, 0xacbe, 0xacbe, 0xacbe, 0xacbf, 0xacbf, 0xacbf, 0xacc0, 0xacc0,
    0xacc0, 0xacc1, 0xacc2, 0xacc3, 0xacc3, 0xacc4, 0xacc5, 0xacc5, 0xacc6, 0xacc7, 0xacc7, 0xacc8, 0xacc9, 0xacc9, 0xacca, 0xaccb,
    0xaccb, 0xaccc, 0xaccd, 0xaccd, 0xacce, 0xaccf, 0xaccf, 0xacd0, 0xacd0, 0xacd1, 0xacd2, 0xacd2, 0xacd3, 0xacd3, 0xacd4, 0xacd5,
    0xacd5, 0xacd6, 0xacd6, 0xacd7, 0xacd7, 0xacd8, 0xacd9, 0xacd9, 0xacda, 0xacda, 0xacdb, 0xacdb, 0xacdc, 0xacdc, 0xacdd, 0xacdd,
    0xacde, 0xacde, 0xacdf, 0xacdf, 0xace0, 0xace0, 0xace1, 0xace2, 0xace2, 0xace3, 0xace3, 0xace4, 0xace4, 0xace4, 0xace5, 0xace5,
    0xace6, 0xace6, 0xace7, 0xace7, 0xace8, 0xace8, 0xace9, 0xace9, 0xacea, 0xacea, 0xaceb, 0xaceb, 0xacec, 0xacec, 0xacec, 0xaced,
    0xaced, 0xacee, 0xacee, 0xacef, 0xacef, 0xacf0, 0xacf0, 0xacf0, 0xacf1, 0xacf1, 0xacf2, 0xacf2, 0xacf3, 0xacf3, 0xacf3, 0xacf4,
    0xacf4, 0xacf5, 0xacf5, 0xacf5, 0xacf6, 0xacf6, 0xacf7, 0xacf7, 0xacf7, 0xacf8, 0xacf8, 0xacf9, 0xacf9, 0xacf9, 0xacfa, 0xacfa,
    0xacfb, 0xacfb, 0xacfb, 0xacfc, 0xacfc, 0xacfc, 0xacfd, 0xacfd, 0xacfe, 0xacfe, 0xacfe, 0xacff, 0xacff, 0xacff, 0xad00, 0xad00,
    0xad00, 0xad01, 0xad02, 0xad03, 0xad03, 0xad04, 0xad05, 0xad05, 0xad06, 0xad07, 0xad07, 0xad08, 0xad09, 0xad09, 0xad0a, 0xad0b,
    0xad0b, 0xad0c, 0xad0d, 0xad0d, 0xad0e, 0xad0f, 0xad0f, 0xad10, 0xad10, 0xad11, 0xad12, 0xad12, 0xad13, 0xad13, 0xad14, 0xad15,
    0xad15, 0xad16, 0xad16, 0xad17, 0xad17, 0xad18, 0xad19, 0xad19, 0xad1a, 0xad1a, 0xad1b, 0xad1b, 0xad1c, 0xad1c, 0xad1d, 0xad1d,
    0xad1e, 0xad1e, 0xad1f, 0xad1f, 0xad20, 0xad20, 0xad21, 0xad22, 0xad22, 0xad23, 0xad23, 0xad24, 0xad24, 0xad24, 0xad25, 0xad25,
    0xad26, 0xad26, 0xad27, 0xad27, 0xad28, 0xad28, 0xad29, 0xad29, 0xad2a, 0xad2a, 0xad2b, 0xad2b, 0xad2c, 0xad2c, 0xad2c, 0xad2d,
    0xad2d, 0xad2e, 0xad2e, 0xad2f, 0xad2f, 0xad30, 0xad30, 0xad30, 0xad31, 0xad31, 0xad32, 0xad32, 0xad33, 0xad33, 0xad33, 0xad34,
    0xad34, 0xad35, 0xad35, 0xad35, 0xad36, 0xad36, 0xad37, 0xad37, 0xad37, 0xad38, 0xad38, 0xad39, 0xad39, 0xad39, 0xad3a, 0xad3a,
    0xad3b, 0xad3b, 0xad3b, 0xad3c, 0xad3c, 0xad3c, 0xad3d, 0xad3d, 0xad3e, 0xad3e, 0xad3e, 0xad3f, 0xad3f, 0xad3f, 0xad40, 0xad40,
    0xad40, 0xad41, 0xad42, 0xad43, 0xad43, 0xad44, 0xad45, 0xad45, 0xad46, 0xad47, 0xad47, 0xad48, 0xad49, 0xad49, 0xad4a, 0xad4b,
    0xad4b, 0xad4c, 0xad4d, 0xad4d, 0xad4e, 0xad4f, 0xad4f, 0xad50, 0xad50, 0xad51, 0xad52, 0xad52, 0xad53, 0xad53, 0xad54, 0xad55,
    0xad55, 0xad56, 0xad56, 0xad57, 0xad57, 0xad58, 0xad59, 0xad59, 0xad5a, 0xad5a, 0xad5b, 0xad5b, 0xad5c, 0xad5c, 0xad5d, 0xad5d,
    0xad5e, 0xad5e, 0xad5f, 0xad5f, 0xad60, 0xad60, 0xad61, 0xad62, 0xad62, 0xad63, 0xad63, 0xad64, 0xad64, 0xad64, 0xad65, 0xad65,
    0xad66, 0xad66, 0xad67, 0xad67, 0xad68, 0xad68, 0xad69, 0xad69, 0xad6a, 0xad6a, 0xad6b, 0xad6b, 0xad6c, 0xad6c, 0xad6c, 0xad6d,
    0xad6d, 0xad6e, 0xad6e, 0xad6f, 0xad6f, 0xad70, 0xad70, 0xad70, 0xad71, 0xad71, 0xad72, 0xad72, 0xad73, 0xad73, 0xad73, 0xad74,
    0xad74, 0xad75, 0xad75, 0xad75, 0xad76, 0xad76, 0xad77, 0xad77, 0xad77, 0xad78, 0xad78, 0xad79, 0xad79, 0xad79, 0xad7a, 0xad7a,
    0xad7b, 0xad7b, 0xad7b, 0xad7c, 0xad7c, 0xad7c, 0xad7d, 0xad7d, 0xad7e, 0xad7e, 0xad7e, 0xad7f, 0xad7f, 0xad7f, 0xad80, 0xad80,
    0xad80, 0xad81, 0xad82, 0xad83, 0xad83, 0xad84, 0xad85, 0xad85, 0xad86, 0xad87, 0xad87, 0xad88, 0xad89, 0xad89, 0xad8a, 0xad8b,
    0xad8b, 0xad8c, 0xad8d, 0xad8d, 0xad8e, 0xad8f, 0xad8f, 0xad90, 0xad90, 0xad91, 0xad92, 0xad92, 0xad93, 0xad93, 0xad94, 0xad95,
    0xad95, 0xad96, 0xad96, 0xad97, 0xad97, 0xad98, 0xad99, 0xad99, 0xad9a, 0xad9a, 0xad9b, 0xad9b, 0xad9c, 0xad9c, 0xad9d, 0xad9d,
    0xad9e, 0xad9e, 0xad9f, 0xad9f, 0xada0, 0xada0, 0xada1, 0xada2, 0xada2, 0xada3, 0xada3, 0xada4, 0xada4, 0xada4, 0xada5, 0xada5,
    0xada6, 0xada6, 0xada7, 0xada7, 0xada8, 0xada8, 0xada9, 0xada9, 0xadaa, 0xadaa, 0xadab, 0xadab, 0xadac, 0xadac, 0xadac, 0xadad,
    0xadad, 0xadae, 0xadae, 0xadaf, 0xadaf, 0xadb0, 0xadb0, 0xadb0, 0xadb1, 0xadb1, 0xadb2, 0xadb2, 0xadb3, 0xadb3, 0xadb3, 0xadb4,
    0xadb4, 0xadb5, 0xadb5, 0xadb5, 0xadb6, 0xadb6, 0xadb7, 0xadb7, 0xadb7, 0xadb8, 0xadb8, 0xadb9, 0xadb9, 0xadb9, 0xadba, 0xadba,
    0xadbb, 0xadbb, 0xadbb, 0xadbc, 0xadbc, 0xadbc, 0xadbd, 0xadbd, 0xadbe, 0xadbe, 0xadbe, 0xadbf, 0xadbf, 0xadbf, 0xadc0, 0xadc0,
    0xadc0, 0xadc1, 0xadc2, 0xadc3, 0xadc3, 0xadc4, 0xadc5, 0xadc5, 0xadc6, 0xadc7, 0xadc7, 0xadc8, 0xadc9, 0xadc9, 0xadca, 0xadcb,
    0xadcb, 0xadcc, 0xadcd, 0xadcd, 0xadce, 0xadcf, 0xadcf, 0xadd0, 0xadd0, 0xadd1, 0xadd2, 0xadd2, 0xadd3, 0xadd3, 0xadd4, 0xadd5,
    0xadd5, 0xadd6, 0xadd6, 0xadd7, 0xadd7, 0xadd8, 0xadd9, 0xadd9, 0xadda, 0xadda, 0xaddb, 0xaddb, 0xaddc, 0xaddc, 0xaddd, 0xaddd,
    0xadde, 0xadde, 0xaddf, 0xaddf, 0xade0, 0xade0, 0xade1, 0xade2, 0xade2, 0xade3, 0xade3, 0xade4, 0xade4, 0xade4, 0xade5, 0xade5,
    0xade6, 0xade6, 0xade7, 0xade7, 0xade8, 0xade8, 0xade9, 0xade9, 0xadea, 0xadea, 0xadeb, 0xadeb, 0xadec, 0xadec, 0xadec, 0xaded,
    0xaded, 0xadee, 0xadee, 0xadef, 0xadef, 0xadf0, 0xadf0, 0xadf0, 0xadf1, 0xadf1, 0xadf2, 0xadf2, 0xadf3, 0xadf3, 0xadf3, 0xadf4,
    0xadf4, 0xadf5, 0xadf5, 0xadf5, 0xadf6, 0xadf6, 0xadf7, 0xadf7, 0xadf7, 0xadf8, 0xadf8, 0xadf9, 0xadf9, 0xadf9, 0xadfa, 0xadfa,
    0xadfb, 0xadfb, 0xadfb, 0xadfc, 0xadfc, 0xadfc, 0xadfd, 0xadfd, 0xadfe, 0xadfe, 0xadfe, 0xadff, 0xadff, 0xadff, 0xae00, 0xae00,
    0xae00, 0xae01, 0xae01, 0xae02, 0xae02, 0xae02, 0xae03, 0xae03, 0xae03, 0xae04, 0xae04, 0xae04, 0xae05, 0xae05, 0xae05, 0xae06,
    0xae06, 0xae06, 0xae07, 0xae07, 0xae07, 0xae08, 0xae08, 0xae08, 0xae09, 0xae09, 0xae09, 0xae0a, 0xae0a, 0xae0a, 0xae0b, 0xae0b,
    0xae0b, 0xae0c, 0xae0c, 0xae0c, 0xae0d, 0xae0d, 0xae0d, 0xae0e, 0xae0e, 0xae0e, 0xae0f, 0xae0f, 0xae0f, 0xae0f, 0xae10, 0xae10,
    0xae10, 0xae11, 0xae11, 0xae11, 0xae12, 0xae12, 0xae12, 0xae12, 0xae13, 0xae13, 0xae13, 0xae14, 0xae14, 0xae14, 0xae15, 0xae15,
    0xae15, 0xae15, 0xae16, 0xae16, 0xae16, 0xae17, 0xae17, 0xae17, 0xae17, 0xae18, 0xae18, 0xae18, 0xae19, 0xae19, 0xae19, 0xae19,
    0xae1a, 0xae1a, 0xae1a, 0xae1a, 0xae1b, 0xae1b, 0xae1b, 0xae1c, 0xae1c, 0xae1c, 0xae1c, 0xae1d, 0xae1d, 0xae1d, 0xae1d, 0xae1e,
    0xae1e, 0xae1e, 0xae1e, 0xae1f, 0xae1f, 0xae1f, 0xae1f, 0xae20, 0xae20, 0xae20, 0xae20, 0xae21, 0xae21, 0xae21, 0xae22, 0xae22,
    0xae22, 0xae22, 0xae23, 0xae23, 0xae23, 0xae23, 0xae24, 0xae24, 0xae24, 0xae24, 0xae24, 0xae25, 0xae25, 0xae25, 0xae25, 0xae26,
    0xae26, 0xae26, 0xae26, 0xae27, 0xae27, 0xae27, 0xae27, 0xae28, 0xae28, 0xae28, 0xae28, 0xae29, 0xae29, 0xae29, 0xae29, 0xae29,
    0xae2a, 0xae2a, 0xae2a, 0xae2a, 0xae2b, 0xae2b, 0xae2b, 0xae2b, 0xae2c, 0xae2c, 0xae2c, 0xae2c, 0xae2c, 0xae2d, 0xae2d, 0xae2d,
    0xae2d, 0xae2e, 0xae2e, 0xae2e, 0xae2e, 0xae2e, 0xae2f, 0xae2f, 0xae2f, 0xae2f, 0xae30, 0xae30, 0xae30, 0xae30, 0xae30, 0xae31,
    0xae31, 0xae31, 0xae31, 0xae31, 0xae32, 0xae32, 0xae32, 0xae32, 0xae33, 0xae33, 0xae33, 0xae33, 0xae33, 0xae34, 0xae34, 0xae34,
    0xae34, 0xae34, 0xae35, 0xae35, 0xae35, 0xae35, 0xae35, 0xae36, 0xae36, 0xae36, 0xae36, 0xae36, 0xae37, 0xae37, 0xae37, 0xae37,
    0xae37, 0xae38, 0xae38, 0xae38, 0xae38, 0xae38, 0xae39, 0xae39, 0xae39, 0xae39, 0xae39, 0xae3a, 0xae3a, 0xae3a, 0xae3a, 0xae3a,
    0xae3b, 0xae3b, 0xae3b, 0xae3b, 0xae3b, 0xae3b, 0xae3c, 0xae3c, 0xae3c, 0xae3c, 0xae3c, 0xae3d, 0xae3d, 0xae3d, 0xae3d, 0xae3d,
    0xae3e, 0xae3e, 0xae3e, 0xae3e, 0xae3e, 0xae3e, 0xae3f, 0xae3f, 0xae3f, 0xae3f, 0xae3f, 0xae40, 0xae40, 0xae40, 0xae40, 0xae40,
    0xae40, 0xae41, 0xae41, 0xae42, 0xae42, 0xae42, 0xae43, 0xae43, 0xae43, 0xae44, 0xae44, 0xae44, 0xae45, 0xae45, 0xae45, 0xae46,
    0xae46, 0xae46, 0xae47, 0xae47, 0xae47, 0xae48, 0xae48, 0xae48, 0xae49, 0xae49, 0xae49, 0xae4a, 0xae4a, 0xae4a, 0xae4b, 0xae4b,
    0xae4b, 0xae4c, 0xae4c, 0xae4c, 0xae4d, 0xae4d, 0xae4d, 0xae4e, 0xae4e, 0xae4e, 0xae4f, 0xae4f, 0xae4f, 0xae4f, 0xae50, 0xae50,
    0xae50, 0xae51, 0xae51, 0xae51, 0xae52, 0xae52, 0xae52, 0xae52, 0xae53, 0xae53, 0xae53, 0xae54, 0xae54, 0xae54, 0xae55, 0xae55,
    0xae55, 0xae55, 0xae56, 0xae56, 0xae56, 0xae57, 0xae57, 0xae57, 0xae57, 0xae58, 0xae58, 0xae58, 0xae59, 0xae59, 0xae59, 0xae59,
    0xae5a, 0xae5a, 0xae5a, 0xae5a, 0xae5b, 0xae5b, 0xae5b, 0xae5c, 0xae5c, 0xae5c, 0xae5c, 0xae5d, 0xae5d, 0xae5d, 0xae5d, 0xae5e,
    0xae5e, 0xae5e, 0xae5e, 0xae5f, 0xae5f, 0xae5f, 0xae5f, 0xae60, 0xae60, 0xae60, 0xae60, 0xae61, 0xae61, 0xae61, 0xae62, 0xae62,
    0xae62, 0xae62, 0xae63, 0xae63, 0xae63, 0xae63, 0xae64, 0xae64, 0xae64, 0xae64, 0xae64, 0xae65, 0xae65, 0xae65, 0xae65, 0xae66,
    0xae66, 0xae66, 0xae66, 0xae67, 0xae67, 0xae67, 0xae67, 0xae68, 0xae68, 0xae68, 0xae68, 0xae69, 0xae69, 0xae69, 0xae69, 0xae69,
    0xae6a, 0xae6a, 0xae6a, 0xae6a, 0xae6b, 0xae6b, 0xae6b, 0xae6b, 0xae6c, 0xae6c, 0xae6c, 0xae6c, 0xae6c, 0xae6d, 0xae6d, 0xae6d,
    0xae6d, 0xae6e, 0xae6e, 0xae6e, 0xae6e, 0xae6e, 0xae6f, 0xae6f, 0xae6f, 0xae6f, 0xae70, 0xae70, 0xae70, 0xae70, 0xae70, 0xae71,
    0xae71, 0xae71, 0xae71, 0xae71, 0xae72, 0xae72, 0xae72, 0xae72, 0xae73, 0xae73, 0xae73, 0xae73, 0xae73, 0xae74, 0xae74, 0xae74,
    0xae74, 0xae74, 0xae75, 0xae75, 0xae75, 0xae75, 0xae75, 0xae76, 0xae76, 0xae76, 0xae76, 0xae76, 0xae77, 0xae77, 0xae77, 0xae77,
    0xae77, 0xae78, 0xae78, 0xae78, 0xae78, 0xae78, 0xae79, 0xae79, 0xae79, 0xae79, 0xae79, 0xae7a, 0xae7a, 0xae7a, 0xae7a, 0xae7a,
    0xae7b, 0xae7b, 0xae7b, 0xae7b, 0xae7b, 0xae7b, 0xae7c, 0xae7c, 0xae7c, 0xae7c, 0xae7c, 0xae7d, 0xae7d, 0xae7d, 0xae7d, 0xae7d,
    0xae7e, 0xae7e, 0xae7e, 0xae7e, 0xae7e, 0xae7e, 0xae7f, 0xae7f, 0xae7f, 0xae7f, 0xae7f, 0xae80, 0xae80, 0xae80, 0xae80, 0xae80,
    0xae80, 0xae81, 0xae81, 0xae82, 0xae82, 0xae82, 0xae83, 0xae83, 0xae83, 0xae84, 0xae84, 0xae84, 0xae85, 0xae85, 0xae85, 0xae86,
    0xae86, 0xae86, 0xae87, 0xae87, 0xae87, 0xae88, 0xae88, 0xae88, 0xae89, 0xae89, 0xae89, 0xae8a, 0xae8a, 0xae8a, 0xae8b, 0xae8b,
    0xae8b, 0xae8c, 0xae8c, 0xae8c, 0xae8d, 0xae8d, 0xae8d, 0xae8e, 0xae8e, 0xae8e, 0xae8f, 0xae8f, 0xae8f, 0xae8f, 0xae90, 0xae90,
    0xae90, 0xae91, 0xae91, 0xae91, 0xae92, 0xae92, 0xae92, 0xae92, 0xae93, 0xae93, 0xae93, 0xae94, 0xae94, 0xae94, 0xae95, 0xae95,
    0xae95, 0xae95, 0xae96, 0xae96, 0xae96, 0xae97, 0xae97, 0xae97, 0xae97, 0xae98, 0xae98, 0xae98, 0xae99, 0xae99, 0xae99, 0xae99,
    0xae9a, 0xae9a, 0xae9a, 0xae9a, 0xae9b, 0xae9b, 0xae9b, 0xae9c, 0xae9c, 0xae9c, 0xae9c, 0xae9d, 0xae9d, 0xae9d, 0xae9d, 0xae9e,
    0xae9e, 0xae9e, 0xae9e, 0xae9f, 0xae9f, 0xae9f, 0xae9f, 0xaea0, 0xaea0, 0xaea0, 0xaea0, 0xaea1, 0xaea1, 0xaea1, 0xaea2, 0xaea2,
    0xaea2, 0xaea2, 0xaea3, 0xaea3, 0xaea3, 0xaea3, 0xaea4, 0xaea4, 0xaea4, 0xaea4, 0xaea4, 0xaea5, 0xaea5, 0xaea5, 0xaea5, 0xaea6,
    0xaea6, 0xaea6, 0xaea6, 0xaea7, 0xaea7, 0xaea7, 0xaea7, 0xaea8, 0xaea8, 0xaea8, 0xaea8, 0xaea9, 0xaea9, 0xaea9, 0xaea9, 0xaea9,
    0xaeaa, 0xaeaa, 0xaeaa, 0xaeaa, 0xaeab, 0xaeab, 0xaeab, 0xaeab, 0xaeac, 0xaeac, 0xaeac, 0xaeac, 0xaeac, 0xaead, 0xaead, 0xaead,
    0xaead, 0xaeae, 0xaeae, 0xaeae, 0xaeae, 0xaeae, 0xaeaf, 0xaeaf, 0xaeaf, 0xaeaf, 0xaeb0, 0xaeb0, 0xaeb0, 0xaeb0, 0xaeb0, 0xaeb1,
    0xaeb1, 0xaeb1, 0xaeb1, 0xaeb1, 0xaeb2, 0xaeb2, 0xaeb2, 0xaeb2, 0xaeb3, 0xaeb3, 0xaeb3, 0xaeb3, 0xaeb3, 0xaeb4, 0xaeb4, 0xaeb4,
    0xaeb4, 0xaeb4, 0xaeb5, 0xaeb5, 0xaeb5, 0xaeb5, 0xaeb5, 0xaeb6, 0xaeb6, 0xaeb6, 0xaeb6, 0xaeb6, 0xaeb7, 0xaeb7, 0xaeb7, 0xaeb7,
    0xaeb7, 0xaeb8, 0xaeb8, 0xaeb8, 0xaeb8, 0xaeb8, 0xaeb9, 0xaeb9, 0xaeb9, 0xaeb9, 0xaeb9, 0xaeba, 0xaeba, 0xaeba, 0xaeba, 0xaeba,
    0xaebb, 0xaebb, 0xaebb, 0xaebb, 0xaebb, 0xaebb, 0xaebc, 0xaebc, 0xaebc, 0xaebc, 0xaebc, 0xaebd, 0xaebd, 0xaebd, 0xaebd, 0xaebd,
    0xaebe, 0xaebe, 0xaebe, 0xaebe, 0xaebe, 0xaebe, 0xaebf, 0xaebf, 0xaebf, 0xaebf, 0xaebf, 0xaec0, 0xaec0, 0xaec0, 0xaec0, 0xaec0,
    0xaec0, 0xaec1, 0xaec1, 0xaec2, 0xaec2, 0xaec2, 0xaec3, 0xaec3, 0xaec3, 0xaec4, 0xaec4, 0xaec4, 0xaec5, 0xaec5, 0xaec5, 0xaec6,
    0xaec6, 0xaec6, 0xaec7, 0xaec7, 0xaec7, 0xaec8, 0xaec8, 0xaec8, 0xaec9, 0xaec9, 0xaec9, 0xaeca, 0xaeca, 0xaeca, 0xaecb, 0xaecb,
    0xaecb, 0xaecc, 0xaecc, 0xaecc, 0xaecd, 0xaecd, 0xaecd, 0xaece, 0xaece, 0xaece, 0xaecf, 0xaecf, 0xaecf, 0xaecf, 0xaed0, 0xaed0,
    0xaed0, 0xaed1, 0xaed1, 0xaed1, 0xaed2, 0xaed2, 0xaed2, 0xaed2, 0xaed3, 0xaed3, 0xaed3, 0xaed4, 0xaed4, 0xaed4, 0xaed5, 0xaed5,
    0xaed5, 0xaed5, 0xaed6, 0xaed6, 0xaed6, 0xaed7, 0xaed7, 0xaed7, 0xaed7, 0xaed8, 0xaed8, 0xaed8, 0xaed9, 0xaed9, 0xaed9, 0xaed9,
    0xaeda, 0xaeda, 0xaeda, 0xaeda, 0xaedb, 0xaedb, 0xaedb, 0xaedc, 0xaedc, 0xaedc, 0xaedc, 0xaedd, 0xaedd, 0xaedd, 0xaedd, 0xaede,
    0xaede, 0xaede, 0xaede, 0xaedf, 0xaedf, 0xaedf, 0xaedf, 0xaee0, 0xaee0, 0xaee0, 0xaee0, 0xaee1, 0xaee1, 0xaee1, 0xaee2, 0xaee2,
    0xaee2, 0xaee2, 0xaee3, 0xaee3, 0xaee3, 0xaee3, 0xaee4, 0xaee4, 0xaee4, 0xaee4, 0xaee4, 0xaee5, 0xaee5, 0xaee5, 0xaee5, 0xaee6,
    0xaee6, 0xaee6, 0xaee6, 0xaee7, 0xaee7, 0xaee7, 0xaee7, 0xaee8, 0xaee8, 0xaee8, 0xaee8, 0xaee9, 0xaee9, 0xaee9, 0xaee9, 0xaee9,
    0xaeea, 0xaeea, 0xaeea, 0xaeea, 0xaeeb, 0xaeeb, 0xaeeb, 0xaeeb, 0xaeec, 0xaeec, 0xaeec, 0xaeec, 0xaeec, 0xaeed, 0xaeed, 0xaeed,
    0xaeed, 0xaeee, 0xaeee, 0xaeee, 0xaeee, 0xaeee, 0xaeef, 0xaeef, 0xaeef, 0xaeef, 0xaef0, 0xaef0, 0xaef0, 0xaef0, 0xaef0, 0xaef1,
    0xaef1, 0xaef1, 0xaef1, 0xaef1, 0xaef2, 0xaef2, 0xaef2, 0xaef2, 0xaef3, 0xaef3, 0xaef3, 0xaef3, 0xaef3, 0xaef4, 0xaef4, 0xaef4,
    0xaef4, 0xaef4, 0xaef5, 0xaef5, 0xaef5, 0xaef5, 0xaef5, 0xaef6, 0xaef6, 0xaef6, 0xaef6, 0xaef6, 0xaef7, 0xaef7, 0xaef7, 0xaef7,
    0xaef7, 0xaef8, 0xaef8, 0xaef8, 0xaef8, 0xaef8, 0xaef9, 0xaef9, 0xaef9, 0xaef9, 0xaef9, 0xaefa, 0xaefa, 0xaefa, 0xaefa, 0xaefa,
    0xaefb, 0xaefb, 0xaefb, 0xaefb, 0xaefb, 0xaefb, 0xaefc, 0xaefc, 0xaefc, 0xaefc, 0xaefc, 0xaefd, 0xaefd, 0xaefd, 0xaefd, 0xaefd,
    0xaefe, 0xaefe, 0xaefe, 0xaefe, 0xaefe, 0xaefe, 0xaeff, 0xaeff, 0xaeff, 0xaeff, 0xaeff, 0xaf00, 0xaf00, 0xaf00, 0xaf00, 0xaf00,
    0xaf00, 0xaf01, 0xaf01, 0xaf02, 0xaf02, 0xaf02, 0xaf03, 0xaf03, 0xaf03, 0xaf04, 0xaf04, 0xaf04, 0xaf05, 0xaf05, 0xaf05, 0xaf06,
    0xaf06, 0xaf06, 0xaf07, 0xaf07, 0xaf07, 0xaf08, 0xaf08, 0xaf08, 0xaf09, 0xaf09, 0xaf09, 0xaf0a, 0xaf0a, 0xaf0a, 0xaf0b, 0xaf0b,
    0xaf0b, 0xaf0c, 0xaf0c, 0xaf0c, 0xaf0d, 0xaf0d, 0xaf0d, 0xaf0e, 0xaf0e, 0xaf0e, 0xaf0f, 0xaf0f, 0xaf0f, 0xaf0f, 0xaf10, 0xaf10,
    0xaf10, 0xaf11, 0xaf11, 0xaf11, 0xaf12, 0xaf12, 0xaf12, 0xaf12, 0xaf13, 0xaf13, 0xaf13, 0xaf14, 0xaf14, 0xaf14, 0xaf15, 0xaf15,
    0xaf15, 0xaf15, 0xaf16, 0xaf16, 0xaf16, 0xaf17, 0xaf17, 0xaf17, 0xaf17, 0xaf18, 0xaf18, 0xaf18, 0xaf19, 0xaf19, 0xaf19, 0xaf19,
    0xaf1a, 0xaf1a, 0xaf1a, 0xaf1a, 0xaf1b, 0xaf1b, 0xaf1b, 0xaf1c, 0xaf1c, 0xaf1c, 0xaf1c, 0xaf1d, 0xaf1d, 0xaf1d, 0xaf1d, 0xaf1e,
    0xaf1e, 0xaf1e, 0xaf1e, 0xaf1f, 0xaf1f, 0xaf1f, 0xaf1f, 0xaf20, 0xaf20, 0xaf20, 0xaf20, 0xaf21, 0xaf21, 0xaf21, 0xaf22, 0xaf22,
    0xaf22, 0xaf22, 0xaf23, 0xaf23, 0xaf23, 0xaf23, 0xaf24, 0xaf24, 0xaf24, 0xaf24, 0xaf24, 0xaf25, 0xaf25, 0xaf25, 0xaf25, 0xaf26,
    0xaf26, 0xaf26, 0xaf26, 0xaf27, 0xaf27, 0xaf27, 0xaf27, 0xaf28, 0xaf28, 0xaf28, 0xaf28, 0xaf29, 0xaf29, 0xaf29, 0xaf29, 0xaf29,
    0xaf2a, 0xaf2a, 0xaf2a, 0xaf2a, 0xaf2b, 0xaf2b, 0xaf2b, 0xaf2b, 0xaf2c, 0xaf2c, 0xaf2c, 0xaf2c, 0xaf2c, 0xaf2d, 0xaf2d, 0xaf2d,
    0xaf2d, 0xaf2e, 0xaf2e, 0xaf2e, 0xaf2e, 0xaf2e, 0xaf2f, 0xaf2f, 0xaf2f, 0xaf2f, 0xaf30, 0xaf30, 0xaf30, 0xaf30, 0xaf30, 0xaf31,
    0xaf31, 0xaf31, 0xaf31, 0xaf31, 0xaf32, 0xaf32, 0xaf32, 0xaf32, 0xaf33, 0xaf33, 0xaf33, 0xaf33, 0xaf33, 0xaf34, 0xaf34, 0xaf34,
    0xaf34, 0xaf34, 0xaf35, 0xaf35, 0xaf35, 0xaf35, 0xaf35, 0xaf36, 0xaf36, 0xaf36, 0xaf36, 0xaf36, 0xaf37, 0xaf37, 0xaf37, 0xaf37,
    0xaf37, 0xaf38, 0xaf38, 0xaf38, 0xaf38, 0xaf38, 0xaf39, 0xaf39, 0xaf39, 0xaf39, 0xaf39, 0xaf3a, 0xaf3a, 0xaf3a, 0xaf3a, 0xaf3a,
    0xaf3b, 0xaf3b, 0xaf3b, 0xaf3b, 0xaf3b, 0xaf3b, 0xaf3c, 0xaf3c, 0xaf3c, 0xaf3c, 0xaf3c, 0xaf3d, 0xaf3d, 0xaf3d, 0xaf3d, 0xaf3d,
    0xaf3e, 0xaf3e, 0xaf3e, 0xaf3e, 0xaf3e, 0xaf3e, 0xaf3f, 0xaf3f, 0xaf3f, 0xaf3f, 0xaf3f, 0xaf40, 0xaf40, 0xaf40, 0xaf40, 0xaf40,
    0xaf40, 0xaf41, 0xaf41, 0xaf42, 0xaf42, 0xaf42, 0xaf43, 0xaf43, 0xaf43, 0xaf44, 0xaf44, 0xaf44, 0xaf45, 0xaf45, 0xaf45, 0xaf46,
    0xaf46, 0xaf46, 0xaf47, 0xaf47, 0xaf47, 0xaf48, 0xaf48, 0xaf48, 0xaf49, 0xaf49, 0xaf49, 0xaf4a, 0xaf4a, 0xaf4a, 0xaf4b, 0xaf4b,
    0xaf4b, 0xaf4c, 0xaf4c, 0xaf4c, 0xaf4d, 0xaf4d, 0xaf4d, 0xaf4e, 0xaf4e, 0xaf4e, 0xaf4f, 0xaf4f, 0xaf4f, 0xaf4f, 0xaf50, 0xaf50,
    0xaf50, 0xaf51, 0xaf51, 0xaf51, 0xaf52, 0xaf52, 0xaf52, 0xaf52, 0xaf53, 0xaf53, 0xaf53, 0xaf54, 0xaf54, 0xaf54, 0xaf55, 0xaf55,
    0xaf55, 0xaf55, 0xaf56, 0xaf56, 0xaf56, 0xaf57, 0xaf57, 0xaf57, 0xaf57, 0xaf58, 0xaf58, 0xaf58, 0xaf59, 0xaf59, 0xaf59, 0xaf59,
    0xaf5a, 0xaf5a, 0xaf5a, 0xaf5a, 0xaf5b, 0xaf5b, 0xaf5b, 0xaf5c, 0xaf5c, 0xaf5c, 0xaf5c, 0xaf5d, 0xaf5d, 0xaf5d, 0xaf5d, 0xaf5e,
    0xaf5e, 0xaf5e, 0xaf5e, 0xaf5f, 0xaf5f, 0xaf5f, 0xaf5f, 0xaf60, 0xaf60, 0xaf60, 0xaf60, 0xaf61, 0xaf61, 0xaf61, 0xaf62, 0xaf62,
    0xaf62, 0xaf62, 0xaf63, 0xaf63, 0xaf63, 0xaf63, 0xaf64, 0xaf64, 0xaf64, 0xaf64, 0xaf64, 0xaf65, 0xaf65, 0xaf65, 0xaf65, 0xaf66,
    0xaf66, 0xaf66, 0xaf66, 0xaf67, 0xaf67, 0xaf67, 0xaf67, 0xaf68, 0xaf68, 0xaf68, 0xaf68, 0xaf69, 0xaf69, 0xaf69, 0xaf69, 0xaf69,
    0xaf6a, 0xaf6a, 0xaf6a, 0xaf6a, 0xaf6b, 0xaf6b, 0xaf6b, 0xaf6b, 0xaf6c, 0xaf6c, 0xaf6c, 0xaf6c, 0xaf6c, 0xaf6d, 0xaf6d, 0xaf6d,
    0xaf6d, 0xaf6e, 0xaf6e, 0xaf6e, 0xaf6e, 0xaf6e, 0xaf6f, 0xaf6f, 0xaf6f, 0xaf6f, 0xaf70, 0xaf70, 0xaf70, 0xaf70, 0xaf70, 0xaf71,
    0xaf71, 0xaf71, 0xaf71, 0xaf71, 0xaf72, 0xaf72, 0xaf72, 0xaf72, 0xaf73, 0xaf73, 0xaf73, 0xaf73, 0xaf73, 0xaf74, 0xaf74, 0xaf74,
    0xaf74, 0xaf74, 0xaf75, 0xaf75, 0xaf75, 0xaf75, 0xaf75, 0xaf76, 0xaf76, 0xaf76, 0xaf76, 0xaf76, 0xaf77, 0xaf77, 0xaf77, 0xaf77,
    0xaf77, 0xaf78, 0xaf78, 0xaf78, 0xaf78, 0xaf78, 0xaf79, 0xaf79, 0xaf79, 0xaf79, 0xaf79, 0xaf7a, 0xaf7a, 0xaf7a, 0xaf7a, 0xaf7a,
    0xaf7b, 0xaf7b, 0xaf7b, 0xaf7b, 0xaf7b, 0xaf7b, 0xaf7c, 0xaf7c, 0xaf7c, 0xaf7c, 0xaf7c, 0xaf7d, 0xaf7d, 0xaf7d, 0xaf7d, 0xaf7d,
    0xaf7e, 0xaf7e, 0xaf7e, 0xaf7e, 0xaf7e, 0xaf7e, 0xaf7f, 0xaf7f, 0xaf7f, 0xaf7f, 0xaf7f, 0xaf80, 0xaf80, 0xaf80, 0xaf80, 0xaf80,
    0xaf80, 0xaf81, 0xaf81, 0xaf82, 0xaf82, 0xaf82, 0xaf83, 0xaf83, 0xaf83, 0xaf84, 0xaf84, 0xaf84, 0xaf85, 0xaf85, 0xaf85, 0xaf86,
    0xaf86, 0xaf86, 0xaf87, 0xaf87, 0xaf87, 0xaf88, 0xaf88, 0xaf88, 0xaf89, 0xaf89, 0xaf89, 0xaf8a, 0xaf8a, 0xaf8a, 0xaf8b, 0xaf8b,
    0xaf8b, 0xaf8c, 0xaf8c, 0xaf8c, 0xaf8d, 0xaf8d, 0xaf8d, 0xaf8e, 0xaf8e, 0xaf8e, 0xaf8f, 0xaf8f, 0xaf8f, 0xaf8f, 0xaf90, 0xaf90,
    0xaf90, 0xaf91, 0xaf91, 0xaf91, 0xaf92, 0xaf92, 0xaf92, 0xaf92, 0xaf93, 0xaf93, 0xaf93, 0xaf94, 0xaf94, 0xaf94, 0xaf95, 0xaf95,
    0xaf95, 0xaf95, 0xaf96, 0xaf96, 0xaf96, 0xaf97, 0xaf97, 0xaf97, 0xaf97, 0xaf98, 0xaf98, 0xaf98, 0xaf99, 0xaf99, 0xaf99, 0xaf99,
    0xaf9a, 0xaf9a, 0xaf9a, 0xaf9a, 0xaf9b, 0xaf9b, 0xaf9b, 0xaf9c, 0xaf9c, 0xaf9c, 0xaf9c, 0xaf9d, 0xaf9d, 0xaf9d, 0xaf9d, 0xaf9e,
    0xaf9e, 0xaf9e, 0xaf9e, 0xaf9f, 0xaf9f, 0xaf9f, 0xaf9f, 0xafa0, 0xafa0, 0xafa0, 0xafa0, 0xafa1, 0xafa1, 0xafa1, 0xafa2, 0xafa2,
    0xafa2, 0xafa2, 0xafa3, 0xafa3, 0xafa3, 0xafa3, 0xafa4, 0xafa4, 0xafa4, 0xafa4, 0xafa4, 0xafa5, 0xafa5, 0xafa5, 0xafa5, 0xafa6,
    0xafa6, 0xafa6, 0xafa6, 0xafa7, 0xafa7, 0xafa7, 0xafa7, 0xafa8, 0xafa8, 0xafa8, 0xafa8, 0xafa9, 0xafa9, 0xafa9, 0xafa9, 0xafa9,
    0xafaa, 0xafaa, 0xafaa, 0xafaa, 0xafab, 0xafab, 0xafab, 0xafab, 0xafac, 0xafac, 0xafac, 0xafac, 0xafac, 0xafad, 0xafad, 0xafad,
    0xafad, 0xafae, 0xafae, 0xafae, 0xafae, 0xafae, 0xafaf, 0xafaf, 0xafaf, 0xafaf, 0xafb0, 0xafb0, 0xafb0, 0xafb0, 0xafb0, 0xafb1,
    0xafb1, 0xafb1, 0xafb1, 0xafb1, 0xafb2, 0xafb2, 0xafb2, 0xafb2, 0xafb3, 0xafb3, 0xafb3, 0xafb3, 0xafb3, 0xafb4, 0xafb4, 0xafb4,
    0xafb4, 0xafb4, 0xafb5, 0xafb5, 0xafb5, 0xafb5, 0xafb5, 0xafb6, 0xafb6, 0xafb6, 0xafb6, 0xafb6, 0xafb7, 0xafb7, 0xafb7, 0xafb7,
    0xafb7, 0xafb8, 0xafb8, 0xafb8, 0xafb8, 0xafb8, 0xafb9, 0xafb9, 0xafb9, 0xafb9, 0xafb9, 0xafba, 0xafba, 0xafba, 0xafba, 0xafba,
    0xafbb, 0xafbb, 0xafbb, 0xafbb, 0xafbb, 0xafbb, 0xafbc, 0xafbc, 0xafbc, 0xafbc, 0xafbc, 0xafbd, 0xafbd, 0xafbd, 0xafbd, 0xafbd,
    0xafbe, 0xafbe, 0xafbe, 0xafbe, 0xafbe, 0xafbe, 0xafbf, 0xafbf, 0xafbf, 0xafbf, 0xafbf, 0xafc0, 0xafc0, 0xafc0, 0xafc0, 0xafc0,
    0xafc0, 0xafc1, 0xafc1, 0xafc2, 0xafc2, 0xafc2, 0xafc3, 0xafc3, 0xafc3, 0xafc4, 0xafc4, 0xafc4, 0xafc5, 0xafc5, 0xafc5, 0xafc6,
    0xafc6, 0xafc6, 0xafc7, 0xafc7, 0xafc7, 0xafc8, 0xafc8, 0xafc8, 0xafc9, 0xafc9, 0xafc9, 0xafca, 0xafca, 0xafca, 0xafcb, 0xafcb,
    0xafcb, 0xafcc, 0xafcc, 0xafcc, 0xafcd, 0xafcd, 0xafcd, 0xafce, 0xafce, 0xafce, 0xafcf, 0xafcf, 0xafcf, 0xafcf, 0xafd0, 0xafd0,
    0xafd0, 0xafd1, 0xafd1, 0xafd1, 0xafd2, 0xafd2, 0xafd2, 0xafd2, 0xafd3, 0xafd3, 0xafd3, 0xafd4, 0xafd4, 0xafd4, 0xafd5, 0xafd5,
    0xafd5, 0xafd5, 0xafd6, 0xafd6, 0xafd6, 0xafd7, 0xafd7, 0xafd7, 0xafd7, 0xafd8, 0xafd8, 0xafd8, 0xafd9, 0xafd9, 0xafd9, 0xafd9,
    0xafda, 0xafda, 0xafda, 0xafda, 0xafdb, 0xafdb, 0xafdb, 0xafdc, 0xafdc, 0xafdc, 0xafdc, 0xafdd, 0xafdd, 0xafdd, 0xafdd, 0xafde,
    0xafde, 0xafde, 0xafde, 0xafdf, 0xafdf, 0xafdf, 0xafdf, 0xafe0, 0xafe0, 0xafe0, 0xafe0, 0xafe1, 0xafe1, 0xafe1, 0xafe2, 0xafe2,
    0xafe2, 0xafe2, 0xafe3, 0xafe3, 0xafe3, 0xafe3, 0xafe4, 0xafe4, 0xafe4, 0xafe4, 0xafe4, 0xafe5, 0xafe5, 0xafe5, 0xafe5, 0xafe6,
    0xafe6, 0xafe6, 0xafe6, 0xafe7, 0xafe7, 0xafe7, 0xafe7, 0xafe8, 0xafe8, 0xafe8, 0xafe8, 0xafe9, 0xafe9, 0xafe9, 0xafe9, 0xafe9,
    0xafea, 0xafea, 0xafea, 0xafea, 0xafeb, 0xafeb, 0xafeb, 0xafeb, 0xafec, 0xafec, 0xafec, 0xafec, 0xafec, 0xafed, 0xafed, 0xafed,
    0xafed, 0xafee, 0xafee, 0xafee, 0xafee, 0xafee, 0xafef, 0xafef, 0xafef, 0xafef, 0xaff0, 0xaff0, 0xaff0, 0xaff0, 0xaff0, 0xaff1,
    0xaff1, 0xaff1, 0xaff1, 0xaff1, 0xaff2, 0xaff2, 0xaff2, 0xaff2, 0xaff3, 0xaff3, 0xaff3, 0xaff3, 0xaff3, 0xaff4, 0xaff4, 0xaff4,
    0xaff4, 0xaff4, 0xaff5, 0xaff5, 0xaff5, 0xaff5, 0xaff5, 0xaff6, 0xaff6, 0xaff6, 0xaff6, 0xaff6, 0xaff7, 0xaff7, 0xaff7, 0xaff7,
    0xaff7, 0xaff8, 0xaff8, 0xaff8, 0xaff8, 0xaff8, 0xaff9, 0xaff9, 0xaff9, 0xaff9, 0xaff9, 0xaffa, 0xaffa, 0xaffa, 0xaffa, 0xaffa,
    0xaffb, 0xaffb, 0xaffb, 0xaffb, 0xaffb, 0xaffb, 0xaffc, 0xaffc, 0xaffc, 0xaffc, 0xaffc, 0xaffd, 0xaffd, 0xaffd, 0xaffd, 0xaffd,
    0xaffe, 0xaffe, 0xaffe, 0xaffe, 0xaffe, 0xaffe, 0xafff, 0xafff, 0xafff, 0xafff, 0xafff, 0xb000, 0xb000, 0xb000, 0xb000, 0xb000,
    0xb000, 0xb001, 0xb001, 0xb002, 0xb002, 0xb002, 0xb003, 0xb003, 0xb003, 0xb004, 0xb004, 0xb004, 0xb005, 0xb005, 0xb005, 0xb006,
    0xb006, 0xb007, 0xb007, 0xb007, 0xb008, 0xb008, 0xb008, 0xb009, 0xb009, 0xb009, 0xb00a, 0xb00a, 0xb00a, 0xb00b, 0xb00b, 0xb00b,
    0xb00c, 0xb00c, 0xb00c, 0xb00d, 0xb00d, 0xb00d, 0xb00e, 0xb00e, 0xb00e, 0xb00f, 0xb00f, 0xb00f, 0xb010, 0xb010, 0xb010, 0xb011,
    0xb011, 0xb011, 0xb012, 0xb012, 0xb012, 0xb013, 0xb013, 0xb013, 0xb014, 0xb014, 0xb014, 0xb015, 0xb015, 0xb015, 0xb016, 0xb016,
    0xb016, 0xb017, 0xb017, 0xb017, 0xb018, 0xb018, 0xb018, 0xb018, 0xb019, 0xb019, 0xb019, 0xb01a, 0xb01a, 0xb01a, 0xb01b, 0xb01b,
    0xb01b, 0xb01c, 0xb01c, 0xb01c, 0xb01d, 0xb01d, 0xb01d, 0xb01d, 0xb01e, 0xb01e, 0xb01e, 0xb01f, 0xb01f, 0xb01f, 0xb020, 0xb020,
    0xb020, 0xb021, 0xb021, 0xb021, 0xb021, 0xb022, 0xb022, 0xb022, 0xb023, 0xb023, 0xb023, 0xb024, 0xb024, 0xb024, 0xb024, 0xb025,
    0xb025, 0xb025, 0xb026, 0xb026, 0xb026, 0xb027, 0xb027, 0xb027, 0xb027, 0xb028, 0xb028, 0xb028, 0xb029, 0xb029, 0xb029, 0xb029,
    0xb02a, 0xb02a, 0xb02a, 0xb02b, 0xb02b, 0xb02b, 0xb02b, 0xb02c, 0xb02c, 0xb02c, 0xb02d, 0xb02d, 0xb02d, 0xb02d, 0xb02e, 0xb02e,
    0xb02e, 0xb02f, 0xb02f, 0xb02f, 0xb02f, 0xb030, 0xb030, 0xb030, 0xb031, 0xb031, 0xb031, 0xb031, 0xb032, 0xb032, 0xb032, 0xb032,
    0xb033, 0xb033, 0xb033, 0xb034, 0xb034, 0xb034, 0xb034, 0xb035, 0xb035, 0xb035, 0xb035, 0xb036, 0xb036, 0xb036, 0xb037, 0xb037,
    0xb037, 0xb037, 0xb038, 0xb038, 0xb038, 0xb038, 0xb039, 0xb039, 0xb039, 0xb039, 0xb03a, 0xb03a, 0xb03a, 0xb03b, 0xb03b, 0xb03b,
    0xb03b, 0xb03c, 0xb03c, 0xb03c, 0xb03c, 0xb03d, 0xb03d, 0xb03d, 0xb03d, 0xb03e, 0xb03e, 0xb03e, 0xb03e, 0xb03f, 0xb03f, 0xb03f,
    0xb03f, 0xb040, 0xb040, 0xb040, 0xb040, 0xb041, 0xb041, 0xb041, 0xb041, 0xb042, 0xb042, 0xb042, 0xb043, 0xb043, 0xb043, 0xb043,
    0xb044, 0xb044, 0xb044, 0xb044, 0xb045, 0xb045, 0xb045, 0xb045, 0xb046, 0xb046, 0xb046, 0xb046, 0xb047, 0xb047, 0xb047, 0xb047,
    0xb047, 0xb048, 0xb048, 0xb048, 0xb048, 0xb049, 0xb049, 0xb049, 0xb049, 0xb04a, 0xb04a, 0xb04a, 0xb04a, 0xb04b, 0xb04b, 0xb04b,
    0xb04b, 0xb04c, 0xb04c, 0xb04c, 0xb04c, 0xb04d, 0xb04d, 0xb04d, 0xb04d, 0xb04e, 0xb04e, 0xb04e, 0xb04e, 0xb04e, 0xb04f, 0xb04f,
    0xb04f, 0xb04f, 0xb050, 0xb050, 0xb050, 0xb050, 0xb051, 0xb051, 0xb051, 0xb051, 0xb052, 0xb052, 0xb052, 0xb052, 0xb052, 0xb053,
    0xb053, 0xb053, 0xb053, 0xb054, 0xb054, 0xb054, 0xb054, 0xb055, 0xb055, 0xb055, 0xb055, 0xb055, 0xb056, 0xb056, 0xb056, 0xb056,
    0xb057, 0xb057, 0xb057, 0xb057, 0xb057, 0xb058, 0xb058, 0xb058, 0xb058, 0xb059, 0xb059, 0xb059, 0xb059, 0xb059, 0xb05a, 0xb05a,
    0xb05a, 0xb05a, 0xb05b, 0xb05b, 0xb05b, 0xb05b, 0xb05b, 0xb05c, 0xb05c, 0xb05c, 0xb05c, 0xb05d, 0xb05d, 0xb05d, 0xb05d, 0xb05d,
    0xb05e, 0xb05e, 0xb05e, 0xb05e, 0xb05f, 0xb05f, 0xb05f, 0xb05f, 0xb05f, 0xb060, 0xb060, 0xb060, 0xb060, 0xb060, 0xb061, 0xb061,
    0xb061, 0xb061, 0xb062, 0xb062, 0xb062, 0xb062, 0xb062, 0xb063, 0xb063, 0xb063, 0xb063, 0xb063, 0xb064, 0xb064, 0xb064, 0xb064,
    0xb065, 0xb065, 0xb065, 0xb065, 0xb065, 0xb066, 0xb066, 0xb066, 0xb066, 0xb066, 0xb067, 0xb067, 0xb067, 0xb067, 0xb067, 0xb068,
    0xb068, 0xb068, 0xb068, 0xb068, 0xb069, 0xb069, 0xb069, 0xb069, 0xb069, 0xb06a, 0xb06a, 0xb06a, 0xb06a, 0xb06b, 0xb06b, 0xb06b,
    0xb06b, 0xb06b, 0xb06c, 0xb06c, 0xb06c, 0xb06c, 0xb06c, 0xb06d, 0xb06d, 0xb06d, 0xb06d, 0xb06d, 0xb06e, 0xb06e, 0xb06e, 0xb06e,
    0xb06e, 0xb06f, 0xb06f, 0xb06f, 0xb06f, 0xb06f, 0xb070, 0xb070, 0xb070, 0xb070, 0xb070, 0xb070, 0xb071, 0xb071, 0xb071, 0xb071,
    0xb071, 0xb072, 0xb072, 0xb072, 0xb072, 0xb072, 0xb073, 0xb073, 0xb073, 0xb073, 0xb073, 0xb074, 0xb074, 0xb074, 0xb074, 0xb074,
    0xb075, 0xb075, 0xb075, 0xb075, 0xb075, 0xb076, 0xb076, 0xb076, 0xb076, 0xb076, 0xb076, 0xb077, 0xb077, 0xb077, 0xb077, 0xb077,
    0xb078, 0xb078, 0xb078, 0xb078, 0xb078, 0xb079, 0xb079, 0xb079, 0xb079, 0xb079, 0xb07a, 0xb07a, 0xb07a, 0xb07a, 0xb07a, 0xb07a,
    0xb07b, 0xb07b, 0xb07b, 0xb07b, 0xb07b, 0xb07c, 0xb07c, 0xb07c, 0xb07c, 0xb07c, 0xb07c, 0xb07d, 0xb07d, 0xb07d, 0xb07d, 0xb07d,
    0xb07e, 0xb07e, 0xb07e, 0xb07e, 0xb07e, 0xb07f, 0xb07f, 0xb07f, 0xb07f, 0xb07f, 0xb07f, 0xb080, 0xb080, 0xb080, 0xb080, 0xb080,
    0xb080, 0xb081, 0xb081, 0xb082, 0xb082, 0xb082, 0xb083, 0xb083, 0xb083, 0xb084, 0xb084, 0xb084, 0xb085, 0xb085, 0xb085, 0xb086,
    0xb086, 0xb087, 0xb087, 0xb087, 0xb088, 0xb088, 0xb088, 0xb089, 0xb089, 0xb089, 0xb08a, 0xb08a, 0xb08a, 0xb08b, 0xb08b, 0xb08b,
    0xb08c, 0xb08c, 0xb08c, 0xb08d, 0xb08d, 0xb08d, 0xb08e, 0xb08e, 0xb08e, 0xb08f, 0xb08f, 0xb08f, 0xb090, 0xb090, 0xb090, 0xb091,
    0xb091, 0xb091, 0xb092, 0xb092, 0xb092, 0xb093, 0xb093, 0xb093, 0xb094, 0xb094, 0xb094, 0xb095, 0xb095, 0xb095, 0xb096, 0xb096,
    0xb096, 0xb097, 0xb097, 0xb097, 0xb098, 0xb098, 0xb098, 0xb098, 0xb099, 0xb099, 0xb099, 0xb09a, 0xb09a, 0xb09a, 0xb09b, 0xb09b,
    0xb09b, 0xb09c, 0xb09c, 0xb09c, 0xb09d, 0xb09d, 0xb09d, 0xb09d, 0xb09e, 0xb09e, 0xb09e, 0xb09f, 0xb09f, 0xb09f, 0xb0a0, 0xb0a0,
    0xb0a0, 0xb0a1, 0xb0a1, 0xb0a1, 0xb0a1, 0xb0a2, 0xb0a2, 0xb0a2, 0xb0a3, 0xb0a3, 0xb0a3, 0xb0a4, 0xb0a4, 0xb0a4, 0xb0a4, 0xb0a5,
    0xb0a5, 0xb0a5, 0xb0a6, 0xb0a6, 0xb0a6, 0xb0a7, 0xb0a7, 0xb0a7, 0xb0a7, 0xb0a8, 0xb0a8, 0xb0a8, 0xb0a9, 0xb0a9, 0xb0a9, 0xb0a9,
    0xb0aa, 0xb0aa, 0xb0aa, 0xb0ab, 0xb0ab, 0xb0ab, 0xb0ab, 0xb0ac, 0xb0ac, 0xb0ac, 0xb0ad, 0xb0ad, 0xb0ad, 0xb0ad, 0xb0ae, 0xb0ae,
    0xb0ae, 0xb0af, 0xb0af, 0xb0af, 0xb0af, 0xb0b0, 0xb0b0, 0xb0b0, 0xb0b1, 0xb0b1, 0xb0b1, 0xb0b1, 0xb0b2, 0xb0b2, 0xb0b2, 0xb0b2,
    0xb0b3, 0xb0b3, 0xb0b3, 0xb0b4, 0xb0b4, 0xb0b4, 0xb0b4, 0xb0b5, 0xb0b5, 0xb0b5, 0xb0b5, 0xb0b6, 0xb0b6, 0xb0b6, 0xb0b7, 0xb0b7,
    0xb0b7, 0xb0b7, 0xb0b8, 0xb0b8, 0xb0b8, 0xb0b8, 0xb0b9, 0xb0b9, 0xb0b9, 0xb0b9, 0xb0ba, 0xb0ba, 0xb0ba, 0xb0bb, 0xb0bb, 0xb0bb,
    0xb0bb, 0xb0bc, 0xb0bc, 0xb0bc, 0xb0bc, 0xb0bd, 0xb0bd, 0xb0bd, 0xb0bd, 0xb0be, 0xb0be, 0xb0be, 0xb0be, 0xb0bf, 0xb0bf, 0xb0bf,
    0xb0bf, 0xb0c0, 0xb0c0, 0xb0c0, 0xb0c0, 0xb0c1, 0xb0c1, 0xb0c1, 0xb0c1, 0xb0c2, 0xb0c2, 0xb0c2, 0xb0c3, 0xb0c3, 0xb0c3, 0xb0c3,
    0xb0c4, 0xb0c4, 0xb0c4, 0xb0c4, 0xb0c5, 0xb0c5, 0xb0c5, 0xb0c5, 0xb0c6, 0xb0c6, 0xb0c6, 0xb0c6, 0xb0c7, 0xb0c7, 0xb0c7, 0xb0c7,
    0xb0c7, 0xb0c8, 0xb0c8, 0xb0c8, 0xb0c8, 0xb0c9, 0xb0c9, 0xb0c9, 0xb0c9, 0xb0ca, 0xb0ca, 0xb0ca, 0xb0ca, 0xb0cb, 0xb0cb, 0xb0cb,
    0xb0cb, 0xb0cc, 0xb0cc, 0xb0cc, 0xb0cc, 0xb0cd, 0xb0cd, 0xb0cd, 0xb0cd, 0xb0ce, 0xb0ce, 0xb0ce, 0xb0ce, 0xb0ce, 0xb0cf, 0xb0cf,
    0xb0cf, 0xb0cf, 0xb0d0, 0xb0d0, 0xb0d0, 0xb0d0, 0xb0d1, 0xb0d1, 0xb0d1, 0xb0d1, 0xb0d2, 0xb0d2, 0xb0d2, 0xb0d2, 0xb0d2, 0xb0d3,
    0xb0d3, 0xb0d3, 0xb0d3, 0xb0d4, 0xb0d4, 0xb0d4, 0xb0d4, 0xb0d5, 0xb0d5, 0xb0d5, 0xb0d5, 0xb0d5, 0xb0d6, 0xb0d6, 0xb0d6, 0xb0d6,
    0xb0d7, 0xb0d7, 0xb0d7, 0xb0d7, 0xb0d7, 0xb0d8, 0xb0d8, 0xb0d8, 0xb0d8, 0xb0d9, 0xb0d9, 0xb0d9, 0xb0d9, 0xb0d9, 0xb0da, 0xb0da,
    0xb0da, 0xb0da, 0xb0db, 0xb0db, 0xb0db, 0xb0db, 0xb0db, 0xb0dc, 0xb0dc, 0xb0dc, 0xb0dc, 0xb0dd, 0xb0dd, 0xb0dd, 0xb0dd, 0xb0dd,
    0xb0de, 0xb0de, 0xb0de, 0xb0de, 0xb0df, 0xb0df, 0xb0df, 0xb0df, 0xb0df, 0xb0e0, 0xb0e0, 0xb0e0, 0xb0e0, 0xb0e0, 0xb0e1, 0xb0e1,
    0xb0e1, 0xb0e1, 0xb0e2, 0xb0e2, 0xb0e2, 0xb0e2, 0xb0e2, 0xb0e3, 0xb0e3, 0xb0e3, 0xb0e3, 0xb0e3, 0xb0e4, 0xb0e4, 0xb0e4, 0xb0e4,
    0xb0e5, 0xb0e5, 0xb0e5, 0xb0e5, 0xb0e5, 0xb0e6, 0xb0e6, 0xb0e6, 0xb0e6, 0xb0e6, 0xb0e7, 0xb0e7, 0xb0e7, 0xb0e7, 0xb0e7, 0xb0e8,
    0xb0e8, 0xb0e8, 0xb0e8, 0xb0e8, 0xb0e9, 0xb0e9, 0xb0e9, 0xb0e9, 0xb0e9, 0xb0ea, 0xb0ea, 0xb0ea, 0xb0ea, 0xb0eb, 0xb0eb, 0xb0eb,
    0xb0eb, 0xb0eb, 0xb0ec, 0xb0ec, 0xb0ec, 0xb0ec, 0xb0ec, 0xb0ed, 0xb0ed, 0xb0ed, 0xb0ed, 0xb0ed, 0xb0ee, 0xb0ee, 0xb0ee, 0xb0ee,
    0xb0ee, 0xb0ef, 0xb0ef, 0xb0ef, 0xb0ef, 0xb0ef, 0xb0f0, 0xb0f0, 0xb0f0, 0xb0f0, 0xb0f0, 0xb0f0, 0xb0f1, 0xb0f1, 0xb0f1, 0xb0f1,
    0xb0f1, 0xb0f2, 0xb0f2, 0xb0f2, 0xb0f2, 0xb0f2, 0xb0f3, 0xb0f3, 0xb0f3, 0xb0f3, 0xb0f3, 0xb0f4, 0xb0f4, 0xb0f4, 0xb0f4, 0xb0f4,
    0xb0f5, 0xb0f5, 0xb0f5, 0xb0f5, 0xb0f5, 0xb0f6, 0xb0f6, 0xb0f6, 0xb0f6, 0xb0f6, 0xb0f6, 0xb0f7, 0xb0f7, 0xb0f7, 0xb0f7, 0xb0f7,
    0xb0f8, 0xb0f8, 0xb0f8, 0xb0f8, 0xb0f8, 0xb0f9, 0xb0f9, 0xb0f9, 0xb0f9, 0xb0f9, 0xb0fa, 0xb0fa, 0xb0fa, 0xb0fa, 0xb0fa, 0xb0fa,
    0xb0fb, 0xb0fb, 0xb0fb, 0xb0fb, 0xb0fb, 0xb0fc, 0xb0fc, 0xb0fc, 0xb0fc, 0xb0fc, 0xb0fc, 0xb0fd, 0xb0fd, 0xb0fd, 0xb0fd, 0xb0fd,
    0xb0fe, 0xb0fe, 0xb0fe, 0xb0fe, 0xb0fe, 0xb0ff, 0xb0ff, 0xb0ff, 0xb0ff, 0xb0ff, 0xb0ff, 0xb100, 0xb100, 0xb100, 0xb100, 0xb100,
    0xb100, 0xb101, 0xb101, 0xb102, 0xb102, 0xb102, 0xb103, 0xb103, 0xb103, 0xb104, 0xb104, 0xb104, 0xb105, 0xb105, 0xb105, 0xb106,
    0xb106, 0xb107, 0xb107, 0xb107, 0xb108, 0xb108, 0xb108, 0xb109, 0xb109, 0xb109, 0xb10a, 0xb10a, 0xb10a, 0xb10b, 0xb10b, 0xb10b,
    0xb10c, 0xb10c, 0xb10c, 0xb10d, 0xb10d, 0xb10d, 0xb10e, 0xb10e, 0xb10e, 0xb10f, 0xb10f, 0xb10f, 0xb110, 0xb110, 0xb110, 0xb111,
    0xb111, 0xb111, 0xb112, 0xb112, 0xb112, 0xb113, 0xb113, 0xb113, 0xb114, 0xb114, 0xb114, 0xb115, 0xb115, 0xb115, 0xb116, 0xb116,
    0xb116, 0xb117, 0xb117, 0xb117, 0xb118, 0xb118, 0xb118, 0xb118, 0xb119, 0xb119, 0xb119, 0xb11a, 0xb11a, 0xb11a, 0xb11b, 0xb11b,
    0xb11b, 0xb11c, 0xb11c, 0xb11c, 0xb11d, 0xb11d, 0xb11d, 0xb11d, 0xb11e, 0xb11e, 0xb11e, 0xb11f, 0xb11f, 0xb11f, 0xb120, 0xb120,
    0xb120, 0xb121, 0xb121, 0xb121, 0xb121, 0xb122, 0xb122, 0xb122, 0xb123, 0xb123, 0xb123, 0xb124, 0xb124, 0xb124, 0xb124, 0xb125,
    0xb125, 0xb125, 0xb126, 0xb126, 0xb126, 0xb127, 0xb127, 0xb127, 0xb127, 0xb128, 0xb128, 0xb128, 0xb129, 0xb129, 0xb129, 0xb129,
    0xb12a, 0xb12a, 0xb12a, 0xb12b, 0xb12b, 0xb12b, 0xb12b, 0xb12c, 0xb12c, 0xb12c, 0xb12d, 0xb12d, 0xb12d, 0xb12d, 0xb12e, 0xb12e,
    0xb12e, 0xb12f, 0xb12f, 0xb12f, 0xb12f, 0xb130, 0xb130, 0xb130, 0xb131, 0xb131, 0xb131, 0xb131, 0xb132, 0xb132, 0xb132, 0xb132,
    0xb133, 0xb133, 0xb133, 0xb134, 0xb134, 0xb134, 0xb134, 0xb135, 0xb135, 0xb135, 0xb135, 0xb136, 0xb136, 0xb136, 0xb137, 0xb137,
    0xb137, 0xb137, 0xb138, 0xb138, 0xb138, 0xb138, 0xb139, 0xb139, 0xb139, 0xb139, 0xb13a, 0xb13a, 0xb13a, 0xb13b, 0xb13b, 0xb13b,
    0xb13b, 0xb13c, 0xb13c, 0xb13c, 0xb13c, 0xb13d, 0xb13d, 0xb13d, 0xb13d, 0xb13e, 0xb13e, 0xb13e, 0xb13e, 0xb13f, 0xb13f, 0xb13f,
    0xb13f, 0xb140, 0xb140, 0xb140, 0xb140, 0xb141, 0xb141, 0xb141, 0xb141, 0xb142, 0xb142, 0xb142, 0xb143, 0xb143, 0xb143, 0xb143,
    0xb144, 0xb144, 0xb144, 0xb144, 0xb145, 0xb145, 0xb145, 0xb145, 0xb146, 0xb146, 0xb146, 0xb146, 0xb147, 0xb147, 0xb147, 0xb147,
    0xb147, 0xb148, 0xb148, 0xb148, 0xb148, 0xb149, 0xb149, 0xb149, 0xb149, 0xb14a, 0xb14a, 0xb14a, 0xb14a, 0xb14b, 0xb14b, 0xb14b,
    0xb14b, 0xb14c, 0xb14c, 0xb14c, 0xb14c, 0xb14d, 0xb14d, 0xb14d, 0xb14d, 0xb14e, 0xb14e, 0xb14e, 0xb14e, 0xb14e, 0xb14f, 0xb14f,
    0xb14f, 0xb14f, 0xb150, 0xb150, 0xb150, 0xb150, 0xb151, 0xb151, 0xb151, 0xb151, 0xb152, 0xb152, 0xb152, 0xb152, 0xb152, 0xb153,
    0xb153, 0xb153, 0xb153, 0xb154, 0xb154, 0xb154, 0xb154, 0xb155, 0xb155, 0xb155, 0xb155, 0xb155, 0xb156, 0xb156, 0xb156, 0xb156,
    0xb157, 0xb157, 0xb157, 0xb157, 0xb157, 0xb158, 0xb158, 0xb158, 0xb158, 0xb159, 0xb159, 0xb159, 0xb159, 0xb159, 0xb15a, 0xb15a,
    0xb15a, 0xb15a, 0xb15b, 0xb15b, 0xb15b, 0xb15b, 0xb15b, 0xb15c, 0xb15c, 0xb15c, 0xb15c, 0xb15d, 0xb15d, 0xb15d, 0xb15d, 0xb15d,
    0xb15e, 0xb15e, 0xb15e, 0xb15e, 0xb15f, 0xb15f, 0xb15f, 0xb15f, 0xb15f, 0xb160, 0xb160, 0xb160, 0xb160, 0xb160, 0xb161, 0xb161,
    0xb161, 0xb161, 0xb162, 0xb162, 0xb162, 0xb162, 0xb162, 0xb163, 0xb163, 0xb163, 0xb163, 0xb163, 0xb164, 0xb164, 0xb164, 0xb164,
    0xb165, 0xb165, 0xb165, 0xb165, 0xb165, 0xb166, 0xb166, 0xb166, 0xb166, 0xb166, 0xb167, 0xb167, 0xb167, 0xb167, 0xb167, 0xb168,
    0xb168, 0xb168, 0xb168, 0xb168, 0xb169, 0xb169, 0xb169, 0xb169, 0xb169, 0xb16a, 0xb16a, 0xb16a, 0xb16a, 0xb16b, 0xb16b, 0xb16b,
    0xb16b, 0xb16b, 0xb16c, 0xb16c, 0xb16c, 0xb16c, 0xb16c, 0xb16d, 0xb16d, 0xb16d, 0xb16d, 0xb16d, 0xb16e, 0xb16e, 0xb16e, 0xb16e,
    0xb16e, 0xb16f, 0xb16f, 0xb16f, 0xb16f, 0xb16f, 0xb170, 0xb170, 0xb170, 0xb170, 0xb170, 0xb170, 0xb171, 0xb171, 0xb171, 0xb171,
    0xb171, 0xb172, 0xb172, 0xb172, 0xb172, 0xb172, 0xb173, 0xb173, 0xb173, 0xb173, 0xb173, 0xb174, 0xb174, 0xb174, 0xb174, 0xb174,
    0xb175, 0xb175, 0xb175, 0xb175, 0xb175, 0xb176, 0xb176, 0xb176, 0xb176, 0xb176, 0xb176, 0xb177, 0xb177, 0xb177, 0xb177, 0xb177,
    0xb178, 0xb178, 0xb178, 0xb178, 0xb178, 0xb179, 0xb179, 0xb179, 0xb179, 0xb179, 0xb17a, 0xb17a, 0xb17a, 0xb17a, 0xb17a, 0xb17a,
    0xb17b, 0xb17b, 0xb17b, 0xb17b, 0xb17b, 0xb17c, 0xb17c, 0xb17c, 0xb17c, 0xb17c, 0xb17c, 0xb17d, 0xb17d, 0xb17d, 0xb17d, 0xb17d,
    0xb17e, 0xb17e, 0xb17e, 0xb17e, 0xb17e, 0xb17f, 0xb17f, 0xb17f, 0xb17f, 0xb17f, 0xb17f, 0xb180, 0xb180, 0xb180, 0xb180, 0xb180,
    0xb180, 0xb181, 0xb181, 0xb182, 0xb182, 0xb182, 0xb183, 0xb183, 0xb183, 0xb184, 0xb184, 0xb184, 0xb185, 0xb185, 0xb185, 0xb186,
    0xb186, 0xb187, 0xb187, 0xb187, 0xb188, 0xb188, 0xb188, 0xb189, 0xb189, 0xb189, 0xb18a, 0xb18a, 0xb18a, 0xb18b, 0xb18b, 0xb18b,
    0xb18c, 0xb18c, 0xb18c, 0xb18d, 0xb18d, 0xb18d, 0xb18e, 0xb18e, 0xb18e, 0xb18f, 0xb18f, 0xb18f, 0xb190, 0xb190, 0xb190, 0xb191,
    0xb191, 0xb191, 0xb192, 0xb192, 0xb192, 0xb193, 0xb193, 0xb193, 0xb194, 0xb194, 0xb194, 0xb195, 0xb195, 0xb195, 0xb196, 0xb196,
    0xb196, 0xb197, 0xb197, 0xb197, 0xb198, 0xb198, 0xb198, 0xb198, 0xb199, 0xb199, 0xb199, 0xb19a, 0xb19a, 0xb19a, 0xb19b, 0xb19b,
    0xb19b, 0xb19c, 0xb19c, 0xb19c, 0xb19d, 0xb19d, 0xb19d, 0xb19d, 0xb19e, 0xb19e, 0xb19e, 0xb19f, 0xb19f, 0xb19f, 0xb1a0, 0xb1a0,
    0xb1a0, 0xb1a1, 0xb1a1, 0xb1a1, 0xb1a1, 0xb1a2, 0xb1a2, 0xb1a2, 0xb1a3, 0xb1a3, 0xb1a3, 0xb1a4, 0xb1a4, 0xb1a4, 0xb1a4, 0xb1a5,
    0xb1a5, 0xb1a5, 0xb1a6, 0xb1a6, 0xb1a6, 0xb1a7, 0xb1a7, 0xb1a7, 0xb1a7, 0xb1a8, 0xb1a8, 0xb1a8, 0xb1a9, 0xb1a9, 0xb1a9, 0xb1a9,
    0xb1aa, 0xb1aa, 0xb1aa, 0xb1ab, 0xb1ab, 0xb1ab, 0xb1ab, 0xb1ac, 0xb1ac, 0xb1ac, 0xb1ad, 0xb1ad, 0xb1ad, 0xb1ad, 0xb1ae, 0xb1ae,
    0xb1ae, 0xb1af, 0xb1af, 0xb1af, 0xb1af, 0xb1b0, 0xb1b0, 0xb1b0, 0xb1b1, 0xb1b1, 0xb1b1, 0xb1b1, 0xb1b2, 0xb1b2, 0xb1b2, 0xb1b2,
    0xb1b3, 0xb1b3, 0xb1b3, 0xb1b4, 0xb1b4, 0xb1b4, 0xb1b4, 0xb1b5, 0xb1b5, 0xb1b5, 0xb1b5, 0xb1b6, 0xb1b6, 0xb1b6, 0xb1b7, 0xb1b7,
    0xb1b7, 0xb1b7, 0xb1b8, 0xb1b8, 0xb1b8, 0xb1b8, 0xb1b9, 0xb1b9, 0xb1b9, 0xb1b9, 0xb1ba, 0xb1ba, 0xb1ba, 0xb1bb, 0xb1bb, 0xb1bb,
    0xb1bb, 0xb1bc, 0xb1bc, 0xb1bc, 0xb1bc, 0xb1bd, 0xb1bd, 0xb1bd, 0xb1bd, 0xb1be, 0xb1be, 0xb1be, 0xb1be, 0xb1bf, 0xb1bf, 0xb1bf,
    0xb1bf, 0xb1c0, 0xb1c0, 0xb1c0, 0xb1c0, 0xb1c1, 0xb1c1, 0xb1c1, 0xb1c1, 0xb1c2, 0xb1c2, 0xb1c2, 0xb1c3, 0xb1c3, 0xb1c3, 0xb1c3,
    0xb1c4, 0xb1c4, 0xb1c4, 0xb1c4, 0xb1c5, 0xb1c5, 0xb1c5, 0xb1c5, 0xb1c6, 0xb1c6, 0xb1c6, 0xb1c6, 0xb1c7, 0xb1c7, 0xb1c7, 0xb1c7,
    0xb1c7, 0xb1c8, 0xb1c8, 0xb1c8, 0xb1c8, 0xb1c9, 0xb1c9, 0xb1c9, 0xb1c9, 0xb1ca, 0xb1ca, 0xb1ca, 0xb1ca, 0xb1cb, 0xb1cb, 0xb1cb,
    0xb1cb, 0xb1cc, 0xb1cc, 0xb1cc, 0xb1cc, 0xb1cd, 0xb1cd, 0xb1cd, 0xb1cd, 0xb1ce, 0xb1ce, 0xb1ce, 0xb1ce, 0xb1ce, 0xb1cf, 0xb1cf,
    0xb1cf, 0xb1cf, 0xb1d0, 0xb1d0, 0xb1d0, 0xb1d0, 0xb1d1, 0xb1d1, 0xb1d1, 0xb1d1, 0xb1d2, 0xb1d2, 0xb1d2, 0xb1d2, 0xb1d2, 0xb1d3,
    0xb1d3, 0xb1d3, 0xb1d3, 0xb1d4, 0xb1d4, 0xb1d4, 0xb1d4, 0xb1d5, 0xb1d5, 0xb1d5, 0xb1d5, 0xb1d5, 0xb1d6, 0xb1d6, 0xb1d6, 0xb1d6,
    0xb1d7, 0xb1d7, 0xb1d7, 0xb1d7, 0xb1d7, 0xb1d8, 0xb1d8, 0xb1d8, 0xb1d8, 0xb1d9, 0xb1d9, 0xb1d9, 0xb1d9, 0xb1d9, 0xb1da, 0xb1da,
    0xb1da, 0xb1da, 0xb1db, 0xb1db, 0xb1db, 0xb1db, 0xb1db, 0xb1dc, 0xb1dc, 0xb1dc, 0xb1dc, 0xb1dd, 0xb1dd, 0xb1dd, 0xb1dd, 0xb1dd,
    0xb1de, 0xb1de, 0xb1de, 0xb1de, 0xb1df, 0xb1df, 0xb1df, 0xb1df, 0xb1df, 0xb1e0, 0xb1e0, 0xb1e0, 0xb1e0, 0xb1e0, 0xb1e1, 0xb1e1,
    0xb1e1, 0xb1e1, 0xb1e2, 0xb1e2, 0xb1e2, 0xb1e2, 0xb1e2, 0xb1e3, 0xb1e3, 0xb1e3, 0xb1e3, 0xb1e3, 0xb1e4, 0xb1e4, 0xb1e4, 0xb1e4,
    0xb1e5, 0xb1e5, 0xb1e5, 0xb1e5, 0xb1e5, 0xb1e6, 0xb1e6, 0xb1e6, 0xb1e6, 0xb1e6, 0xb1e7, 0xb1e7, 0xb1e7, 0xb1e7, 0xb1e7, 0xb1e8,
    0xb1e8, 0xb1e8, 0xb1e8, 0xb1e8, 0xb1e9, 0xb1e9, 0xb1e9, 0xb1e9, 0xb1e9, 0xb1ea, 0xb1ea, 0xb1ea, 0xb1ea, 0xb1eb, 0xb1eb, 0xb1eb,
    0xb1eb, 0xb1eb, 0xb1ec, 0xb1ec, 0xb1ec, 0xb1ec, 0xb1ec, 0xb1ed, 0xb1ed, 0xb1ed, 0xb1ed, 0xb1ed, 0xb1ee, 0xb1ee, 0xb1ee, 0xb1ee,
    0xb1ee, 0xb1ef, 0xb1ef, 0xb1ef, 0xb1ef, 0xb1ef, 0xb1f0, 0xb1f0, 0xb1f0, 0xb1f0, 0xb1f0, 0xb1f0, 0xb1f1, 0xb1f1, 0xb1f1, 0xb1f1,
    0xb1f1, 0xb1f2, 0xb1f2, 0xb1f2, 0xb1f2, 0xb1f2, 0xb1f3, 0xb1f3, 0xb1f3, 0xb1f3, 0xb1f3, 0xb1f4, 0xb1f4, 0xb1f4, 0xb1f4, 0xb1f4,
    0xb1f5, 0xb1f5, 0xb1f5, 0xb1f5, 0xb1f5, 0xb1f6, 0xb1f6, 0xb1f6, 0xb1f6, 0xb1f6, 0xb1f6, 0xb1f7, 0xb1f7, 0xb1f7, 0xb1f7, 0xb1f7,
    0xb1f8, 0xb1f8, 0xb1f8, 0xb1f8, 0xb1f8, 0xb1f9, 0xb1f9, 0xb1f9, 0xb1f9, 0xb1f9, 0xb1fa, 0xb1fa, 0xb1fa, 0xb1fa, 0xb1fa, 0xb1fa,
    0xb1fb, 0xb1fb, 0xb1fb, 0xb1fb, 0xb1fb, 0xb1fc, 0xb1fc, 0xb1fc, 0xb1fc, 0xb1fc, 0xb1fc, 0xb1fd, 0xb1fd, 0xb1fd, 0xb1fd, 0xb1fd,
    0xb1fe, 0xb1fe, 0xb1fe, 0xb1fe, 0xb1fe, 0xb1ff, 0xb1ff, 0xb1ff, 0xb1ff, 0xb1ff, 0xb1ff, 0xb200, 0xb200, 0xb200, 0xb200, 0xb200,
    0xb200, 0xb201, 0xb201, 0xb202, 0xb202, 0xb202, 0xb203, 0xb203, 0xb203, 0xb204, 0xb204, 0xb204, 0xb205, 0xb205, 0xb205, 0xb206,
    0xb206, 0xb207, 0xb207, 0xb207, 0xb208, 0xb208, 0xb208, 0xb209, 0xb209, 0xb209, 0xb20a, 0xb20a, 0xb20a, 0xb20b, 0xb20b, 0xb20b,
    0xb20c, 0xb20c, 0xb20c, 0xb20d, 0xb20d, 0xb20d, 0xb20e, 0xb20e, 0xb20e, 0xb20f, 0xb20f, 0xb20f, 0xb210, 0xb210, 0xb210, 0xb211,
    0xb211, 0xb211, 0xb212, 0xb212, 0xb212, 0xb213, 0xb213, 0xb213, 0xb214, 0xb214, 0xb214, 0xb215, 0xb215, 0xb215, 0xb216, 0xb216,
    0xb216, 0xb217, 0xb217, 0xb217, 0xb218, 0xb218, 0xb218, 0xb218, 0xb219, 0xb219, 0xb219, 0xb21a, 0xb21a, 0xb21a, 0xb21b, 0xb21b,
    0xb21b, 0xb21c, 0xb21c, 0xb21c, 0xb21d, 0xb21d, 0xb21d, 0xb21d, 0xb21e, 0xb21e, 0xb21e, 0xb21f, 0xb21f, 0xb21f, 0xb220, 0xb220,
    0xb220, 0xb221, 0xb221, 0xb221, 0xb221, 0xb222, 0xb222, 0xb222, 0xb223, 0xb223, 0xb223, 0xb224, 0xb224, 0xb224, 0xb224, 0xb225,
    0xb225, 0xb225, 0xb226, 0xb226, 0xb226, 0xb227, 0xb227, 0xb227, 0xb227, 0xb228, 0xb228, 0xb228, 0xb229, 0xb229, 0xb229, 0xb229,
    0xb22a, 0xb22a, 0xb22a, 0xb22b, 0xb22b, 0xb22b, 0xb22b, 0xb22c, 0xb22c, 0xb22c, 0xb22d, 0xb22d, 0xb22d, 0xb22d, 0xb22e, 0xb22e,
    0xb22e, 0xb22f, 0xb22f, 0xb22f, 0xb22f, 0xb230, 0xb230, 0xb230, 0xb231, 0xb231, 0xb231, 0xb231, 0xb232, 0xb232, 0xb232, 0xb232,
    0xb233, 0xb233, 0xb233, 0xb234, 0xb234, 0xb234, 0xb234, 0xb235, 0xb235, 0xb235, 0xb235, 0xb236, 0xb236, 0xb236, 0xb237, 0xb237,
    0xb237, 0xb237, 0xb238, 0xb238, 0xb238, 0xb238, 0xb239, 0xb239, 0xb239, 0xb239, 0xb23a, 0xb23a, 0xb23a, 0xb23b, 0xb23b, 0xb23b,
    0xb23b, 0xb23c, 0xb23c, 0xb23c, 0xb23c, 0xb23d, 0xb23d, 0xb23d, 0xb23d, 0xb23e, 0xb23e, 0xb23e, 0xb23e, 0xb23f, 0xb23f, 0xb23f,
    0xb23f, 0xb240, 0xb240, 0xb240, 0xb240, 0xb241, 0xb241, 0xb241, 0xb241, 0xb242, 0xb242, 0xb242, 0xb243, 0xb243, 0xb243, 0xb243,
    0xb244, 0xb244, 0xb244, 0xb244, 0xb245, 0xb245, 0xb245, 0xb245, 0xb246, 0xb246, 0xb246, 0xb246, 0xb247, 0xb247, 0xb247, 0xb247,
    0xb247, 0xb248, 0xb248, 0xb248, 0xb248, 0xb249, 0xb249, 0xb249, 0xb249, 0xb24a, 0xb24a, 0xb24a, 0xb24a, 0xb24b, 0xb24b, 0xb24b,
    0xb24b, 0xb24c, 0xb24c, 0xb24c, 0xb24c, 0xb24d, 0xb24d, 0xb24d, 0xb24d, 0xb24e, 0xb24e, 0xb24e, 0xb24e, 0xb24e, 0xb24f, 0xb24f,
    0xb24f, 0xb24f, 0xb250, 0xb250, 0xb250, 0xb250, 0xb251, 0xb251, 0xb251, 0xb251, 0xb252, 0xb252, 0xb252, 0xb252, 0xb252, 0xb253,
    0xb253, 0xb253, 0xb253, 0xb254, 0xb254, 0xb254, 0xb254, 0xb255, 0xb255, 0xb255, 0xb255, 0xb255, 0xb256, 0xb256, 0xb256, 0xb256,
    0xb257, 0xb257, 0xb257, 0xb257, 0xb257, 0xb258, 0xb258, 0xb258, 0xb258, 0xb259, 0xb259, 0xb259, 0xb259, 0xb259, 0xb25a, 0xb25a,
    0xb25a, 0xb25a, 0xb25b, 0xb25b, 0xb25b, 0xb25b, 0xb25b, 0xb25c, 0xb25c, 0xb25c, 0xb25c, 0xb25d, 0xb25d, 0xb25d, 0xb25d, 0xb25d,
    0xb25e, 0xb25e, 0xb25e, 0xb25e, 0xb25f, 0xb25f, 0xb25f, 0xb25f, 0xb25f, 0xb260, 0xb260, 0xb260, 0xb260, 0xb260, 0xb261, 0xb261,
    0xb261, 0xb261, 0xb262, 0xb262, 0xb262, 0xb262, 0xb262, 0xb263, 0xb263, 0xb263, 0xb263, 0xb263, 0xb264, 0xb264, 0xb264, 0xb264,
    0xb265, 0xb265, 0xb265, 0xb265, 0xb265, 0xb266, 0xb266, 0xb266, 0xb266, 0xb266, 0xb267, 0xb267, 0xb267, 0xb267, 0xb267, 0xb268,
    0xb268, 0xb268, 0xb268, 0xb268, 0xb269, 0xb269, 0xb269, 0xb269, 0xb269, 0xb26a, 0xb26a, 0xb26a, 0xb26a, 0xb26b, 0xb26b, 0xb26b,
    0xb26b, 0xb26b, 0xb26c, 0xb26c, 0xb26c, 0xb26c, 0xb26c, 0xb26d, 0xb26d, 0xb26d, 0xb26d, 0xb26d, 0xb26e, 0xb26e, 0xb26e, 0xb26e,
    0xb26e, 0xb26f, 0xb26f, 0xb26f, 0xb26f, 0xb26f, 0xb270, 0xb270, 0xb270, 0xb270, 0xb270, 0xb270, 0xb271, 0xb271, 0xb271, 0xb271,
    0xb271, 0xb272, 0xb272, 0xb272, 0xb272, 0xb272, 0xb273, 0xb273, 0xb273, 0xb273, 0xb273, 0xb274, 0xb274, 0xb274, 0xb274, 0xb274,
    0xb275, 0xb275, 0xb275, 0xb275, 0xb275, 0xb276, 0xb276, 0xb276, 0xb276, 0xb276, 0xb276, 0xb277, 0xb277, 0xb277, 0xb277, 0xb277,
    0xb278, 0xb278, 0xb278, 0xb278, 0xb278, 0xb279, 0xb279, 0xb279, 0xb279, 0xb279, 0xb27a, 0xb27a, 0xb27a, 0xb27a, 0xb27a, 0xb27a,
    0xb27b, 0xb27b, 0xb27b, 0xb27b, 0xb27b, 0xb27c, 0xb27c, 0xb27c, 0xb27c, 0xb27c, 0xb27c, 0xb27d, 0xb27d, 0xb27d, 0xb27d, 0xb27d,
    0xb27e, 0xb27e, 0xb27e, 0xb27e, 0xb27e, 0xb27f, 0xb27f, 0xb27f, 0xb27f, 0xb27f, 0xb27f, 0xb280, 0xb280, 0xb280, 0xb280, 0xb280,
    0xb280, 0xb281, 0xb281, 0xb282, 0xb282, 0xb282, 0xb283, 0xb283, 0xb283, 0xb284, 0xb284, 0xb284, 0xb285, 0xb285, 0xb285, 0xb286,
    0xb286, 0xb287, 0xb287, 0xb287, 0xb288, 0xb288, 0xb288, 0xb289, 0xb289, 0xb289, 0xb28a, 0xb28a, 0xb28a, 0xb28b, 0xb28b, 0xb28b,
    0xb28c, 0xb28c, 0xb28c, 0xb28d, 0xb28d, 0xb28d, 0xb28e, 0xb28e, 0xb28e, 0xb28f, 0xb28f, 0xb28f, 0xb290, 0xb290, 0xb290, 0xb291,
    0xb291, 0xb291, 0xb292, 0xb292, 0xb292, 0xb293, 0xb293, 0xb293, 0xb294, 0xb294, 0xb294, 0xb295, 0xb295, 0xb295, 0xb296, 0xb296,
    0xb296, 0xb297, 0xb297, 0xb297, 0xb298, 0xb298, 0xb298, 0xb298, 0xb299, 0xb299, 0xb299, 0xb29a, 0xb29a, 0xb29a, 0xb29b, 0xb29b,
    0xb29b, 0xb29c, 0xb29c, 0xb29c, 0xb29d, 0xb29d, 0xb29d, 0xb29d, 0xb29e, 0xb29e, 0xb29e, 0xb29f, 0xb29f, 0xb29f, 0xb2a0, 0xb2a0,
    0xb2a0, 0xb2a1, 0xb2a1, 0xb2a1, 0xb2a1, 0xb2a2, 0xb2a2, 0xb2a2, 0xb2a3, 0xb2a3, 0xb2a3, 0xb2a4, 0xb2a4, 0xb2a4, 0xb2a4, 0xb2a5,
    0xb2a5, 0xb2a5, 0xb2a6, 0xb2a6, 0xb2a6, 0xb2a7, 0xb2a7, 0xb2a7, 0xb2a7, 0xb2a8, 0xb2a8, 0xb2a8, 0xb2a9, 0xb2a9, 0xb2a9, 0xb2a9,
    0xb2aa, 0xb2aa, 0xb2aa, 0xb2ab, 0xb2ab, 0xb2ab, 0xb2ab, 0xb2ac, 0xb2ac, 0xb2ac, 0xb2ad, 0xb2ad, 0xb2ad, 0xb2ad, 0xb2ae, 0xb2ae,
    0xb2ae, 0xb2af, 0xb2af, 0xb2af, 0xb2af, 0xb2b0, 0xb2b0, 0xb2b0, 0xb2b1, 0xb2b1, 0xb2b1, 0xb2b1, 0xb2b2, 0xb2b2, 0xb2b2, 0xb2b2,
    0xb2b3, 0xb2b3, 0xb2b3, 0xb2b4, 0xb2b4, 0xb2b4, 0xb2b4, 0xb2b5, 0xb2b5, 0xb2b5, 0xb2b5, 0xb2b6, 0xb2b6, 0xb2b6, 0xb2b7, 0xb2b7,
    0xb2b7, 0xb2b7, 0xb2b8, 0xb2b8, 0xb2b8, 0xb2b8, 0xb2b9, 0xb2b9, 0xb2b9, 0xb2b9, 0xb2ba, 0xb2ba, 0xb2ba, 0xb2bb, 0xb2bb, 0xb2bb,
    0xb2bb, 0xb2bc, 0xb2bc, 0xb2bc, 0xb2bc, 0xb2bd, 0xb2bd, 0xb2bd, 0xb2bd, 0xb2be, 0xb2be, 0xb2be, 0xb2be, 0xb2bf, 0xb2bf, 0xb2bf,
    0xb2bf, 0xb2c0, 0xb2c0, 0xb2c0, 0xb2c0, 0xb2c1, 0xb2c1, 0xb2c1, 0xb2c1, 0xb2c2, 0xb2c2, 0xb2c2, 0xb2c3, 0xb2c3, 0xb2c3, 0xb2c3,
    0xb2c4, 0xb2c4, 0xb2c4, 0xb2c4, 0xb2c5, 0xb2c5, 0xb2c5, 0xb2c5, 0xb2c6, 0xb2c6, 0xb2c6, 0xb2c6, 0xb2c7, 0xb2c7, 0xb2c7, 0xb2c7,
    0xb2c7, 0xb2c8, 0xb2c8, 0xb2c8, 0xb2c8, 0xb2c9, 0xb2c9, 0xb2c9, 0xb2c9, 0xb2ca, 0xb2ca, 0xb2ca, 0xb2ca, 0xb2cb, 0xb2cb, 0xb2cb,
    0xb2cb, 0xb2cc, 0xb2cc, 0xb2cc, 0xb2cc, 0xb2cd, 0xb2cd, 0xb2cd, 0xb2cd, 0xb2ce, 0xb2ce, 0xb2ce, 0xb2ce, 0xb2ce, 0xb2cf, 0xb2cf,
    0xb2cf, 0xb2cf, 0xb2d0, 0xb2d0, 0xb2d0, 0xb2d0, 0xb2d1, 0xb2d1, 0xb2d1, 0xb2d1, 0xb2d2, 0xb2d2, 0xb2d2, 0xb2d2, 0xb2d2, 0xb2d3,
    0xb2d3, 0xb2d3, 0xb2d3, 0xb2d4, 0xb2d4, 0xb2d4, 0xb2d4, 0xb2d5, 0xb2d5, 0xb2d5, 0xb2d5, 0xb2d5, 0xb2d6, 0xb2d6, 0xb2d6, 0xb2d6,
    0xb2d7, 0xb2d7, 0xb2d7, 0xb2d7, 0xb2d7, 0xb2d8, 0xb2d8, 0xb2d8, 0xb2d8, 0xb2d9, 0xb2d9, 0xb2d9, 0xb2d9, 0xb2d9, 0xb2da, 0xb2da,
    0xb2da, 0xb2da, 0xb2db, 0xb2db, 0xb2db, 0xb2db, 0xb2db, 0xb2dc, 0xb2dc, 0xb2dc, 0xb2dc, 0xb2dd, 0xb2dd, 0xb2dd, 0xb2dd, 0xb2dd,
    0xb2de, 0xb2de, 0xb2de, 0xb2de, 0xb2df, 0xb2df, 0xb2df, 0xb2df, 0xb2df, 0xb2e0, 0xb2e0, 0xb2e0, 0xb2e0, 0xb2e0, 0xb2e1, 0xb2e1,
    0xb2e1, 0xb2e1, 0xb2e2, 0xb2e2, 0xb2e2, 0xb2e2, 0xb2e2, 0xb2e3, 0xb2e3, 0xb2e3, 0xb2e3, 0xb2e3, 0xb2e4, 0xb2e4, 0xb2e4, 0xb2e4,
    0xb2e5, 0xb2e5, 0xb2e5, 0xb2e5, 0xb2e5, 0xb2e6, 0xb2e6, 0xb2e6, 0xb2e6, 0xb2e6, 0xb2e7, 0xb2e7, 0xb2e7, 0xb2e7, 0xb2e7, 0xb2e8,
    0xb2e8, 0xb2e8, 0xb2e8, 0xb2e8, 0xb2e9, 0xb2e9, 0xb2e9, 0xb2e9, 0xb2e9, 0xb2ea, 0xb2ea, 0xb2ea, 0xb2ea, 0xb2eb, 0xb2eb, 0xb2eb,
    0xb2eb, 0xb2eb, 0xb2ec, 0xb2ec, 0xb2ec, 0xb2ec, 0xb2ec, 0xb2ed, 0xb2ed, 0xb2ed, 0xb2ed, 0xb2ed, 0xb2ee, 0xb2ee, 0xb2ee, 0xb2ee,
    0xb2ee, 0xb2ef, 0xb2ef, 0xb2ef, 0xb2ef, 0xb2ef, 0xb2f0, 0xb2f0, 0xb2f0, 0xb2f0, 0xb2f0, 0xb2f0, 0xb2f1, 0xb2f1, 0xb2f1, 0xb2f1,
    0xb2f1, 0xb2f2, 0xb2f2, 0xb2f2, 0xb2f2, 0xb2f2, 0xb2f3, 0xb2f3, 0xb2f3, 0xb2f3, 0xb2f3, 0xb2f4, 0xb2f4, 0xb2f4, 0xb2f4, 0xb2f4,
    0xb2f5, 0xb2f5, 0xb2f5, 0xb2f5, 0xb2f5, 0xb2f6, 0xb2f6, 0xb2f6, 0xb2f6, 0xb2f6, 0xb2f6, 0xb2f7, 0xb2f7, 0xb2f7, 0xb2f7, 0xb2f7,
    0xb2f8, 0xb2f8, 0xb2f8, 0xb2f8, 0xb2f8, 0xb2f9, 0xb2f9, 0xb2f9, 0xb2f9, 0xb2f9, 0xb2fa, 0xb2fa, 0xb2fa, 0xb2fa, 0xb2fa, 0xb2fa,
    0xb2fb, 0xb2fb, 0xb2fb, 0xb2fb, 0xb2fb, 0xb2fc, 0xb2fc, 0xb2fc, 0xb2fc, 0xb2fc, 0xb2fc, 0xb2fd, 0xb2fd, 0xb2fd, 0xb2fd, 0xb2fd,
    0xb2fe, 0xb2fe, 0xb2fe, 0xb2fe, 0xb2fe, 0xb2ff, 0xb2ff, 0xb2ff, 0xb2ff, 0xb2ff, 0xb2ff, 0xb300, 0xb300, 0xb300, 0xb300, 0xb300,
    0xb300, 0xb301, 0xb301, 0xb302, 0xb302, 0xb302, 0xb303, 0xb303, 0xb303, 0xb304, 0xb304, 0xb304, 0xb305, 0xb305, 0xb305, 0xb306,
    0xb306, 0xb307, 0xb307, 0xb307, 0xb308, 0xb308, 0xb308, 0xb309, 0xb309, 0xb309, 0xb30a, 0xb30a, 0xb30a, 0xb30b, 0xb30b, 0xb30b,
    0xb30c, 0xb30c, 0xb30c, 0xb30d, 0xb30d, 0xb30d, 0xb30e, 0xb30e, 0xb30e, 0xb30f, 0xb30f, 0xb30f, 0xb310, 0xb310, 0xb310, 0xb311,
    0xb311, 0xb311, 0xb312, 0xb312, 0xb312, 0xb313, 0xb313, 0xb313, 0xb314, 0xb314, 0xb314, 0xb315, 0xb315, 0xb315, 0xb316, 0xb316,
    0xb316, 0xb317, 0xb317, 0xb317, 0xb318, 0xb318, 0xb318, 0xb318, 0xb319, 0xb319, 0xb319, 0xb31a, 0xb31a, 0xb31a, 0xb31b, 0xb31b,
    0xb31b, 0xb31c, 0xb31c, 0xb31c, 0xb31d, 0xb31d, 0xb31d, 0xb31d, 0xb31e, 0xb31e, 0xb31e, 0xb31f, 0xb31f, 0xb31f, 0xb320, 0xb320,
    0xb320, 0xb321, 0xb321, 0xb321, 0xb321, 0xb322, 0xb322, 0xb322, 0xb323, 0xb323, 0xb323, 0xb324, 0xb324, 0xb324, 0xb324, 0xb325,
    0xb325, 0xb325, 0xb326, 0xb326, 0xb326, 0xb327, 0xb327, 0xb327, 0xb327, 0xb328, 0xb328, 0xb328, 0xb329, 0xb329, 0xb329, 0xb329,
    0xb32a, 0xb32a, 0xb32a, 0xb32b, 0xb32b, 0xb32b, 0xb32b, 0xb32c, 0xb32c, 0xb32c, 0xb32d, 0xb32d, 0xb32d, 0xb32d, 0xb32e, 0xb32e,
    0xb32e, 0xb32f, 0xb32f, 0xb32f, 0xb32f, 0xb330, 0xb330, 0xb330, 0xb331, 0xb331, 0xb331, 0xb331, 0xb332, 0xb332, 0xb332, 0xb332,
    0xb333, 0xb333, 0xb333, 0xb334, 0xb334, 0xb334, 0xb334, 0xb335, 0xb335, 0xb335, 0xb335, 0xb336, 0xb336, 0xb336, 0xb337, 0xb337,
    0xb337, 0xb337, 0xb338, 0xb338, 0xb338, 0xb338, 0xb339, 0xb339, 0xb339, 0xb339, 0xb33a, 0xb33a, 0xb33a, 0xb33b, 0xb33b, 0xb33b,
    0xb33b, 0xb33c, 0xb33c, 0xb33c, 0xb33c, 0xb33d, 0xb33d, 0xb33d, 0xb33d, 0xb33e, 0xb33e, 0xb33e, 0xb33e, 0xb33f, 0xb33f, 0xb33f,
    0xb33f, 0xb340, 0xb340, 0xb340, 0xb340, 0xb341, 0xb341, 0xb341, 0xb341, 0xb342, 0xb342, 0xb342, 0xb343, 0xb343, 0xb343, 0xb343,
    0xb344, 0xb344, 0xb344, 0xb344, 0xb345, 0xb345, 0xb345, 0xb345, 0xb346, 0xb346, 0xb346, 0xb346, 0xb347, 0xb347, 0xb347, 0xb347,
    0xb347, 0xb348, 0xb348, 0xb348, 0xb348, 0xb349, 0xb349, 0xb349, 0xb349, 0xb34a, 0xb34a, 0xb34a, 0xb34a, 0xb34b, 0xb34b, 0xb34b,
    0xb34b, 0xb34c, 0xb34c, 0xb34c, 0xb34c, 0xb34d, 0xb34d, 0xb34d, 0xb34d, 0xb34e, 0xb34e, 0xb34e, 0xb34e, 0xb34e, 0xb34f, 0xb34f,
    0xb34f, 0xb34f, 0xb350, 0xb350, 0xb350, 0xb350, 0xb351, 0xb351, 0xb351, 0xb351, 0xb352, 0xb352, 0xb352, 0xb352, 0xb352, 0xb353,
    0xb353, 0xb353, 0xb353, 0xb354, 0xb354, 0xb354, 0xb354, 0xb355, 0xb355, 0xb355, 0xb355, 0xb355, 0xb356, 0xb356, 0xb356, 0xb356,
    0xb357, 0xb357, 0xb357, 0xb357, 0xb357, 0xb358, 0xb358, 0xb358, 0xb358, 0xb359, 0xb359, 0xb359, 0xb359, 0xb359, 0xb35a, 0xb35a,
    0xb35a, 0xb35a, 0xb35b, 0xb35b, 0xb35b, 0xb35b, 0xb35b, 0xb35c, 0xb35c, 0xb35c, 0xb35c, 0xb35d, 0xb35d, 0xb35d, 0xb35d, 0xb35d,
    0xb35e, 0xb35e, 0xb35e, 0xb35e, 0xb35f, 0xb35f, 0xb35f, 0xb35f, 0xb35f, 0xb360, 0xb360, 0xb360, 0xb360, 0xb360, 0xb361, 0xb361,
    0xb361, 0xb361, 0xb362, 0xb362, 0xb362, 0xb362, 0xb362, 0xb363, 0xb363, 0xb363, 0xb363, 0xb363, 0xb364, 0xb364, 0xb364, 0xb364,
    0xb365, 0xb365, 0xb365, 0xb365, 0xb365, 0xb366, 0xb366, 0xb366, 0xb366, 0xb366, 0xb367, 0xb367, 0xb367, 0xb367, 0xb367, 0xb368,
    0xb368, 0xb368, 0xb368, 0xb368, 0xb369, 0xb369, 0xb369, 0xb369, 0xb369, 0xb36a, 0xb36a, 0xb36a, 0xb36a, 0xb36b, 0xb36b, 0xb36b,
    0xb36b, 0xb36b, 0xb36c, 0xb36c, 0xb36c, 0xb36c, 0xb36c, 0xb36d, 0xb36d, 0xb36d, 0xb36d, 0xb36d, 0xb36e, 0xb36e, 0xb36e, 0xb36e,
    0xb36e, 0xb36f, 0xb36f, 0xb36f, 0xb36f, 0xb36f, 0xb370, 0xb370, 0xb370, 0xb370, 0xb370, 0xb370, 0xb371, 0xb371, 0xb371, 0xb371,
    0xb371, 0xb372, 0xb372, 0xb372, 0xb372, 0xb372, 0xb373, 0xb373, 0xb373, 0xb373, 0xb373, 0xb374, 0xb374, 0xb374, 0xb374, 0xb374,
    0xb375, 0xb375, 0xb375, 0xb375, 0xb375, 0xb376, 0xb376, 0xb376, 0xb376, 0xb376, 0xb376, 0xb377, 0xb377, 0xb377, 0xb377, 0xb377,
    0xb378, 0xb378, 0xb378, 0xb378, 0xb378, 0xb379, 0xb379, 0xb379, 0xb379, 0xb379, 0xb37a, 0xb37a, 0xb37a, 0xb37a, 0xb37a, 0xb37a,
    0xb37b, 0xb37b, 0xb37b, 0xb37b, 0xb37b, 0xb37c, 0xb37c, 0xb37c, 0xb37c, 0xb37c, 0xb37c, 0xb37d, 0xb37d, 0xb37d, 0xb37d, 0xb37d,
    0xb37e, 0xb37e, 0xb37e, 0xb37e, 0xb37e, 0xb37f, 0xb37f, 0xb37f, 0xb37f, 0xb37f, 0xb37f, 0xb380, 0xb380, 0xb380, 0xb380, 0xb380,
    0xb380, 0xb381, 0xb381, 0xb382, 0xb382, 0xb382, 0xb383, 0xb383, 0xb383, 0xb384, 0xb384, 0xb384, 0xb385, 0xb385, 0xb385, 0xb386,
    0xb386, 0xb387, 0xb387, 0xb387, 0xb388, 0xb388, 0xb388, 0xb389, 0xb389, 0xb389, 0xb38a, 0xb38a, 0xb38a, 0xb38b, 0xb38b, 0xb38b,
    0xb38c, 0xb38c, 0xb38c, 0xb38d, 0xb38d, 0xb38d, 0xb38e, 0xb38e, 0xb38e, 0xb38f, 0xb38f, 0xb38f, 0xb390, 0xb390, 0xb390, 0xb391,
    0xb391, 0xb391, 0xb392, 0xb392, 0xb392, 0xb393, 0xb393, 0xb393, 0xb394, 0xb394, 0xb394, 0xb395, 0xb395, 0xb395, 0xb396, 0xb396,
    0xb396, 0xb397, 0xb397, 0xb397, 0xb398, 0xb398, 0xb398, 0xb398, 0xb399, 0xb399, 0xb399, 0xb39a, 0xb39a, 0xb39a, 0xb39b, 0xb39b,
    0xb39b, 0xb39c, 0xb39c, 0xb39c, 0xb39d, 0xb39d, 0xb39d, 0xb39d, 0xb39e, 0xb39e, 0xb39e, 0xb39f, 0xb39f, 0xb39f, 0xb3a0, 0xb3a0,
    0xb3a0, 0xb3a1, 0xb3a1, 0xb3a1, 0xb3a1, 0xb3a2, 0xb3a2, 0xb3a2, 0xb3a3, 0xb3a3, 0xb3a3, 0xb3a4, 0xb3a4, 0xb3a4, 0xb3a4, 0xb3a5,
    0xb3a5, 0xb3a5, 0xb3a6, 0xb3a6, 0xb3a6, 0xb3a7, 0xb3a7, 0xb3a7, 0xb3a7, 0xb3a8, 0xb3a8, 0xb3a8, 0xb3a9, 0xb3a9, 0xb3a9, 0xb3a9,
    0xb3aa, 0xb3aa, 0xb3aa, 0xb3ab, 0xb3ab, 0xb3ab, 0xb3ab, 0xb3ac, 0xb3ac, 0xb3ac, 0xb3ad, 0xb3ad, 0xb3ad, 0xb3ad, 0xb3ae, 0xb3ae,
    0xb3ae, 0xb3af, 0xb3af, 0xb3af, 0xb3af, 0xb3b0, 0xb3b0, 0xb3b0, 0xb3b1, 0xb3b1, 0xb3b1, 0xb3b1, 0xb3b2, 0xb3b2, 0xb3b2, 0xb3b2,
    0xb3b3, 0xb3b3, 0xb3b3, 0xb3b4, 0xb3b4, 0xb3b4, 0xb3b4, 0xb3b5, 0xb3b5, 0xb3b5, 0xb3b5, 0xb3b6, 0xb3b6, 0xb3b6, 0xb3b7, 0xb3b7,
    0xb3b7, 0xb3b7, 0xb3b8, 0xb3b8, 0xb3b8, 0xb3b8, 0xb3b9, 0xb3b9, 0xb3b9, 0xb3b9, 0xb3ba, 0xb3ba, 0xb3ba, 0xb3bb, 0xb3bb, 0xb3bb,
    0xb3bb, 0xb3bc, 0xb3bc, 0xb3bc, 0xb3bc, 0xb3bd, 0xb3bd, 0xb3bd, 0xb3bd, 0xb3be, 0xb3be, 0xb3be, 0xb3be, 0xb3bf, 0xb3bf, 0xb3bf,
    0xb3bf, 0xb3c0, 0xb3c0, 0xb3c0, 0xb3c0, 0xb3c1, 0xb3c1, 0xb3c1, 0xb3c1, 0xb3c2, 0xb3c2, 0xb3c2, 0xb3c3, 0xb3c3, 0xb3c3, 0xb3c3,
    0xb3c4, 0xb3c4, 0xb3c4, 0xb3c4, 0xb3c5, 0xb3c5, 0xb3c5, 0xb3c5, 0xb3c6, 0xb3c6, 0xb3c6, 0xb3c6, 0xb3c7, 0xb3c7, 0xb3c7, 0xb3c7,
    0xb3c7, 0xb3c8, 0xb3c8, 0xb3c8, 0xb3c8, 0xb3c9, 0xb3c9, 0xb3c9, 0xb3c9, 0xb3ca, 0xb3ca, 0xb3ca, 0xb3ca, 0xb3cb, 0xb3cb, 0xb3cb,
    0xb3cb, 0xb3cc, 0xb3cc, 0xb3cc, 0xb3cc, 0xb3cd, 0xb3cd, 0xb3cd, 0xb3cd, 0xb3ce, 0xb3ce, 0xb3ce, 0xb3ce, 0xb3ce, 0xb3cf, 0xb3cf,
    0xb3cf, 0xb3cf, 0xb3d0, 0xb3d0, 0xb3d0, 0xb3d0, 0xb3d1, 0xb3d1, 0xb3d1, 0xb3d1, 0xb3d2, 0xb3d2, 0xb3d2, 0xb3d2, 0xb3d2, 0xb3d3,
    0xb3d3, 0xb3d3, 0xb3d3, 0xb3d4, 0xb3d4, 0xb3d4, 0xb3d4, 0xb3d5, 0xb3d5, 0xb3d5, 0xb3d5, 0xb3d5, 0xb3d6, 0xb3d6, 0xb3d6, 0xb3d6,
    0xb3d7, 0xb3d7, 0xb3d7, 0xb3d7, 0xb3d7, 0xb3d8, 0xb3d8, 0xb3d8, 0xb3d8, 0xb3d9, 0xb3d9, 0xb3d9, 0xb3d9, 0xb3d9, 0xb3da, 0xb3da,
    0xb3da, 0xb3da, 0xb3db, 0xb3db, 0xb3db, 0xb3db, 0xb3db, 0xb3dc, 0xb3dc, 0xb3dc, 0xb3dc, 0xb3dd, 0xb3dd, 0xb3dd, 0xb3dd, 0xb3dd,
    0xb3de, 0xb3de, 0xb3de, 0xb3de, 0xb3df, 0xb3df, 0xb3df, 0xb3df, 0xb3df, 0xb3e0, 0xb3e0, 0xb3e0, 0xb3e0, 0xb3e0, 0xb3e1, 0xb3e1,
    0xb3e1, 0xb3e1, 0xb3e2, 0xb3e2, 0xb3e2, 0xb3e2, 0xb3e2, 0xb3e3, 0xb3e3, 0xb3e3, 0xb3e3, 0xb3e3, 0xb3e4, 0xb3e4, 0xb3e4, 0xb3e4,
    0xb3e5, 0xb3e5, 0xb3e5, 0xb3e5, 0xb3e5, 0xb3e6, 0xb3e6, 0xb3e6, 0xb3e6, 0xb3e6, 0xb3e7, 0xb3e7, 0xb3e7, 0xb3e7, 0xb3e7, 0xb3e8,
    0xb3e8, 0xb3e8, 0xb3e8, 0xb3e8, 0xb3e9, 0xb3e9, 0xb3e9, 0xb3e9, 0xb3e9, 0xb3ea, 0xb3ea, 0xb3ea, 0xb3ea, 0xb3eb, 0xb3eb, 0xb3eb,
    0xb3eb, 0xb3eb, 0xb3ec, 0xb3ec, 0xb3ec, 0xb3ec, 0xb3ec, 0xb3ed, 0xb3ed, 0xb3ed, 0xb3ed, 0xb3ed, 0xb3ee, 0xb3ee, 0xb3ee, 0xb3ee,
    0xb3ee, 0xb3ef, 0xb3ef, 0xb3ef, 0xb3ef, 0xb3ef, 0xb3f0, 0xb3f0, 0xb3f0, 0xb3f0, 0xb3f0, 0xb3f0, 0xb3f1, 0xb3f1, 0xb3f1, 0xb3f1,
    0xb3f1, 0xb3f2, 0xb3f2, 0xb3f2, 0xb3f2, 0xb3f2, 0xb3f3, 0xb3f3, 0xb3f3, 0xb3f3, 0xb3f3, 0xb3f4, 0xb3f4, 0xb3f4, 0xb3f4, 0xb3f4,
    0xb3f5, 0xb3f5, 0xb3f5, 0xb3f5, 0xb3f5, 0xb3f6, 0xb3f6, 0xb3f6, 0xb3f6, 0xb3f6, 0xb3f6, 0xb3f7, 0xb3f7, 0xb3f7, 0xb3f7, 0xb3f7,
    0xb3f8, 0xb3f8, 0xb3f8, 0xb3f8, 0xb3f8, 0xb3f9, 0xb3f9, 0xb3f9, 0xb3f9, 0xb3f9, 0xb3fa, 0xb3fa, 0xb3fa, 0xb3fa, 0xb3fa, 0xb3fa,
    0xb3fb, 0xb3fb, 0xb3fb, 0xb3fb, 0xb3fb, 0xb3fc, 0xb3fc, 0xb3fc, 0xb3fc, 0xb3fc, 0xb3fc, 0xb3fd, 0xb3fd, 0xb3fd, 0xb3fd, 0xb3fd,
    0xb3fe, 0xb3fe, 0xb3fe, 0xb3fe, 0xb3fe, 0xb3ff, 0xb3ff, 0xb3ff, 0xb3ff, 0xb3ff, 0xb3ff, 0xb400, 0xb400, 0xb400, 0xb400, 0xb400,
    0xb400, 0xb401, 0xb401, 0xb402, 0xb402, 0xb402, 0xb403, 0xb403, 0xb403, 0xb404, 0xb404, 0xb404, 0xb405, 0xb405, 0xb406, 0xb406,
    0xb406, 0xb407, 0xb407, 0xb407, 0xb408, 0xb408, 0xb408, 0xb409, 0xb409, 0xb409, 0xb40a, 0xb40a, 0xb40a, 0xb40b, 0xb40b, 0xb40c,
    0xb40c, 0xb40c, 0xb40d, 0xb40d, 0xb40d, 0xb40e, 0xb40e, 0xb40e, 0xb40f, 0xb40f, 0xb40f, 0xb410, 0xb410, 0xb410, 0xb411, 0xb411,
    0xb411, 0xb412, 0xb412, 0xb412, 0xb413, 0xb413, 0xb413, 0xb414, 0xb414, 0xb415, 0xb415, 0xb415, 0xb416, 0xb416, 0xb416, 0xb417,
    0xb417, 0xb417, 0xb418, 0xb418, 0xb418, 0xb419, 0xb419, 0xb419, 0xb41a, 0xb41a, 0xb41a, 0xb41b, 0xb41b, 0xb41b, 0xb41c, 0xb41c,
    0xb41c, 0xb41d, 0xb41d, 0xb41d, 0xb41e, 0xb41e, 0xb41e, 0xb41f, 0xb41f, 0xb41f, 0xb420, 0xb420, 0xb420, 0xb421, 0xb421, 0xb421,
    0xb422, 0xb422, 0xb422, 0xb423, 0xb423, 0xb423, 0xb424, 0xb424, 0xb424, 0xb425, 0xb425, 0xb425, 0xb426, 0xb426, 0xb426, 0xb427,
    0xb427, 0xb427, 0xb427, 0xb428, 0xb428, 0xb428, 0xb429, 0xb429, 0xb429, 0xb42a, 0xb42a, 0xb42a, 0xb42b, 0xb42b, 0xb42b, 0xb42c,
    0xb42c, 0xb42c, 0xb42d, 0xb42d, 0xb42d, 0xb42e, 0xb42e, 0xb42e, 0xb42f, 0xb42f, 0xb42f, 0xb430, 0xb430, 0xb430, 0xb430, 0xb431,
    0xb431, 0xb431, 0xb432, 0xb432, 0xb432, 0xb433, 0xb433, 0xb433, 0xb434, 0xb434, 0xb434, 0xb435, 0xb435, 0xb435, 0xb435, 0xb436,
    0xb436, 0xb436, 0xb437, 0xb437, 0xb437, 0xb438, 0xb438, 0xb438, 0xb439, 0xb439, 0xb439, 0xb43a, 0xb43a, 0xb43a, 0xb43a, 0xb43b,
    0xb43b, 0xb43b, 0xb43c, 0xb43c, 0xb43c, 0xb43d, 0xb43d, 0xb43d, 0xb43e, 0xb43e, 0xb43e, 0xb43e, 0xb43f, 0xb43f, 0xb43f, 0xb440,
    0xb440, 0xb440, 0xb441, 0xb441, 0xb441, 0xb441, 0xb442, 0xb442, 0xb442, 0xb443, 0xb443, 0xb443, 0xb444, 0xb444, 0xb444, 0xb444,
    0xb445, 0xb445, 0xb445, 0xb446, 0xb446, 0xb446, 0xb447, 0xb447, 0xb447, 0xb447, 0xb448, 0xb448, 0xb448, 0xb449, 0xb449, 0xb449,
    0xb44a, 0xb44a, 0xb44a, 0xb44a, 0xb44b, 0xb44b, 0xb44b, 0xb44c, 0xb44c, 0xb44c, 0xb44d, 0xb44d, 0xb44d, 0xb44d, 0xb44e, 0xb44e,
    0xb44e, 0xb44f, 0xb44f, 0xb44f, 0xb44f, 0xb450, 0xb450, 0xb450, 0xb451, 0xb451, 0xb451, 0xb451, 0xb452, 0xb452, 0xb452, 0xb453,
    0xb453, 0xb453, 0xb453, 0xb454, 0xb454, 0xb454, 0xb455, 0xb455, 0xb455, 0xb456, 0xb456, 0xb456, 0xb456, 0xb457, 0xb457, 0xb457,
    0xb458, 0xb458, 0xb458, 0xb458, 0xb459, 0xb459, 0xb459, 0xb459, 0xb45a, 0xb45a, 0xb45a, 0xb45b, 0xb45b, 0xb45b, 0xb45b, 0xb45c,
    0xb45c, 0xb45c, 0xb45d, 0xb45d, 0xb45d, 0xb45d, 0xb45e, 0xb45e, 0xb45e, 0xb45f, 0xb45f, 0xb45f, 0xb45f, 0xb460, 0xb460, 0xb460,
    0xb461, 0xb461, 0xb461, 0xb461, 0xb462, 0xb462, 0xb462, 0xb462, 0xb463, 0xb463, 0xb463, 0xb464, 0xb464, 0xb464, 0xb464, 0xb465,
    0xb465, 0xb465, 0xb465, 0xb466, 0xb466, 0xb466, 0xb467, 0xb467, 0xb467, 0xb467, 0xb468, 0xb468, 0xb468, 0xb468, 0xb469, 0xb469,
    0xb469, 0xb46a, 0xb46a, 0xb46a, 0xb46a, 0xb46b, 0xb46b, 0xb46b, 0xb46b, 0xb46c, 0xb46c, 0xb46c, 0xb46d, 0xb46d, 0xb46d, 0xb46d,
    0xb46e, 0xb46e, 0xb46e, 0xb46e, 0xb46f, 0xb46f, 0xb46f, 0xb46f, 0xb470, 0xb470, 0xb470, 0xb471, 0xb471, 0xb471, 0xb471, 0xb472,
    0xb472, 0xb472, 0xb472, 0xb473, 0xb473, 0xb473, 0xb473, 0xb474, 0xb474, 0xb474, 0xb475, 0xb475, 0xb475, 0xb475, 0xb476, 0xb476,
    0xb476, 0xb476, 0xb477, 0xb477, 0xb477, 0xb477, 0xb478, 0xb478, 0xb478, 0xb478, 0xb479, 0xb479, 0xb479, 0xb47a, 0xb47a, 0xb47a,
    0xb47a, 0xb47b, 0xb47b, 0xb47b, 0xb47b, 0xb47c, 0xb47c, 0xb47c, 0xb47c, 0xb47d, 0xb47d, 0xb47d, 0xb47d, 0xb47e, 0xb47e, 0xb47e,
    0xb47e, 0xb47f, 0xb47f, 0xb47f, 0xb47f, 0xb480, 0xb480, 0xb480, 0xb480, 0xb481, 0xb481, 0xb481, 0xb481, 0xb482, 0xb482, 0xb482,
    0xb482, 0xb483, 0xb483, 0xb483, 0xb484, 0xb484, 0xb484, 0xb484, 0xb485, 0xb485, 0xb485, 0xb485, 0xb486, 0xb486, 0xb486, 0xb486,
    0xb487, 0xb487, 0xb487, 0xb487, 0xb488, 0xb488, 0xb488, 0xb488, 0xb489, 0xb489, 0xb489, 0xb489, 0xb48a, 0xb48a, 0xb48a, 0xb48a,
    0xb48b, 0xb48b, 0xb48b, 0xb48b, 0xb48c, 0xb48c, 0xb48c, 0xb48c, 0xb48d, 0xb48d, 0xb48d, 0xb48d, 0xb48d, 0xb48e, 0xb48e, 0xb48e,
    0xb48e, 0xb48f, 0xb48f, 0xb48f, 0xb48f, 0xb490, 0xb490, 0xb490, 0xb490, 0xb491, 0xb491, 0xb491, 0xb491, 0xb492, 0xb492, 0xb492,
    0xb492, 0xb493, 0xb493, 0xb493, 0xb493, 0xb494, 0xb494, 0xb494, 0xb494, 0xb495, 0xb495, 0xb495, 0xb495, 0xb496, 0xb496, 0xb496,
    0xb496, 0xb496, 0xb497, 0xb497, 0xb497, 0xb497, 0xb498, 0xb498, 0xb498, 0xb498, 0xb499, 0xb499, 0xb499, 0xb499, 0xb49a, 0xb49a,
    0xb49a, 0xb49a, 0xb49b, 0xb49b, 0xb49b, 0xb49b, 0xb49c, 0xb49c, 0xb49c, 0xb49c, 0xb49c, 0xb49d, 0xb49d, 0xb49d, 0xb49d, 0xb49e,
    0xb49e, 0xb49e, 0xb49e, 0xb49f, 0xb49f, 0xb49f, 0xb49f, 0xb4a0, 0xb4a0, 0xb4a0, 0xb4a0, 0xb4a0, 0xb4a1, 0xb4a1, 0xb4a1, 0xb4a1,
    0xb4a2, 0xb4a2, 0xb4a2, 0xb4a2, 0xb4a3, 0xb4a3, 0xb4a3, 0xb4a3, 0xb4a3, 0xb4a4, 0xb4a4, 0xb4a4, 0xb4a4, 0xb4a5, 0xb4a5, 0xb4a5,
    0xb4a5, 0xb4a6, 0xb4a6, 0xb4a6, 0xb4a6, 0xb4a6, 0xb4a7, 0xb4a7, 0xb4a7, 0xb4a7, 0xb4a8, 0xb4a8, 0xb4a8, 0xb4a8, 0xb4a9, 0xb4a9,
    0xb4a9, 0xb4a9, 0xb4a9, 0xb4aa, 0xb4aa, 0xb4aa, 0xb4aa, 0xb4ab, 0xb4ab, 0xb4ab, 0xb4ab, 0xb4ac, 0xb4ac, 0xb4ac, 0xb4ac, 0xb4ac,
    0xb4ad, 0xb4ad, 0xb4ad, 0xb4ad, 0xb4ae, 0xb4ae, 0xb4ae, 0xb4ae, 0xb4ae, 0xb4af, 0xb4af, 0xb4af, 0xb4af, 0xb4b0, 0xb4b0, 0xb4b0,
    0xb4b0, 0xb4b0, 0xb4b1, 0xb4b1, 0xb4b1, 0xb4b1, 0xb4b2, 0xb4b2, 0xb4b2, 0xb4b2, 0xb4b2, 0xb4b3, 0xb4b3, 0xb4b3, 0xb4b3, 0xb4b4,
    0xb4b4, 0xb4b4, 0xb4b4, 0xb4b4, 0xb4b5, 0xb4b5, 0xb4b5, 0xb4b5, 0xb4b6, 0xb4b6, 0xb4b6, 0xb4b6, 0xb4b6, 0xb4b7, 0xb4b7, 0xb4b7,
    0xb4b7, 0xb4b8, 0xb4b8, 0xb4b8, 0xb4b8, 0xb4b8, 0xb4b9, 0xb4b9, 0xb4b9, 0xb4b9, 0xb4ba, 0xb4ba, 0xb4ba, 0xb4ba, 0xb4ba, 0xb4bb,
    0xb4bb, 0xb4bb, 0xb4bb, 0xb4bc, 0xb4bc, 0xb4bc, 0xb4bc, 0xb4bc, 0xb4bd, 0xb4bd, 0xb4bd, 0xb4bd, 0xb4bd, 0xb4be, 0xb4be, 0xb4be,
    0xb4be, 0xb4bf, 0xb4bf, 0xb4bf, 0xb4bf, 0xb4bf, 0xb4c0, 0xb4c0, 0xb4c0, 0xb4c0, 0xb4c0, 0xb4c1, 0xb4c1, 0xb4c1, 0xb4c1, 0xb4c2,
    0xb4c2, 0xb4c2, 0xb4c2, 0xb4c2, 0xb4c3, 0xb4c3, 0xb4c3, 0xb4c3, 0xb4c3, 0xb4c4, 0xb4c4, 0xb4c4, 0xb4c4, 0xb4c5, 0xb4c5, 0xb4c5,
    0xb4c5, 0xb4c5, 0xb4c6, 0xb4c6, 0xb4c6, 0xb4c6, 0xb4c6, 0xb4c7, 0xb4c7, 0xb4c7, 0xb4c7, 0xb4c7, 0xb4c8, 0xb4c8, 0xb4c8, 0xb4c8,
    0xb4c9, 0xb4c9, 0xb4c9, 0xb4c9, 0xb4c9, 0xb4ca, 0xb4ca, 0xb4ca, 0xb4ca, 0xb4ca, 0xb4cb, 0xb4cb, 0xb4cb, 0xb4cb, 0xb4cb, 0xb4cc,
    0xb4cc, 0xb4cc, 0xb4cc, 0xb4cc, 0xb4cd, 0xb4cd, 0xb4cd, 0xb4cd, 0xb4ce, 0xb4ce, 0xb4ce, 0xb4ce, 0xb4ce, 0xb4cf, 0xb4cf, 0xb4cf,
    0xb4cf, 0xb4cf, 0xb4d0, 0xb4d0, 0xb4d0, 0xb4d0, 0xb4d0, 0xb4d1, 0xb4d1, 0xb4d1, 0xb4d1, 0xb4d1, 0xb4d2, 0xb4d2, 0xb4d2, 0xb4d2,
    0xb4d2, 0xb4d3, 0xb4d3, 0xb4d3, 0xb4d3, 0xb4d3, 0xb4d4, 0xb4d4, 0xb4d4, 0xb4d4, 0xb4d5, 0xb4d5, 0xb4d5, 0xb4d5, 0xb4d5, 0xb4d6,
    0xb4d6, 0xb4d6, 0xb4d6, 0xb4d6, 0xb4d7, 0xb4d7, 0xb4d7, 0xb4d7, 0xb4d7, 0xb4d8, 0xb4d8, 0xb4d8, 0xb4d8, 0xb4d8, 0xb4d9, 0xb4d9,
    0xb4d9, 0xb4d9, 0xb4d9, 0xb4da, 0xb4da, 0xb4da, 0xb4da, 0xb4da, 0xb4db, 0xb4db, 0xb4db, 0xb4db, 0xb4db, 0xb4dc, 0xb4dc, 0xb4dc,
    0xb4dc, 0xb4dc, 0xb4dd, 0xb4dd, 0xb4dd, 0xb4dd, 0xb4dd, 0xb4de, 0xb4de, 0xb4de, 0xb4de, 0xb4de, 0xb4df, 0xb4df, 0xb4df, 0xb4df,
    0xb4df, 0xb4e0, 0xb4e0, 0xb4e0, 0xb4e0, 0xb4e0, 0xb4e0, 0xb4e1, 0xb4e1, 0xb4e1, 0xb4e1, 0xb4e1, 0xb4e2, 0xb4e2, 0xb4e2, 0xb4e2,
    0xb4e2, 0xb4e3, 0xb4e3, 0xb4e3, 0xb4e3, 0xb4e3, 0xb4e4, 0xb4e4, 0xb4e4, 0xb4e4, 0xb4e4, 0xb4e5, 0xb4e5, 0xb4e5, 0xb4e5, 0xb4e5,
    0xb4e6, 0xb4e6, 0xb4e6, 0xb4e6, 0xb4e6, 0xb4e7, 0xb4e7, 0xb4e7, 0xb4e7, 0xb4e7, 0xb4e8, 0xb4e8, 0xb4e8, 0xb4e8, 0xb4e8, 0xb4e8,
    0xb4e9, 0xb4e9, 0xb4e9, 0xb4e9, 0xb4e9, 0xb4ea, 0xb4ea, 0xb4ea, 0xb4ea, 0xb4ea, 0xb4eb, 0xb4eb, 0xb4eb, 0xb4eb, 0xb4eb, 0xb4ec,
    0xb4ec, 0xb4ec, 0xb4ec, 0xb4ec, 0xb4ec, 0xb4ed, 0xb4ed, 0xb4ed, 0xb4ed, 0xb4ed, 0xb4ee, 0xb4ee, 0xb4ee, 0xb4ee, 0xb4ee, 0xb4ef,
    0xb4ef, 0xb4ef, 0xb4ef, 0xb4ef, 0xb4f0, 0xb4f0, 0xb4f0, 0xb4f0, 0xb4f0, 0xb4f0, 0xb4f1, 0xb4f1, 0xb4f1, 0xb4f1, 0xb4f1, 0xb4f2,
    0xb4f2, 0xb4f2, 0xb4f2, 0xb4f2, 0xb4f3, 0xb4f3, 0xb4f3, 0xb4f3, 0xb4f3, 0xb4f3, 0xb4f4, 0xb4f4, 0xb4f4, 0xb4f4, 0xb4f4, 0xb4f5,
    0xb4f5, 0xb4f5, 0xb4f5, 0xb4f5, 0xb4f6, 0xb4f6, 0xb4f6, 0xb4f6, 0xb4f6, 0xb4f6, 0xb4f7, 0xb4f7, 0xb4f7, 0xb4f7, 0xb4f7, 0xb4f8,
    0xb4f8, 0xb4f8, 0xb4f8, 0xb4f8, 0xb4f8, 0xb4f9, 0xb4f9, 0xb4f9, 0xb4f9, 0xb4f9, 0xb4fa, 0xb4fa, 0xb4fa, 0xb4fa, 0xb4fa, 0xb4fb,
    0xb4fb, 0xb4fb, 0xb4fb, 0xb4fb, 0xb4fb, 0xb4fc, 0xb4fc, 0xb4fc, 0xb4fc, 0xb4fc, 0xb4fd, 0xb4fd, 0xb4fd, 0xb4fd, 0xb4fd, 0xb4fd,
    0xb4fe, 0xb4fe, 0xb4fe, 0xb4fe, 0xb4fe, 0xb4ff, 0xb4ff, 0xb4ff, 0xb4ff, 0xb4ff, 0xb4ff, 0xb500, 0xb500, 0xb500, 0xb500, 0xb500,
    0xb500, 0xb501, 0xb501, 0xb502, 0xb502, 0xb502, 0xb503, 0xb503, 0xb503, 0xb504, 0xb504, 0xb504, 0xb505, 0xb505, 0xb506, 0xb506,
    0xb506, 0xb507, 0xb507, 0xb507, 0xb508, 0xb508, 0xb508, 0xb509, 0xb509, 0xb509, 0xb50a, 0xb50a, 0xb50a, 0xb50b, 0xb50b, 0xb50c,
    0xb50c, 0xb50c, 0xb50d, 0xb50d, 0xb50d, 0xb50e, 0xb50e, 0xb50e, 0xb50f, 0xb50f, 0xb50f, 0xb510, 0xb510, 0xb510, 0xb511, 0xb511,
    0xb511, 0xb512, 0xb512, 0xb512, 0xb513, 0xb513, 0xb513, 0xb514, 0xb514, 0xb515, 0xb515, 0xb515, 0xb516, 0xb516, 0xb516, 0xb517,
    0xb517, 0xb517, 0xb518, 0xb518, 0xb518, 0xb519, 0xb519, 0xb519, 0xb51a, 0xb51a, 0xb51a, 0xb51b, 0xb51b, 0xb51b, 0xb51c, 0xb51c,
    0xb51c, 0xb51d, 0xb51d, 0xb51d, 0xb51e, 0xb51e, 0xb51e, 0xb51f, 0xb51f, 0xb51f, 0xb520, 0xb520, 0xb520, 0xb521, 0xb521, 0xb521,
    0xb522, 0xb522, 0xb522, 0xb523, 0xb523, 0xb523, 0xb524, 0xb524, 0xb524, 0xb525, 0xb525, 0xb525, 0xb526, 0xb526, 0xb526, 0xb527,
    0xb527, 0xb527, 0xb527, 0xb528, 0xb528, 0xb528, 0xb529, 0xb529, 0xb529, 0xb52a, 0xb52a, 0xb52a, 0xb52b, 0xb52b, 0xb52b, 0xb52c,
    0xb52c, 0xb52c, 0xb52d, 0xb52d, 0xb52d, 0xb52e, 0xb52e, 0xb52e, 0xb52f, 0xb52f, 0xb52f, 0xb530, 0xb530, 0xb530, 0xb530, 0xb531,
    0xb531, 0xb531, 0xb532, 0xb532, 0xb532, 0xb533, 0xb533, 0xb533, 0xb534, 0xb534, 0xb534, 0xb535, 0xb535, 0xb535, 0xb535, 0xb536,
    0xb536, 0xb536, 0xb537, 0xb537, 0xb537, 0xb538, 0xb538, 0xb538, 0xb539, 0xb539, 0xb539, 0xb53a, 0xb53a, 0xb53a, 0xb53a, 0xb53b,
    0xb53b, 0xb53b, 0xb53c, 0xb53c, 0xb53c, 0xb53d, 0xb53d, 0xb53d, 0xb53e, 0xb53e, 0xb53e, 0xb53e, 0xb53f, 0xb53f, 0xb53f, 0xb540,
    0xb540, 0xb540, 0xb541, 0xb541, 0xb541, 0xb541, 0xb542, 0xb542, 0xb542, 0xb543, 0xb543, 0xb543, 0xb544, 0xb544, 0xb544, 0xb544,
    0xb545, 0xb545, 0xb545, 0xb546, 0xb546, 0xb546, 0xb547, 0xb547, 0xb547, 0xb547, 0xb548, 0xb548, 0xb548, 0xb549, 0xb549, 0xb549,
    0xb54a, 0xb54a, 0xb54a, 0xb54a, 0xb54b, 0xb54b, 0xb54b, 0xb54c, 0xb54c, 0xb54c, 0xb54d, 0xb54d, 0xb54d, 0xb54d, 0xb54e, 0xb54e,
    0xb54e, 0xb54f, 0xb54f, 0xb54f, 0xb54f, 0xb550, 0xb550, 0xb550, 0xb551, 0xb551, 0xb551, 0xb551, 0xb552, 0xb552, 0xb552, 0xb553,
    0xb553, 0xb553, 0xb553, 0xb554, 0xb554, 0xb554, 0xb555, 0xb555, 0xb555, 0xb556, 0xb556, 0xb556, 0xb556, 0xb557, 0xb557, 0xb557,
    0xb558, 0xb558, 0xb558, 0xb558, 0xb559, 0xb559, 0xb559, 0xb559, 0xb55a, 0xb55a, 0xb55a, 0xb55b, 0xb55b, 0xb55b, 0xb55b, 0xb55c,
    0xb55c, 0xb55c, 0xb55d, 0xb55d, 0xb55d, 0xb55d, 0xb55e, 0xb55e, 0xb55e, 0xb55f, 0xb55f, 0xb55f, 0xb55f, 0xb560, 0xb560, 0xb560,
    0xb561, 0xb561, 0xb561, 0xb561, 0xb562, 0xb562, 0xb562, 0xb562, 0xb563, 0xb563, 0xb563, 0xb564, 0xb564, 0xb564, 0xb564, 0xb565,
    0xb565, 0xb565, 0xb565, 0xb566, 0xb566, 0xb566, 0xb567, 0xb567, 0xb567, 0xb567, 0xb568, 0xb568, 0xb568, 0xb568, 0xb569, 0xb569,
    0xb569, 0xb56a, 0xb56a, 0xb56a, 0xb56a, 0xb56b, 0xb56b, 0xb56b, 0xb56b, 0xb56c, 0xb56c, 0xb56c, 0xb56d, 0xb56d, 0xb56d, 0xb56d,
    0xb56e, 0xb56e, 0xb56e, 0xb56e, 0xb56f, 0xb56f, 0xb56f, 0xb56f, 0xb570, 0xb570, 0xb570, 0xb571, 0xb571, 0xb571, 0xb571, 0xb572,
    0xb572, 0xb572, 0xb572, 0xb573, 0xb573, 0xb573, 0xb573, 0xb574, 0xb574, 0xb574, 0xb575, 0xb575, 0xb575, 0xb575, 0xb576, 0xb576,
    0xb576, 0xb576, 0xb577, 0xb577, 0xb577, 0xb577, 0xb578, 0xb578, 0xb578, 0xb578, 0xb579, 0xb579, 0xb579, 0xb57a, 0xb57a, 0xb57a,
    0xb57a, 0xb57b, 0xb57b, 0xb57b, 0xb57b, 0xb57c, 0xb57c, 0xb57c, 0xb57c, 0xb57d, 0xb57d, 0xb57d, 0xb57d, 0xb57e, 0xb57e, 0xb57e,
    0xb57e, 0xb57f, 0xb57f, 0xb57f, 0xb57f, 0xb580, 0xb580, 0xb580, 0xb580, 0xb581, 0xb581, 0xb581, 0xb581, 0xb582, 0xb582, 0xb582,
    0xb582, 0xb583, 0xb583, 0xb583, 0xb584, 0xb584, 0xb584, 0xb584, 0xb585, 0xb585, 0xb585, 0xb585, 0xb586, 0xb586, 0xb586, 0xb586,
    0xb587, 0xb587, 0xb587, 0xb587, 0xb588, 0xb588, 0xb588, 0xb588, 0xb589, 0xb589, 0xb589, 0xb589, 0xb58a, 0xb58a, 0xb58a, 0xb58a,
    0xb58b, 0xb58b, 0xb58b, 0xb58b, 0xb58c, 0xb58c, 0xb58c, 0xb58c, 0xb58d, 0xb58d, 0xb58d, 0xb58d, 0xb58d, 0xb58e, 0xb58e, 0xb58e,
    0xb58e, 0xb58f, 0xb58f, 0xb58f, 0xb58f, 0xb590, 0xb590, 0xb590, 0xb590, 0xb591, 0xb591, 0xb591, 0xb591, 0xb592, 0xb592, 0xb592,
    0xb592, 0xb593, 0xb593, 0xb593, 0xb593, 0xb594, 0xb594, 0xb594, 0xb594, 0xb595, 0xb595, 0xb595, 0xb595, 0xb596, 0xb596, 0xb596,
    0xb596, 0xb596, 0xb597, 0xb597, 0xb597, 0xb597, 0xb598, 0xb598, 0xb598, 0xb598, 0xb599, 0xb599, 0xb599, 0xb599, 0xb59a, 0xb59a,
    0xb59a, 0xb59a, 0xb59b, 0xb59b, 0xb59b, 0xb59b, 0xb59c, 0xb59c, 0xb59c, 0xb59c, 0xb59c, 0xb59d, 0xb59d, 0xb59d, 0xb59d, 0xb59e,
    0xb59e, 0xb59e, 0xb59e, 0xb59f, 0xb59f, 0xb59f, 0xb59f, 0xb5a0, 0xb5a0, 0xb5a0, 0xb5a0, 0xb5a0, 0xb5a1, 0xb5a1, 0xb5a1, 0xb5a1,
    0xb5a2, 0xb5a2, 0xb5a2, 0xb5a2, 0xb5a3, 0xb5a3, 0xb5a3, 0xb5a3, 0xb5a3, 0xb5a4, 0xb5a4, 0xb5a4, 0xb5a4, 0xb5a5, 0xb5a5, 0xb5a5,
    0xb5a5, 0xb5a6, 0xb5a6, 0xb5a6, 0xb5a6, 0xb5a6, 0xb5a7, 0xb5a7, 0xb5a7, 0xb5a7, 0xb5a8, 0xb5a8, 0xb5a8, 0xb5a8, 0xb5a9, 0xb5a9,
    0xb5a9, 0xb5a9, 0xb5a9, 0xb5aa, 0xb5aa, 0xb5aa, 0xb5aa, 0xb5ab, 0xb5ab, 0xb5ab, 0xb5ab, 0xb5ac, 0xb5ac, 0xb5ac, 0xb5ac, 0xb5ac,
    0xb5ad, 0xb5ad, 0xb5ad, 0xb5ad, 0xb5ae, 0xb5ae, 0xb5ae, 0xb5ae, 0xb5ae, 0xb5af, 0xb5af, 0xb5af, 0xb5af, 0xb5b0, 0xb5b0, 0xb5b0,
    0xb5b0, 0xb5b0, 0xb5b1, 0xb5b1, 0xb5b1, 0xb5b1, 0xb5b2, 0xb5b2, 0xb5b2, 0xb5b2, 0xb5b2, 0xb5b3, 0xb5b3, 0xb5b3, 0xb5b3, 0xb5b4,
    0xb5b4, 0xb5b4, 0xb5b4, 0xb5b4, 0xb5b5, 0xb5b5, 0xb5b5, 0xb5b5, 0xb5b6, 0xb5b6, 0xb5b6, 0xb5b6, 0xb5b6, 0xb5b7, 0xb5b7, 0xb5b7,
    0xb5b7, 0xb5b8, 0xb5b8, 0xb5b8, 0xb5b8, 0xb5b8, 0xb5b9, 0xb5b9, 0xb5b9, 0xb5b9, 0xb5ba, 0xb5ba, 0xb5ba, 0xb5ba, 0xb5ba, 0xb5bb,
    0xb5bb, 0xb5bb, 0xb5bb, 0xb5bc, 0xb5bc, 0xb5bc, 0xb5bc, 0xb5bc, 0xb5bd, 0xb5bd, 0xb5bd, 0xb5bd, 0xb5bd, 0xb5be, 0xb5be, 0xb5be,
    0xb5be, 0xb5bf, 0xb5bf, 0xb5bf, 0xb5bf, 0xb5bf, 0xb5c0, 0xb5c0, 0xb5c0, 0xb5c0, 0xb5c0, 0xb5c1, 0xb5c1, 0xb5c1, 0xb5c1, 0xb5c2,
    0xb5c2, 0xb5c2, 0xb5c2, 0xb5c2, 0xb5c3, 0xb5c3, 0xb5c3, 0xb5c3, 0xb5c3, 0xb5c4, 0xb5c4, 0xb5c4, 0xb5c4, 0xb5c5, 0xb5c5, 0xb5c5,
    0xb5c5, 0xb5c5, 0xb5c6, 0xb5c6, 0xb5c6, 0xb5c6, 0xb5c6, 0xb5c7, 0xb5c7, 0xb5c7, 0xb5c7, 0xb5c7, 0xb5c8, 0xb5c8, 0xb5c8, 0xb5c8,
    0xb5c9, 0xb5c9, 0xb5c9, 0xb5c9, 0xb5c9, 0xb5ca, 0xb5ca, 0xb5ca, 0xb5ca, 0xb5ca, 0xb5cb, 0xb5cb, 0xb5cb, 0xb5cb, 0xb5cb, 0xb5cc,
    0xb5cc, 0xb5cc, 0xb5cc, 0xb5cc, 0xb5cd, 0xb5cd, 0xb5cd, 0xb5cd, 0xb5ce, 0xb5ce, 0xb5ce, 0xb5ce, 0xb5ce, 0xb5cf, 0xb5cf, 0xb5cf,
    0xb5cf, 0xb5cf, 0xb5d0, 0xb5d0, 0xb5d0, 0xb5d0, 0xb5d0, 0xb5d1, 0xb5d1, 0xb5d1, 0xb5d1, 0xb5d1, 0xb5d2, 0xb5d2, 0xb5d2, 0xb5d2,
    0xb5d2, 0xb5d3, 0xb5d3, 0xb5d3, 0xb5d3, 0xb5d3, 0xb5d4, 0xb5d4, 0xb5d4, 0xb5d4, 0xb5d5, 0xb5d5, 0xb5d5, 0xb5d5, 0xb5d5, 0xb5d6,
    0xb5d6, 0xb5d6, 0xb5d6, 0xb5d6, 0xb5d7, 0xb5d7, 0xb5d7, 0xb5d7, 0xb5d7, 0xb5d8, 0xb5d8, 0xb5d8, 0xb5d8, 0xb5d8, 0xb5d9, 0xb5d9,
    0xb5d9, 0xb5d9, 0xb5d9, 0xb5da, 0xb5da, 0xb5da, 0xb5da, 0xb5da, 0xb5db, 0xb5db, 0xb5db, 0xb5db, 0xb5db, 0xb5dc, 0xb5dc, 0xb5dc,
    0xb5dc, 0xb5dc, 0xb5dd, 0xb5dd, 0xb5dd, 0xb5dd, 0xb5dd, 0xb5de, 0xb5de, 0xb5de, 0xb5de, 0xb5de, 0xb5df, 0xb5df, 0xb5df, 0xb5df,
    0xb5df, 0xb5e0, 0xb5e0, 0xb5e0, 0xb5e0, 0xb5e0, 0xb5e0, 0xb5e1, 0xb5e1, 0xb5e1, 0xb5e1, 0xb5e1, 0xb5e2, 0xb5e2, 0xb5e2, 0xb5e2,
    0xb5e2, 0xb5e3, 0xb5e3, 0xb5e3, 0xb5e3, 0xb5e3, 0xb5e4, 0xb5e4, 0xb5e4, 0xb5e4, 0xb5e4, 0xb5e5, 0xb5e5, 0xb5e5, 0xb5e5, 0xb5e5,
    0xb5e6, 0xb5e6, 0xb5e6, 0xb5e6, 0xb5e6, 0xb5e7, 0xb5e7, 0xb5e7, 0xb5e7, 0xb5e7, 0xb5e8, 0xb5e8, 0xb5e8, 0xb5e8, 0xb5e8, 0xb5e8,
    0xb5e9, 0xb5e9, 0xb5e9, 0xb5e9, 0xb5e9, 0xb5ea, 0xb5ea, 0xb5ea, 0xb5ea, 0xb5ea, 0xb5eb, 0xb5eb, 0xb5eb, 0xb5eb, 0xb5eb, 0xb5ec,
    0xb5ec, 0xb5ec, 0xb5ec, 0xb5ec, 0xb5ec, 0xb5ed, 0xb5ed, 0xb5ed, 0xb5ed, 0xb5ed, 0xb5ee, 0xb5ee, 0xb5ee, 0xb5ee, 0xb5ee, 0xb5ef,
    0xb5ef, 0xb5ef, 0xb5ef, 0xb5ef, 0xb5f0, 0xb5f0, 0xb5f0, 0xb5f0, 0xb5f0, 0xb5f0, 0xb5f1, 0xb5f1, 0xb5f1, 0xb5f1, 0xb5f1, 0xb5f2,
    0xb5f2, 0xb5f2, 0xb5f2, 0xb5f2, 0xb5f3, 0xb5f3, 0xb5f3, 0xb5f3, 0xb5f3, 0xb5f3, 0xb5f4, 0xb5f4, 0xb5f4, 0xb5f4, 0xb5f4, 0xb5f5,
    0xb5f5, 0xb5f5, 0xb5f5, 0xb5f5, 0xb5f6, 0xb5f6, 0xb5f6, 0xb5f6, 0xb5f6, 0xb5f6, 0xb5f7, 0xb5f7, 0xb5f7, 0xb5f7, 0xb5f7, 0xb5f8,
    0xb5f8, 0xb5f8, 0xb5f8, 0xb5f8, 0xb5f8, 0xb5f9, 0xb5f9, 0xb5f9, 0xb5f9, 0xb5f9, 0xb5fa, 0xb5fa, 0xb5fa, 0xb5fa, 0xb5fa, 0xb5fb,
    0xb5fb, 0xb5fb, 0xb5fb, 0xb5fb, 0xb5fb, 0xb5fc, 0xb5fc, 0xb5fc, 0xb5fc, 0xb5fc, 0xb5fd, 0xb5fd, 0xb5fd, 0xb5fd, 0xb5fd, 0xb5fd,
    0xb5fe, 0xb5fe, 0xb5fe, 0xb5fe, 0xb5fe, 0xb5ff, 0xb5ff, 0xb5ff, 0xb5ff, 0xb5ff, 0xb5ff, 0xb600, 0xb600, 0xb600, 0xb600, 0xb600,
    0xb600, 0xb601, 0xb601, 0xb602, 0xb602, 0xb602, 0xb603, 0xb603, 0xb603, 0xb604, 0xb604, 0xb604, 0xb605, 0xb605, 0xb606, 0xb606,
    0xb606, 0xb607, 0xb607, 0xb607, 0xb608, 0xb608, 0xb608, 0xb609, 0xb609, 0xb609, 0xb60a, 0xb60a, 0xb60a, 0xb60b, 0xb60b, 0xb60c,
    0xb60c, 0xb60c, 0xb60d, 0xb60d, 0xb60d, 0xb60e, 0xb60e, 0xb60e, 0xb60f, 0xb60f, 0xb60f, 0xb610, 0xb610, 0xb610, 0xb611, 0xb611,
    0xb611, 0xb612, 0xb612, 0xb612, 0xb613, 0xb613, 0xb613, 0xb614, 0xb614, 0xb615, 0xb615, 0xb615, 0xb616, 0xb616, 0xb616, 0xb617,
    0xb617, 0xb617, 0xb618, 0xb618, 0xb618, 0xb619, 0xb619, 0xb619, 0xb61a, 0xb61a, 0xb61a, 0xb61b, 0xb61b, 0xb61b, 0xb61c, 0xb61c,
    0xb61c, 0xb61d, 0xb61d, 0xb61d, 0xb61e, 0xb61e, 0xb61e, 0xb61f, 0xb61f, 0xb61f, 0xb620, 0xb620, 0xb620, 0xb621, 0xb621, 0xb621,
    0xb622, 0xb622, 0xb622, 0xb623, 0xb623, 0xb623, 0xb624, 0xb624, 0xb624, 0xb625, 0xb625, 0xb625, 0xb626, 0xb626, 0xb626, 0xb627,
    0xb627, 0xb627, 0xb627, 0xb628, 0xb628, 0xb628, 0xb629, 0xb629, 0xb629, 0xb62a, 0xb62a, 0xb62a, 0xb62b, 0xb62b, 0xb62b, 0xb62c,
    0xb62c, 0xb62c, 0xb62d, 0xb62d, 0xb62d, 0xb62e, 0xb62e, 0xb62e, 0xb62f, 0xb62f, 0xb62f, 0xb630, 0xb630, 0xb630, 0xb630, 0xb631,
    0xb631, 0xb631, 0xb632, 0xb632, 0xb632, 0xb633, 0xb633, 0xb633, 0xb634, 0xb634, 0xb634, 0xb635, 0xb635, 0xb635, 0xb635, 0xb636,
    0xb636, 0xb636, 0xb637, 0xb637, 0xb637, 0xb638, 0xb638, 0xb638, 0xb639, 0xb639, 0xb639, 0xb63a, 0xb63a, 0xb63a, 0xb63a, 0xb63b,
    0xb63b, 0xb63b, 0xb63c, 0xb63c, 0xb63c, 0xb63d, 0xb63d, 0xb63d, 0xb63e, 0xb63e, 0xb63e, 0xb63e, 0xb63f, 0xb63f, 0xb63f, 0xb640,
    0xb640, 0xb640, 0xb641, 0xb641, 0xb641, 0xb641, 0xb642, 0xb642, 0xb642, 0xb643, 0xb643, 0xb643, 0xb644, 0xb644, 0xb644, 0xb644,
    0xb645, 0xb645, 0xb645, 0xb646, 0xb646, 0xb646, 0xb647, 0xb647, 0xb647, 0xb647, 0xb648, 0xb648, 0xb648, 0xb649, 0xb649, 0xb649,
    0xb64a, 0xb64a, 0xb64a, 0xb64a, 0xb64b, 0xb64b, 0xb64b, 0xb64c, 0xb64c, 0xb64c, 0xb64d, 0xb64d, 0xb64d, 0xb64d, 0xb64e, 0xb64e,
    0xb64e, 0xb64f, 0xb64f, 0xb64f, 0xb64f, 0xb650, 0xb650, 0xb650, 0xb651, 0xb651, 0xb651, 0xb651, 0xb652, 0xb652, 0xb652, 0xb653,
    0xb653, 0xb653, 0xb653, 0xb654, 0xb654, 0xb654, 0xb655, 0xb655, 0xb655, 0xb656, 0xb656, 0xb656, 0xb656, 0xb657, 0xb657, 0xb657,
    0xb658, 0xb658, 0xb658, 0xb658, 0xb659, 0xb659, 0xb659, 0xb659, 0xb65a, 0xb65a, 0xb65a, 0xb65b, 0xb65b, 0xb65b, 0xb65b, 0xb65c,
    0xb65c, 0xb65c, 0xb65d, 0xb65d, 0xb65d, 0xb65d, 0xb65e, 0xb65e, 0xb65e, 0xb65f, 0xb65f, 0xb65f, 0xb65f, 0xb660, 0xb660, 0xb660,
    0xb661, 0xb661, 0xb661, 0xb661, 0xb662, 0xb662, 0xb662, 0xb662, 0xb663, 0xb663, 0xb663, 0xb664, 0xb664, 0xb664, 0xb664, 0xb665,
    0xb665, 0xb665, 0xb665, 0xb666, 0xb666, 0xb666, 0xb667, 0xb667, 0xb667, 0xb667, 0xb668, 0xb668, 0xb668, 0xb668, 0xb669, 0xb669,
    0xb669, 0xb66a, 0xb66a, 0xb66a, 0xb66a, 0xb66b, 0xb66b, 0xb66b, 0xb66b, 0xb66c, 0xb66c, 0xb66c, 0xb66d, 0xb66d, 0xb66d, 0xb66d,
    0xb66e, 0xb66e, 0xb66e, 0xb66e, 0xb66f, 0xb66f, 0xb66f, 0xb66f, 0xb670, 0xb670, 0xb670, 0xb671, 0xb671, 0xb671, 0xb671, 0xb672,
    0xb672, 0xb672, 0xb672, 0xb673, 0xb673, 0xb673, 0xb673, 0xb674, 0xb674, 0xb674, 0xb675, 0xb675, 0xb675, 0xb675, 0xb676, 0xb676,
    0xb676, 0xb676, 0xb677, 0xb677, 0xb677, 0xb677, 0xb678, 0xb678, 0xb678, 0xb678, 0xb679, 0xb679, 0xb679, 0xb67a, 0xb67a, 0xb67a,
    0xb67a, 0xb67b, 0xb67b, 0xb67b, 0xb67b, 0xb67c, 0xb67c, 0xb67c, 0xb67c, 0xb67d, 0xb67d, 0xb67d, 0xb67d, 0xb67e, 0xb67e, 0xb67e,
    0xb67e, 0xb67f, 0xb67f, 0xb67f, 0xb67f, 0xb680, 0xb680, 0xb680, 0xb680, 0xb681, 0xb681, 0xb681, 0xb681, 0xb682, 0xb682, 0xb682,
    0xb682, 0xb683, 0xb683, 0xb683, 0xb684, 0xb684, 0xb684, 0xb684, 0xb685, 0xb685, 0xb685, 0xb685, 0xb686, 0xb686, 0xb686, 0xb686,
    0xb687, 0xb687, 0xb687, 0xb687, 0xb688, 0xb688, 0xb688, 0xb688, 0xb689, 0xb689, 0xb689, 0xb689, 0xb68a, 0xb68a, 0xb68a, 0xb68a,
    0xb68b, 0xb68b, 0xb68b, 0xb68b, 0xb68c, 0xb68c, 0xb68c, 0xb68c, 0xb68d, 0xb68d, 0xb68d, 0xb68d, 0xb68d, 0xb68e, 0xb68e, 0xb68e,
    0xb68e, 0xb68f, 0xb68f, 0xb68f, 0xb68f, 0xb690, 0xb690, 0xb690, 0xb690, 0xb691, 0xb691, 0xb691, 0xb691, 0xb692, 0xb692, 0xb692,
    0xb692, 0xb693, 0xb693, 0xb693, 0xb693, 0xb694, 0xb694, 0xb694, 0xb694, 0xb695, 0xb695, 0xb695, 0xb695, 0xb696, 0xb696, 0xb696,
    0xb696, 0xb696, 0xb697, 0xb697, 0xb697, 0xb697, 0xb698, 0xb698, 0xb698, 0xb698, 0xb699, 0xb699, 0xb699, 0xb699, 0xb69a, 0xb69a,
    0xb69a, 0xb69a, 0xb69b, 0xb69b, 0xb69b, 0xb69b, 0xb69c, 0xb69c, 0xb69c, 0xb69c, 0xb69c, 0xb69d, 0xb69d, 0xb69d, 0xb69d, 0xb69e,
    0xb69e, 0xb69e, 0xb69e, 0xb69f, 0xb69f, 0xb69f, 0xb69f, 0xb6a0, 0xb6a0, 0xb6a0, 0xb6a0, 0xb6a0, 0xb6a1, 0xb6a1, 0xb6a1, 0xb6a1,
    0xb6a2, 0xb6a2, 0xb6a2, 0xb6a2, 0xb6a3, 0xb6a3, 0xb6a3, 0xb6a3, 0xb6a3, 0xb6a4, 0xb6a4, 0xb6a4, 0xb6a4, 0xb6a5, 0xb6a5, 0xb6a5,
    0xb6a5, 0xb6a6, 0xb6a6, 0xb6a6, 0xb6a6, 0xb6a6, 0xb6a7, 0xb6a7, 0xb6a7, 0xb6a7, 0xb6a8, 0xb6a8, 0xb6a8, 0xb6a8, 0xb6a9, 0xb6a9,
    0xb6a9, 0xb6a9, 0xb6a9, 0xb6aa, 0xb6aa, 0xb6aa, 0xb6aa, 0xb6ab, 0xb6ab, 0xb6ab, 0xb6ab, 0xb6ac, 0xb6ac, 0xb6ac, 0xb6ac, 0xb6ac,
    0xb6ad, 0xb6ad, 0xb6ad, 0xb6ad, 0xb6ae, 0xb6ae, 0xb6ae, 0xb6ae, 0xb6ae, 0xb6af, 0xb6af, 0xb6af, 0xb6af, 0xb6b0, 0xb6b0, 0xb6b0,
    0xb6b0, 0xb6b0, 0xb6b1, 0xb6b1, 0xb6b1, 0xb6b1, 0xb6b2, 0xb6b2, 0xb6b2, 0xb6b2, 0xb6b2, 0xb6b3, 0xb6b3, 0xb6b3, 0xb6b3, 0xb6b4,
    0xb6b4, 0xb6b4, 0xb6b4, 0xb6b4, 0xb6b5, 0xb6b5, 0xb6b5, 0xb6b5, 0xb6b6, 0xb6b6, 0xb6b6, 0xb6b6, 0xb6b6, 0xb6b7, 0xb6b7, 0xb6b7,
    0xb6b7, 0xb6b8, 0xb6b8, 0xb6b8, 0xb6b8, 0xb6b8, 0xb6b9, 0xb6b9, 0xb6b9, 0xb6b9, 0xb6ba, 0xb6ba, 0xb6ba, 0xb6ba, 0xb6ba, 0xb6bb,
    0xb6bb, 0xb6bb, 0xb6bb, 0xb6bc, 0xb6bc, 0xb6bc, 0xb6bc, 0xb6bc, 0xb6bd, 0xb6bd, 0xb6bd, 0xb6bd, 0xb6bd, 0xb6be, 0xb6be, 0xb6be,
    0xb6be, 0xb6bf, 0xb6bf, 0xb6bf, 0xb6bf, 0xb6bf, 0xb6c0, 0xb6c0, 0xb6c0, 0xb6c0, 0xb6c0, 0xb6c1, 0xb6c1, 0xb6c1, 0xb6c1, 0xb6c2,
    0xb6c2, 0xb6c2, 0xb6c2, 0xb6c2, 0xb6c3, 0xb6c3, 0xb6c3, 0xb6c3, 0xb6c3, 0xb6c4, 0xb6c4, 0xb6c4, 0xb6c4, 0xb6c5, 0xb6c5, 0xb6c5,
    0xb6c5, 0xb6c5, 0xb6c6, 0xb6c6, 0xb6c6, 0xb6c6, 0xb6c6, 0xb6c7, 0xb6c7, 0xb6c7, 0xb6c7, 0xb6c7, 0xb6c8, 0xb6c8, 0xb6c8, 0xb6c8,
    0xb6c9, 0xb6c9, 0xb6c9, 0xb6c9, 0xb6c9, 0xb6ca, 0xb6ca, 0xb6ca, 0xb6ca, 0xb6ca, 0xb6cb, 0xb6cb, 0xb6cb, 0xb6cb, 0xb6cb, 0xb6cc,
    0xb6cc, 0xb6cc, 0xb6cc, 0xb6cc, 0xb6cd, 0xb6cd, 0xb6cd, 0xb6cd, 0xb6ce, 0xb6ce, 0xb6ce, 0xb6ce, 0xb6ce, 0xb6cf, 0xb6cf, 0xb6cf,
    0xb6cf, 0xb6cf, 0xb6d0, 0xb6d0, 0xb6d0, 0xb6d0, 0xb6d0, 0xb6d1, 0xb6d1, 0xb6d1, 0xb6d1, 0xb6d1, 0xb6d2, 0xb6d2, 0xb6d2, 0xb6d2,
    0xb6d2, 0xb6d3, 0xb6d3, 0xb6d3, 0xb6d3, 0xb6d3, 0xb6d4, 0xb6d4, 0xb6d4, 0xb6d4, 0xb6d5, 0xb6d5, 0xb6d5, 0xb6d5, 0xb6d5, 0xb6d6,
    0xb6d6, 0xb6d6, 0xb6d6, 0xb6d6, 0xb6d7, 0xb6d7, 0xb6d7, 0xb6d7, 0xb6d7, 0xb6d8, 0xb6d8, 0xb6d8, 0xb6d8, 0xb6d8, 0xb6d9, 0xb6d9,
    0xb6d9, 0xb6d9, 0xb6d9, 0xb6da, 0xb6da, 0xb6da, 0xb6da, 0xb6da, 0xb6db, 0xb6db, 0xb6db, 0xb6db, 0xb6db, 0xb6dc, 0xb6dc, 0xb6dc,
    0xb6dc, 0xb6dc, 0xb6dd, 0xb6dd, 0xb6dd, 0xb6dd, 0xb6dd, 0xb6de, 0xb6de, 0xb6de, 0xb6de, 0xb6de, 0xb6df, 0xb6df, 0xb6df, 0xb6df,
    0xb6df, 0xb6e0, 0xb6e0, 0xb6e0, 0xb6e0, 0xb6e0, 0xb6e0, 0xb6e1, 0xb6e1, 0xb6e1, 0xb6e1, 0xb6e1, 0xb6e2, 0xb6e2, 0xb6e2, 0xb6e2,
    0xb6e2, 0xb6e3, 0xb6e3, 0xb6e3, 0xb6e3, 0xb6e3, 0xb6e4, 0xb6e4, 0xb6e4, 0xb6e4, 0xb6e4, 0xb6e5, 0xb6e5, 0xb6e5, 0xb6e5, 0xb6e5,
    0xb6e6, 0xb6e6, 0xb6e6, 0xb6e6, 0xb6e6, 0xb6e7, 0xb6e7, 0xb6e7, 0xb6e7, 0xb6e7, 0xb6e8, 0xb6e8, 0xb6e8, 0xb6e8, 0xb6e8, 0xb6e8,
    0xb6e9, 0xb6e9, 0xb6e9, 0xb6e9, 0xb6e9, 0xb6ea, 0xb6ea, 0xb6ea, 0xb6ea, 0xb6ea, 0xb6eb, 0xb6eb, 0xb6eb, 0xb6eb, 0xb6eb, 0xb6ec,
    0xb6ec, 0xb6ec, 0xb6ec, 0xb6ec, 0xb6ec, 0xb6ed, 0xb6ed, 0xb6ed, 0xb6ed, 0xb6ed, 0xb6ee, 0xb6ee, 0xb6ee, 0xb6ee, 0xb6ee, 0xb6ef,
    0xb6ef, 0xb6ef, 0xb6ef, 0xb6ef, 0xb6f0, 0xb6f0, 0xb6f0, 0xb6f0, 0xb6f0, 0xb6f0, 0xb6f1, 0xb6f1, 0xb6f1, 0xb6f1, 0xb6f1, 0xb6f2,
    0xb6f2, 0xb6f2, 0xb6f2, 0xb6f2, 0xb6f3, 0xb6f3, 0xb6f3, 0xb6f3, 0xb6f3, 0xb6f3, 0xb6f4, 0xb6f4, 0xb6f4, 0xb6f4, 0xb6f4, 0xb6f5,
    0xb6f5, 0xb6f5, 0xb6f5, 0xb6f5, 0xb6f6, 0xb6f6, 0xb6f6, 0xb6f6, 0xb6f6, 0xb6f6, 0xb6f7, 0xb6f7, 0xb6f7, 0xb6f7, 0xb6f7, 0xb6f8,
    0xb6f8, 0xb6f8, 0xb6f8, 0xb6f8, 0xb6f8, 0xb6f9, 0xb6f9, 0xb6f9, 0xb6f9, 0xb6f9, 0xb6fa, 0xb6fa, 0xb6fa, 0xb6fa, 0xb6fa, 0xb6fb,
    0xb6fb, 0xb6fb, 0xb6fb, 0xb6fb, 0xb6fb, 0xb6fc, 0xb6fc, 0xb6fc, 0xb6fc, 0xb6fc, 0xb6fd, 0xb6fd, 0xb6fd, 0xb6fd, 0xb6fd, 0xb6fd,
    0xb6fe, 0xb6fe, 0xb6fe, 0xb6fe, 0xb6fe, 0xb6ff, 0xb6ff, 0xb6ff, 0xb6ff, 0xb6ff, 0xb6ff, 0xb700, 0xb700, 0xb700, 0xb700, 0xb700,
    0xb700, 0xb701, 0xb701, 0xb702, 0xb702, 0xb702, 0xb703, 0xb703, 0xb703, 0xb704, 0xb704, 0xb704, 0xb705, 0xb705, 0xb706, 0xb706,
    0xb706, 0xb707, 0xb707, 0xb707, 0xb708, 0xb708, 0xb708, 0xb709, 0xb709, 0xb709, 0xb70a, 0xb70a, 0xb70a, 0xb70b, 0xb70b, 0xb70c,
    0xb70c, 0xb70c, 0xb70d, 0xb70d, 0xb70d, 0xb70e, 0xb70e, 0xb70e, 0xb70f, 0xb70f, 0xb70f, 0xb710, 0xb710, 0xb710, 0xb711, 0xb711,
    0xb711, 0xb712, 0xb712, 0xb712, 0xb713, 0xb713, 0xb713, 0xb714, 0xb714, 0xb715, 0xb715, 0xb715, 0xb716, 0xb716, 0xb716, 0xb717,
    0xb717, 0xb717, 0xb718, 0xb718, 0xb718, 0xb719, 0xb719, 0xb719, 0xb71a, 0xb71a, 0xb71a, 0xb71b, 0xb71b, 0xb71b, 0xb71c, 0xb71c,
    0xb71c, 0xb71d, 0xb71d, 0xb71d, 0xb71e, 0xb71e, 0xb71e, 0xb71f, 0xb71f, 0xb71f, 0xb720, 0xb720, 0xb720, 0xb721, 0xb721, 0xb721,
    0xb722, 0xb722, 0xb722, 0xb723, 0xb723, 0xb723, 0xb724, 0xb724, 0xb724, 0xb725, 0xb725, 0xb725, 0xb726, 0xb726, 0xb726, 0xb727,
    0xb727, 0xb727, 0xb727, 0xb728, 0xb728, 0xb728, 0xb729, 0xb729, 0xb729, 0xb72a, 0xb72a, 0xb72a, 0xb72b, 0xb72b, 0xb72b, 0xb72c,
    0xb72c, 0xb72c, 0xb72d, 0xb72d, 0xb72d, 0xb72e, 0xb72e, 0xb72e, 0xb72f, 0xb72f, 0xb72f, 0xb730, 0xb730, 0xb730, 0xb730, 0xb731,
    0xb731, 0xb731, 0xb732, 0xb732, 0xb732, 0xb733, 0xb733, 0xb733, 0xb734, 0xb734, 0xb734, 0xb735, 0xb735, 0xb735, 0xb735, 0xb736,
    0xb736, 0xb736, 0xb737, 0xb737, 0xb737, 0xb738, 0xb738, 0xb738, 0xb739, 0xb739, 0xb739, 0xb73a, 0xb73a, 0xb73a, 0xb73a, 0xb73b,
    0xb73b, 0xb73b, 0xb73c, 0xb73c, 0xb73c, 0xb73d, 0xb73d, 0xb73d, 0xb73e, 0xb73e, 0xb73e, 0xb73e, 0xb73f, 0xb73f, 0xb73f, 0xb740,
    0xb740, 0xb740, 0xb741, 0xb741, 0xb741, 0xb741, 0xb742, 0xb742, 0xb742, 0xb743, 0xb743, 0xb743, 0xb744, 0xb744, 0xb744, 0xb744,
    0xb745, 0xb745, 0xb745, 0xb746, 0xb746, 0xb746, 0xb747, 0xb747, 0xb747, 0xb747, 0xb748, 0xb748, 0xb748, 0xb749, 0xb749, 0xb749,
    0xb74a, 0xb74a, 0xb74a, 0xb74a, 0xb74b, 0xb74b, 0xb74b, 0xb74c, 0xb74c, 0xb74c, 0xb74d, 0xb74d, 0xb74d, 0xb74d, 0xb74e, 0xb74e,
    0xb74e, 0xb74f, 0xb74f, 0xb74f, 0xb74f, 0xb750, 0xb750, 0xb750, 0xb751, 0xb751, 0xb751, 0xb751, 0xb752, 0xb752, 0xb752, 0xb753,
    0xb753, 0xb753, 0xb753, 0xb754, 0xb754, 0xb754, 0xb755, 0xb755, 0xb755, 0xb756, 0xb756, 0xb756, 0xb756, 0xb757, 0xb757, 0xb757,
    0xb758, 0xb758, 0xb758, 0xb758, 0xb759, 0xb759, 0xb759, 0xb759, 0xb75a, 0xb75a, 0xb75a, 0xb75b, 0xb75b, 0xb75b, 0xb75b, 0xb75c,
    0xb75c, 0xb75c, 0xb75d, 0xb75d, 0xb75d, 0xb75d, 0xb75e, 0xb75e, 0xb75e, 0xb75f, 0xb75f, 0xb75f, 0xb75f, 0xb760, 0xb760, 0xb760,
    0xb761, 0xb761, 0xb761, 0xb761, 0xb762, 0xb762, 0xb762, 0xb762, 0xb763, 0xb763, 0xb763, 0xb764, 0xb764, 0xb764, 0xb764, 0xb765,
    0xb765, 0xb765, 0xb765, 0xb766, 0xb766, 0xb766, 0xb767, 0xb767, 0xb767, 0xb767, 0xb768, 0xb768, 0xb768, 0xb768, 0xb769, 0xb769,
    0xb769, 0xb76a, 0xb76a, 0xb76a, 0xb76a, 0xb76b, 0xb76b, 0xb76b, 0xb76b, 0xb76c, 0xb76c, 0xb76c, 0xb76d, 0xb76d, 0xb76d, 0xb76d,
    0xb76e, 0xb76e, 0xb76e, 0xb76e, 0xb76f, 0xb76f, 0xb76f, 0xb76f, 0xb770, 0xb770, 0xb770, 0xb771, 0xb771, 0xb771, 0xb771, 0xb772,
    0xb772, 0xb772, 0xb772, 0xb773, 0xb773, 0xb773, 0xb773, 0xb774, 0xb774, 0xb774, 0xb775, 0xb775, 0xb775, 0xb775, 0xb776, 0xb776,
    0xb776, 0xb776, 0xb777, 0xb777, 0xb777, 0xb777, 0xb778, 0xb778, 0xb778, 0xb778, 0xb779, 0xb779, 0xb779, 0xb77a, 0xb77a, 0xb77a,
    0xb77a, 0xb77b, 0xb77b, 0xb77b, 0xb77b, 0xb77c, 0xb77c, 0xb77c, 0xb77c, 0xb77d, 0xb77d, 0xb77d, 0xb77d, 0xb77e, 0xb77e, 0xb77e,
    0xb77e, 0xb77f, 0xb77f, 0xb77f, 0xb77f, 0xb780, 0xb780, 0xb780, 0xb780, 0xb781, 0xb781, 0xb781, 0xb781, 0xb782, 0xb782, 0xb782,
    0xb782, 0xb783, 0xb783, 0xb783, 0xb784, 0xb784, 0xb784, 0xb784, 0xb785, 0xb785, 0xb785, 0xb785, 0xb786, 0xb786, 0xb786, 0xb786,
    0xb787, 0xb787, 0xb787, 0xb787, 0xb788, 0xb788, 0xb788, 0xb788, 0xb789, 0xb789, 0xb789, 0xb789, 0xb78a, 0xb78a, 0xb78a, 0xb78a,
    0xb78b, 0xb78b, 0xb78b, 0xb78b, 0xb78c, 0xb78c, 0xb78c, 0xb78c, 0xb78d, 0xb78d, 0xb78d, 0xb78d, 0xb78d, 0xb78e, 0xb78e, 0xb78e,
    0xb78e, 0xb78f, 0xb78f, 0xb78f, 0xb78f, 0xb790, 0xb790, 0xb790, 0xb790, 0xb791, 0xb791, 0xb791, 0xb791, 0xb792, 0xb792, 0xb792,
    0xb792, 0xb793, 0xb793, 0xb793, 0xb793, 0xb794, 0xb794, 0xb794, 0xb794, 0xb795, 0xb795, 0xb795, 0xb795, 0xb796, 0xb796, 0xb796,
    0xb796, 0xb796, 0xb797, 0xb797, 0xb797, 0xb797, 0xb798, 0xb798, 0xb798, 0xb798, 0xb799, 0xb799, 0xb799, 0xb799, 0xb79a, 0xb79a,
    0xb79a, 0xb79a, 0xb79b, 0xb79b, 0xb79b, 0xb79b, 0xb79c, 0xb79c, 0xb79c, 0xb79c, 0xb79c, 0xb79d, 0xb79d, 0xb79d, 0xb79d, 0xb79e,
    0xb79e, 0xb79e, 0xb79e, 0xb79f, 0xb79f, 0xb79f, 0xb79f, 0xb7a0, 0xb7a0, 0xb7a0, 0xb7a0, 0xb7a0, 0xb7a1, 0xb7a1, 0xb7a1, 0xb7a1,
    0xb7a2, 0xb7a2, 0xb7a2, 0xb7a2, 0xb7a3, 0xb7a3, 0xb7a3, 0xb7a3, 0xb7a3, 0xb7a4, 0xb7a4, 0xb7a4, 0xb7a4, 0xb7a5, 0xb7a5, 0xb7a5,
    0xb7a5, 0xb7a6, 0xb7a6, 0xb7a6, 0xb7a6, 0xb7a6, 0xb7a7, 0xb7a7, 0xb7a7, 0xb7a7, 0xb7a8, 0xb7a8, 0xb7a8, 0xb7a8, 0xb7a9, 0xb7a9,
    0xb7a9, 0xb7a9, 0xb7a9, 0xb7aa, 0xb7aa, 0xb7aa, 0xb7aa, 0xb7ab, 0xb7ab, 0xb7ab, 0xb7ab, 0xb7ac, 0xb7ac, 0xb7ac, 0xb7ac, 0xb7ac,
    0xb7ad, 0xb7ad, 0xb7ad, 0xb7ad, 0xb7ae, 0xb7ae, 0xb7ae, 0xb7ae, 0xb7ae, 0xb7af, 0xb7af, 0xb7af, 0xb7af, 0xb7b0, 0xb7b0, 0xb7b0,
    0xb7b0, 0xb7b0, 0xb7b1, 0xb7b1, 0xb7b1, 0xb7b1, 0xb7b2, 0xb7b2, 0xb7b2, 0xb7b2, 0xb7b2, 0xb7b3, 0xb7b3, 0xb7b3, 0xb7b3, 0xb7b4,
    0xb7b4, 0xb7b4, 0xb7b4, 0xb7b4, 0xb7b5, 0xb7b5, 0xb7b5, 0xb7b5, 0xb7b6, 0xb7b6, 0xb7b6, 0xb7b6, 0xb7b6, 0xb7b7, 0xb7b7, 0xb7b7,
    0xb7b7, 0xb7b8, 0xb7b8, 0xb7b8, 0xb7b8, 0xb7b8, 0xb7b9, 0xb7b9, 0xb7b9, 0xb7b9, 0xb7ba, 0xb7ba, 0xb7ba, 0xb7ba, 0xb7ba, 0xb7bb,
    0xb7bb, 0xb7bb, 0xb7bb, 0xb7bc, 0xb7bc, 0xb7bc, 0xb7bc, 0xb7bc, 0xb7bd, 0xb7bd, 0xb7bd, 0xb7bd, 0xb7bd, 0xb7be, 0xb7be, 0xb7be,
    0xb7be, 0xb7bf, 0xb7bf, 0xb7bf, 0xb7bf, 0xb7bf, 0xb7c0, 0xb7c0, 0xb7c0, 0xb7c0, 0xb7c0, 0xb7c1, 0xb7c1, 0xb7c1, 0xb7c1, 0xb7c2,
    0xb7c2, 0xb7c2, 0xb7c2, 0xb7c2, 0xb7c3, 0xb7c3, 0xb7c3, 0xb7c3, 0xb7c3, 0xb7c4, 0xb7c4, 0xb7c4, 0xb7c4, 0xb7c5, 0xb7c5, 0xb7c5,
    0xb7c5, 0xb7c5, 0xb7c6, 0xb7c6, 0xb7c6, 0xb7c6, 0xb7c6, 0xb7c7, 0xb7c7, 0xb7c7, 0xb7c7, 0xb7c7, 0xb7c8, 0xb7c8, 0xb7c8, 0xb7c8,
    0xb7c9, 0xb7c9, 0xb7c9, 0xb7c9, 0xb7c9, 0xb7ca, 0xb7ca, 0xb7ca, 0xb7ca, 0xb7ca, 0xb7cb, 0xb7cb, 0xb7cb, 0xb7cb, 0xb7cb, 0xb7cc,
    0xb7cc, 0xb7cc, 0xb7cc, 0xb7cc, 0xb7cd, 0xb7cd, 0xb7cd, 0xb7cd, 0xb7ce, 0xb7ce, 0xb7ce, 0xb7ce, 0xb7ce, 0xb7cf, 0xb7cf, 0xb7cf,
    0xb7cf, 0xb7cf, 0xb7d0, 0xb7d0, 0xb7d0, 0xb7d0, 0xb7d0, 0xb7d1, 0xb7d1, 0xb7d1, 0xb7d1, 0xb7d1, 0xb7d2, 0xb7d2, 0xb7d2, 0xb7d2,
    0xb7d2, 0xb7d3, 0xb7d3, 0xb7d3, 0xb7d3, 0xb7d3, 0xb7d4, 0xb7d4, 0xb7d4, 0xb7d4, 0xb7d5, 0xb7d5, 0xb7d5, 0xb7d5, 0xb7d5, 0xb7d6,
    0xb7d6, 0xb7d6, 0xb7d6, 0xb7d6, 0xb7d7, 0xb7d7, 0xb7d7, 0xb7d7, 0xb7d7, 0xb7d8, 0xb7d8, 0xb7d8, 0xb7d8, 0xb7d8, 0xb7d9, 0xb7d9,
    0xb7d9, 0xb7d9, 0xb7d9, 0xb7da, 0xb7da, 0xb7da, 0xb7da, 0xb7da, 0xb7db, 0xb7db, 0xb7db, 0xb7db, 0xb7db, 0xb7dc, 0xb7dc, 0xb7dc,
    0xb7dc, 0xb7dc, 0xb7dd, 0xb7dd, 0xb7dd, 0xb7dd, 0xb7dd, 0xb7de, 0xb7de, 0xb7de, 0xb7de, 0xb7de, 0xb7df, 0xb7df, 0xb7df, 0xb7df,
    0xb7df, 0xb7e0, 0xb7e0, 0xb7e0, 0xb7e0, 0xb7e0, 0xb7e0, 0xb7e1, 0xb7e1, 0xb7e1, 0xb7e1, 0xb7e1, 0xb7e2, 0xb7e2, 0xb7e2, 0xb7e2,
    0xb7e2, 0xb7e3, 0xb7e3, 0xb7e3, 0xb7e3, 0xb7e3, 0xb7e4, 0xb7e4, 0xb7e4, 0xb7e4, 0xb7e4, 0xb7e5, 0xb7e5, 0xb7e5, 0xb7e5, 0xb7e5,
    0xb7e6, 0xb7e6, 0xb7e6, 0xb7e6, 0xb7e6, 0xb7e7, 0xb7e7, 0xb7e7, 0xb7e7, 0xb7e7, 0xb7e8, 0xb7e8, 0xb7e8, 0xb7e8, 0xb7e8, 0xb7e8,
    0xb7e9, 0xb7e9, 0xb7e9, 0xb7e9, 0xb7e9, 0xb7ea, 0xb7ea, 0xb7ea, 0xb7ea, 0xb7ea, 0xb7eb, 0xb7eb, 0xb7eb, 0xb7eb, 0xb7eb, 0xb7ec,
    0xb7ec, 0xb7ec, 0xb7ec, 0xb7ec, 0xb7ec, 0xb7ed, 0xb7ed, 0xb7ed, 0xb7ed, 0xb7ed, 0xb7ee, 0xb7ee, 0xb7ee, 0xb7ee, 0xb7ee, 0xb7ef,
    0xb7ef, 0xb7ef, 0xb7ef, 0xb7ef, 0xb7f0, 0xb7f0, 0xb7f0, 0xb7f0, 0xb7f0, 0xb7f0, 0xb7f1, 0xb7f1, 0xb7f1, 0xb7f1, 0xb7f1, 0xb7f2,
    0xb7f2, 0xb7f2, 0xb7f2, 0xb7f2, 0xb7f3, 0xb7f3, 0xb7f3, 0xb7f3, 0xb7f3, 0xb7f3, 0xb7f4, 0xb7f4, 0xb7f4, 0xb7f4, 0xb7f4, 0xb7f5,
    0xb7f5, 0xb7f5, 0xb7f5, 0xb7f5, 0xb7f6, 0xb7f6, 0xb7f6, 0xb7f6, 0xb7f6, 0xb7f6, 0xb7f7, 0xb7f7, 0xb7f7, 0xb7f7, 0xb7f7, 0xb7f8,
    0xb7f8, 0xb7f8, 0xb7f8, 0xb7f8, 0xb7f8, 0xb7f9, 0xb7f9, 0xb7f9, 0xb7f9, 0xb7f9, 0xb7fa, 0xb7fa, 0xb7fa, 0xb7fa, 0xb7fa, 0xb7fb,
    0xb7fb, 0xb7fb, 0xb7fb, 0xb7fb, 0xb7fb, 0xb7fc, 0xb7fc, 0xb7fc, 0xb7fc, 0xb7fc, 0xb7fd, 0xb7fd, 0xb7fd, 0xb7fd, 0xb7fd, 0xb7fd,
    0xb7fe, 0xb7fe, 0xb7fe, 0xb7fe, 0xb7fe, 0xb7ff, 0xb7ff, 0xb7ff, 0xb7ff, 0xb7ff, 0xb7ff, 0xb800, 0xb800, 0xb800, 0xb800, 0xb800,
    0xb800, 0xb801, 0xb802, 0xb803, 0xb803, 0xb804, 0xb805, 0xb806, 0xb806, 0xb807, 0xb808, 0xb808, 0xb809, 0xb80a, 0xb80b, 0xb80b,
    0xb80c, 0xb80d, 0xb80d, 0xb80e, 0xb80f, 0xb80f, 0xb810, 0xb811, 0xb812, 0xb812, 0xb813, 0xb814, 0xb814, 0xb815, 0xb816, 0xb817,
    0xb817, 0xb818, 0xb819, 0xb819, 0xb81a, 0xb81b, 0xb81b, 0xb81c, 0xb81d, 0xb81d, 0xb81e, 0xb81f, 0xb820, 0xb820, 0xb821, 0xb822,
    0xb822, 0xb823, 0xb824, 0xb824, 0xb825, 0xb826, 0xb826, 0xb827, 0xb828, 0xb829, 0xb829, 0xb82a, 0xb82b, 0xb82b, 0xb82c, 0xb82d,
    0xb82d, 0xb82e, 0xb82f, 0xb82f, 0xb830, 0xb831, 0xb831, 0xb832, 0xb833, 0xb833, 0xb834, 0xb835, 0xb835, 0xb836, 0xb837, 0xb837,
    0xb838, 0xb839, 0xb839, 0xb83a, 0xb83b, 0xb83b, 0xb83c, 0xb83d, 0xb83d, 0xb83e, 0xb83f, 0xb83f, 0xb840, 0xb841, 0xb841, 0xb842,
    0xb843, 0xb843, 0xb844, 0xb845, 0xb845, 0xb846, 0xb847, 0xb847, 0xb848, 0xb849, 0xb849, 0xb84a, 0xb84b, 0xb84b, 0xb84c, 0xb84d,
    0xb84d, 0xb84e, 0xb84e, 0xb84f, 0xb850, 0xb850, 0xb851, 0xb852, 0xb852, 0xb853, 0xb854, 0xb854, 0xb855, 0xb856, 0xb856, 0xb857,
    0xb858, 0xb858, 0xb859, 0xb859, 0xb85a, 0xb85b, 0xb85b, 0xb85c, 0xb85d, 0xb85d, 0xb85e, 0xb85f, 0xb85f, 0xb860, 0xb860, 0xb861,
    0xb862, 0xb862, 0xb863, 0xb864, 0xb864, 0xb865, 0xb865, 0xb866, 0xb867, 0xb867, 0xb868, 0xb869, 0xb869, 0xb86a, 0xb86a, 0xb86b,
    0xb86c, 0xb86c, 0xb86d, 0xb86e, 0xb86e, 0xb86f, 0xb86f, 0xb870, 0xb871, 0xb871, 0xb872, 0xb873, 0xb873, 0xb874, 0xb874, 0xb875,
    0xb876, 0xb876, 0xb877, 0xb877, 0xb878, 0xb879, 0xb879, 0xb87a, 0xb87b, 0xb87b, 0xb87c, 0xb87c, 0xb87d, 0xb87e, 0xb87e, 0xb87f,
    0xb87f, 0xb880, 0xb881, 0xb881, 0xb882, 0xb882, 0xb883, 0xb884, 0xb884, 0xb885, 0xb885, 0xb886, 0xb887, 0xb887, 0xb888, 0xb888,
    0xb889, 0xb88a, 0xb88a, 0xb88b, 0xb88b, 0xb88c, 0xb88d, 0xb88d, 0xb88e, 0xb88e, 0xb88f, 0xb890, 0xb890, 0xb891, 0xb891, 0xb892,
    0xb893, 0xb893, 0xb894, 0xb894, 0xb895, 0xb896, 0xb896, 0xb897, 0xb897, 0xb898, 0xb899, 0xb899, 0xb89a, 0xb89a, 0xb89b, 0xb89b,
    0xb89c, 0xb89d, 0xb89d, 0xb89e, 0xb89e, 0xb89f, 0xb8a0, 0xb8a0, 0xb8a1, 0xb8a1, 0xb8a2, 0xb8a2, 0xb8a3, 0xb8a4, 0xb8a4, 0xb8a5,
    0xb8a5, 0xb8a6, 0xb8a6, 0xb8a7, 0xb8a8, 0xb8a8, 0xb8a9, 0xb8a9, 0xb8aa, 0xb8ab, 0xb8ab, 0xb8ac, 0xb8ac, 0xb8ad, 0xb8ad, 0xb8ae,
    0xb8af, 0xb8af, 0xb8b0, 0xb8b0, 0xb8b1, 0xb8b1, 0xb8b2, 0xb8b2, 0xb8b3, 0xb8b4, 0xb8b4, 0xb8b5, 0xb8b5, 0xb8b6, 0xb8b6, 0xb8b7,
    0xb8b8, 0xb8b8, 0xb8b9, 0xb8b9, 0xb8ba, 0xb8ba, 0xb8bb, 0xb8bb, 0xb8bc, 0xb8bd, 0xb8bd, 0xb8be, 0xb8be, 0xb8bf, 0xb8bf, 0xb8c0,
    0xb8c1, 0xb8c1, 0xb8c2, 0xb8c2, 0xb8c3, 0xb8c3, 0xb8c4, 0xb8c4, 0xb8c5, 0xb8c6, 0xb8c6, 0xb8c7, 0xb8c7, 0xb8c8, 0xb8c8, 0xb8c9,
    0xb8c9, 0xb8ca, 0xb8ca, 0xb8cb, 0xb8cc, 0xb8cc, 0xb8cd, 0xb8cd, 0xb8ce, 0xb8ce, 0xb8cf, 0xb8cf, 0xb8d0, 0xb8d0, 0xb8d1, 0xb8d2,
    0xb8d2, 0xb8d3, 0xb8d3, 0xb8d4, 0xb8d4, 0xb8d5, 0xb8d5, 0xb8d6, 0xb8d6, 0xb8d7, 0xb8d8, 0xb8d8, 0xb8d9, 0xb8d9, 0xb8da, 0xb8da,
    0xb8db, 0xb8db, 0xb8dc, 0xb8dc, 0xb8dd, 0xb8dd, 0xb8de, 0xb8de, 0xb8df, 0xb8e0, 0xb8e0, 0xb8e1, 0xb8e1, 0xb8e2, 0xb8e2, 0xb8e3,
    0xb8e3, 0xb8e4, 0xb8e4, 0xb8e5, 0xb8e5, 0xb8e6, 0xb8e6, 0xb8e7, 0xb8e8, 0xb8e8, 0xb8e9, 0xb8e9, 0xb8ea, 0xb8ea, 0xb8eb, 0xb8eb,
    0xb8ec, 0xb8ec, 0xb8ed, 0xb8ed, 0xb8ee, 0xb8ee, 0xb8ef, 0xb8ef, 0xb8f0, 0xb8f0, 0xb8f1, 0xb8f1, 0xb8f2, 0xb8f3, 0xb8f3, 0xb8f4,
    0xb8f4, 0xb8f5, 0xb8f5, 0xb8f6, 0xb8f6, 0xb8f7, 0xb8f7, 0xb8f8, 0xb8f8, 0xb8f9, 0xb8f9, 0xb8fa, 0xb8fa, 0xb8fb, 0xb8fb, 0xb8fc,
    0xb8fc, 0xb8fd, 0xb8fd, 0xb8fe, 0xb8fe, 0xb8ff, 0xb8ff, 0xb900, 0xb900, 0xb901, 0xb901, 0xb902, 0xb902, 0xb903, 0xb903, 0xb904,
    0xb904, 0xb905, 0xb906, 0xb906, 0xb907, 0xb907, 0xb908, 0xb908, 0xb909, 0xb909, 0xb90a, 0xb90a, 0xb90b, 0xb90b, 0xb90c, 0xb90c,
    0xb90d, 0xb90d, 0xb90e, 0xb90e, 0xb90f, 0xb90f, 0xb910, 0xb910, 0xb911, 0xb911, 0xb912, 0xb912, 0xb913, 0xb913, 0xb914, 0xb914,
    0xb915, 0xb915, 0xb916, 0xb916, 0xb917, 0xb917, 0xb918, 0xb918, 0xb919, 0xb919, 0xb919, 0xb91a, 0xb91a, 0xb91b, 0xb91b, 0xb91c,
    0xb91c, 0xb91d, 0xb91d, 0xb91e, 0xb91e, 0xb91f, 0xb91f, 0xb920, 0xb920, 0xb921, 0xb921, 0xb922, 0xb922, 0xb923, 0xb923, 0xb924,
    0xb924, 0xb925, 0xb925, 0xb926, 0xb926, 0xb927, 0xb927, 0xb928, 0xb928, 0xb929, 0xb929, 0xb92a, 0xb92a, 0xb92b, 0xb92b, 0xb92c,
    0xb92c, 0xb92c, 0xb92d, 0xb92d, 0xb92e, 0xb92e, 0xb92f, 0xb92f, 0xb930, 0xb930, 0xb931, 0xb931, 0xb932, 0xb932, 0xb933, 0xb933,
    0xb934, 0xb934, 0xb935, 0xb935, 0xb936, 0xb936, 0xb937, 0xb937, 0xb937, 0xb938, 0xb938, 0xb939, 0xb939, 0xb93a, 0xb93a, 0xb93b,
    0xb93b, 0xb93c, 0xb93c, 0xb93d, 0xb93d, 0xb93e, 0xb93e, 0xb93f, 0xb93f, 0xb93f, 0xb940, 0xb940, 0xb941, 0xb941, 0xb942, 0xb942,
    0xb943, 0xb943, 0xb944, 0xb944, 0xb945, 0xb945, 0xb946, 0xb946, 0xb946, 0xb947, 0xb947, 0xb948, 0xb948, 0xb949, 0xb949, 0xb94a,
    0xb94a, 0xb94b, 0xb94b, 0xb94c, 0xb94c, 0xb94c, 0xb94d, 0xb94d, 0xb94e, 0xb94e, 0xb94f, 0xb94f, 0xb950, 0xb950, 0xb951, 0xb951,
    0xb952, 0xb952, 0xb952, 0xb953, 0xb953, 0xb954, 0xb954, 0xb955, 0xb955, 0xb956, 0xb956, 0xb957, 0xb957, 0xb957, 0xb958, 0xb958,
    0xb959, 0xb959, 0xb95a, 0xb95a, 0xb95b, 0xb95b, 0xb95b, 0xb95c, 0xb95c, 0xb95d, 0xb95d, 0xb95e, 0xb95e, 0xb95f, 0xb95f, 0xb960,
    0xb960, 0xb960, 0xb961, 0xb961, 0xb962, 0xb962, 0xb963, 0xb963, 0xb964, 0xb964, 0xb964, 0xb965, 0xb965, 0xb966, 0xb966, 0xb967,
    0xb967, 0xb968, 0xb968, 0xb968, 0xb969, 0xb969, 0xb96a, 0xb96a, 0xb96b, 0xb96b, 0xb96c, 0xb96c, 0xb96c, 0xb96d, 0xb96d, 0xb96e,
    0xb96e, 0xb96f, 0xb96f, 0xb970, 0xb970, 0xb970, 0xb971, 0xb971, 0xb972, 0xb972, 0xb973, 0xb973, 0xb973, 0xb974, 0xb974, 0xb975,
    0xb975, 0xb976, 0xb976, 0xb977, 0xb977, 0xb977, 0xb978, 0xb978, 0xb979, 0xb979, 0xb97a, 0xb97a, 0xb97a, 0xb97b, 0xb97b, 0xb97c,
    0xb97c, 0xb97d, 0xb97d, 0xb97d, 0xb97e, 0xb97e, 0xb97f, 0xb97f, 0xb980, 0xb980, 0xb980, 0xb981, 0xb981, 0xb982, 0xb982, 0xb983,
    0xb983, 0xb983, 0xb984, 0xb984, 0xb985, 0xb985, 0xb986, 0xb986, 0xb986, 0xb987, 0xb987, 0xb988, 0xb988, 0xb989, 0xb989, 0xb989,
    0xb98a, 0xb98a, 0xb98b, 0xb98b, 0xb98c, 0xb98c, 0xb98c, 0xb98d, 0xb98d, 0xb98e, 0xb98e, 0xb98e, 0xb98f, 0xb98f, 0xb990, 0xb990,
    0xb991, 0xb991, 0xb991, 0xb992, 0xb992, 0xb993, 0xb993, 0xb993, 0xb994, 0xb994, 0xb995, 0xb995, 0xb996, 0xb996, 0xb996, 0xb997,
    0xb997, 0xb998, 0xb998, 0xb998, 0xb999, 0xb999, 0xb99a, 0xb99a, 0xb99b, 0xb99b, 0xb99b, 0xb99c, 0xb99c, 0xb99d, 0xb99d, 0xb99d,
    0xb99e, 0xb99e, 0xb99f, 0xb99f, 0xb9a0, 0xb9a0, 0xb9a0, 0xb9a1, 0xb9a1, 0xb9a2, 0xb9a2, 0xb9a2, 0xb9a3, 0xb9a3, 0xb9a4, 0xb9a4,
    0xb9a4, 0xb9a5, 0xb9a5, 0xb9a6, 0xb9a6, 0xb9a6, 0xb9a7, 0xb9a7, 0xb9a8, 0xb9a8, 0xb9a9, 0xb9a9, 0xb9a9, 0xb9aa, 0xb9aa, 0xb9ab,
    0xb9ab, 0xb9ab, 0xb9ac, 0xb9ac, 0xb9ad, 0xb9ad, 0xb9ad, 0xb9ae, 0xb9ae, 0xb9af, 0xb9af, 0xb9af, 0xb9b0, 0xb9b0, 0xb9b1, 0xb9b1,
    0xb9b1, 0xb9b2, 0xb9b2, 0xb9b3, 0xb9b3, 0xb9b3, 0xb9b4, 0xb9b4, 0xb9b5, 0xb9b5, 0xb9b5, 0xb9b6, 0xb9b6, 0xb9b7, 0xb9b7, 0xb9b7,
    0xb9b8, 0xb9b8, 0xb9b9, 0xb9b9, 0xb9b9, 0xb9ba, 0xb9ba, 0xb9bb, 0xb9bb, 0xb9bb, 0xb9bc, 0xb9bc, 0xb9bd, 0xb9bd, 0xb9bd, 0xb9be,
    0xb9be, 0xb9bf, 0xb9bf, 0xb9bf, 0xb9c0, 0xb9c0, 0xb9c0, 0xb9c1, 0xb9c1, 0xb9c2, 0xb9c2, 0xb9c2, 0xb9c3, 0xb9c3, 0xb9c4, 0xb9c4,
    0xb9c4, 0xb9c5, 0xb9c5, 0xb9c6, 0xb9c6, 0xb9c6, 0xb9c7, 0xb9c7, 0xb9c8, 0xb9c8, 0xb9c8, 0xb9c9, 0xb9c9, 0xb9c9, 0xb9ca, 0xb9ca,
    0xb9cb, 0xb9cb, 0xb9cb, 0xb9cc, 0xb9cc, 0xb9cd, 0xb9cd, 0xb9cd, 0xb9ce, 0xb9ce, 0xb9cf, 0xb9cf, 0xb9cf, 0xb9d0, 0xb9d0, 0xb9d0,
    0xb9d1, 0xb9d1, 0xb9d2, 0xb9d2, 0xb9d2, 0xb9d3, 0xb9d3, 0xb9d4, 0xb9d4, 0xb9d4, 0xb9d5, 0xb9d5, 0xb9d5, 0xb9d6, 0xb9d6, 0xb9d7,
    0xb9d7, 0xb9d7, 0xb9d8, 0xb9d8, 0xb9d8, 0xb9d9, 0xb9d9, 0xb9da, 0xb9da, 0xb9da, 0xb9db, 0xb9db, 0xb9dc, 0xb9dc, 0xb9dc, 0xb9dd,
    0xb9dd, 0xb9dd, 0xb9de, 0xb9de, 0xb9df, 0xb9df, 0xb9df, 0xb9e0, 0xb9e0, 0xb9e0, 0xb9e1, 0xb9e1, 0xb9e2, 0xb9e2, 0xb9e2, 0xb9e3,
    0xb9e3, 0xb9e3, 0xb9e4, 0xb9e4, 0xb9e5, 0xb9e5, 0xb9e5, 0xb9e6, 0xb9e6, 0xb9e6, 0xb9e7, 0xb9e7, 0xb9e8, 0xb9e8, 0xb9e8, 0xb9e9,
    0xb9e9, 0xb9e9, 0xb9ea, 0xb9ea, 0xb9eb, 0xb9eb, 0xb9eb, 0xb9ec, 0xb9ec, 0xb9ec, 0xb9ed, 0xb9ed, 0xb9ee, 0xb9ee, 0xb9ee, 0xb9ef,
    0xb9ef, 0xb9ef, 0xb9f0, 0xb9f0, 0xb9f0, 0xb9f1, 0xb9f1, 0xb9f2, 0xb9f2, 0xb9f2, 0xb9f3, 0xb9f3, 0xb9f3, 0xb9f4, 0xb9f4, 0xb9f5,
    0xb9f5, 0xb9f5, 0xb9f6, 0xb9f6, 0xb9f6, 0xb9f7, 0xb9f7, 0xb9f7, 0xb9f8, 0xb9f8, 0xb9f9, 0xb9f9, 0xb9f9, 0xb9fa, 0xb9fa, 0xb9fa,
    0xb9fb, 0xb9fb, 0xb9fb, 0xb9fc, 0xb9fc, 0xb9fd, 0xb9fd, 0xb9fd, 0xb9fe, 0xb9fe, 0xb9fe, 0xb9ff, 0xb9ff, 0xb9ff, 0xba00, 0xba00,
    0xba00, 0xba01, 0xba02, 0xba03, 0xba03, 0xba04, 0xba05, 0xba06, 0xba06, 0xba07, 0xba08, 0xba08, 0xba09, 0xba0a, 0xba0b, 0xba0b,
    0xba0c, 0xba0d, 0xba0d, 0xba0e, 0xba0f, 0xba0f, 0xba10, 0xba11, 0xba12, 0xba12, 0xba13, 0xba14, 0xba14, 0xba15, 0xba16, 0xba17,
    0xba17, 0xba18, 0xba19, 0xba19, 0xba1a, 0xba1b, 0xba1b, 0xba1c, 0xba1d, 0xba1d, 0xba1e, 0xba1f, 0xba20, 0xba20, 0xba21, 0xba22,
    0xba22, 0xba23, 0xba24, 0xba24, 0xba25, 0xba26, 0xba26, 0xba27, 0xba28, 0xba29, 0xba29, 0xba2a, 0xba2b, 0xba2b, 0xba2c, 0xba2d,
    0xba2d, 0xba2e, 0xba2f, 0xba2f, 0xba30, 0xba31, 0xba31, 0xba32, 0xba33, 0xba33, 0xba34, 0xba35, 0xba35, 0xba36, 0xba37, 0xba37,
    0xba38, 0xba39, 0xba39, 0xba3a, 0xba3b, 0xba3b, 0xba3c, 0xba3d, 0xba3d, 0xba3e, 0xba3f, 0xba3f, 0xba40, 0xba41, 0xba41, 0xba42,
    0xba43, 0xba43, 0xba44, 0xba45, 0xba45, 0xba46, 0xba47, 0xba47, 0xba48, 0xba49, 0xba49, 0xba4a, 0xba4b, 0xba4b, 0xba4c, 0xba4d,
    0xba4d, 0xba4e, 0xba4e, 0xba4f, 0xba50, 0xba50, 0xba51, 0xba52, 0xba52, 0xba53, 0xba54, 0xba54, 0xba55, 0xba56, 0xba56, 0xba57,
    0xba58, 0xba58, 0xba59, 0xba59, 0xba5a, 0xba5b, 0xba5b, 0xba5c, 0xba5d, 0xba5d, 0xba5e, 0xba5f, 0xba5f, 0xba60, 0xba60, 0xba61,
    0xba62, 0xba62, 0xba63, 0xba64, 0xba64, 0xba65, 0xba65, 0xba66, 0xba67, 0xba67, 0xba68, 0xba69, 0xba69, 0xba6a, 0xba6a, 0xba6b,
    0xba6c, 0xba6c, 0xba6d, 0xba6e, 0xba6e, 0xba6f, 0xba6f, 0xba70, 0xba71, 0xba71, 0xba72, 0xba73, 0xba73, 0xba74, 0xba74, 0xba75,
    0xba76, 0xba76, 0xba77, 0xba77, 0xba78, 0xba79, 0xba79, 0xba7a, 0xba7b, 0xba7b, 0xba7c, 0xba7c, 0xba7d, 0xba7e, 0xba7e, 0xba7f,
    0xba7f, 0xba80, 0xba81, 0xba81, 0xba82, 0xba82, 0xba83, 0xba84, 0xba84, 0xba85, 0xba85, 0xba86, 0xba87, 0xba87, 0xba88, 0xba88,
    0xba89, 0xba8a, 0xba8a, 0xba8b, 0xba8b, 0xba8c, 0xba8d, 0xba8d, 0xba8e, 0xba8e, 0xba8f, 0xba90, 0xba90, 0xba91, 0xba91, 0xba92,
    0xba93, 0xba93, 0xba94, 0xba94, 0xba95, 0xba96, 0xba96, 0xba97, 0xba97, 0xba98, 0xba99, 0xba99, 0xba9a, 0xba9a, 0xba9b, 0xba9b,
    0xba9c, 0xba9d, 0xba9d, 0xba9e, 0xba9e, 0xba9f, 0xbaa0, 0xbaa0, 0xbaa1, 0xbaa1, 0xbaa2, 0xbaa2, 0xbaa3, 0xbaa4, 0xbaa4, 0xbaa5,
    0xbaa5, 0xbaa6, 0xbaa6, 0xbaa7, 0xbaa8, 0xbaa8, 0xbaa9, 0xbaa9, 0xbaaa, 0xbaab, 0xbaab, 0xbaac, 0xbaac, 0xbaad, 0xbaad, 0xbaae,
    0xbaaf, 0xbaaf, 0xbab0, 0xbab0, 0xbab1, 0xbab1, 0xbab2, 0xbab2, 0xbab3, 0xbab4, 0xbab4, 0xbab5, 0xbab5, 0xbab6, 0xbab6, 0xbab7,
    0xbab8, 0xbab8, 0xbab9, 0xbab9, 0xbaba, 0xbaba, 0xbabb, 0xbabb, 0xbabc, 0xbabd, 0xbabd, 0xbabe, 0xbabe, 0xbabf, 0xbabf, 0xbac0,
    0xbac1, 0xbac1, 0xbac2, 0xbac2, 0xbac3, 0xbac3, 0xbac4, 0xbac4, 0xbac5, 0xbac6, 0xbac6, 0xbac7, 0xbac7, 0xbac8, 0xbac8, 0xbac9,
    0xbac9, 0xbaca, 0xbaca, 0xbacb, 0xbacc, 0xbacc, 0xbacd, 0xbacd, 0xbace, 0xbace, 0xbacf, 0xbacf, 0xbad0, 0xbad0, 0xbad1, 0xbad2,
    0xbad2, 0xbad3, 0xbad3, 0xbad4, 0xbad4, 0xbad5, 0xbad5, 0xbad6, 0xbad6, 0xbad7, 0xbad8, 0xbad8, 0xbad9, 0xbad9, 0xbada, 0xbada,
    0xbadb, 0xbadb, 0xbadc, 0xbadc, 0xbadd, 0xbadd, 0xbade, 0xbade, 0xbadf, 0xbae0, 0xbae0, 0xbae1, 0xbae1, 0xbae2, 0xbae2, 0xbae3,
    0xbae3, 0xbae4, 0xbae4, 0xbae5, 0xbae5, 0xbae6, 0xbae6, 0xbae7, 0xbae8, 0xbae8, 0xbae9, 0xbae9, 0xbaea, 0xbaea, 0xbaeb, 0xbaeb,
    0xbaec, 0xbaec, 0xbaed, 0xbaed, 0xbaee, 0xbaee, 0xbaef, 0xbaef, 0xbaf0, 0xbaf0, 0xbaf1, 0xbaf1, 0xbaf2, 0xbaf3, 0xbaf3, 0xbaf4,
    0xbaf4, 0xbaf5, 0xbaf5, 0xbaf6, 0xbaf6, 0xbaf7, 0xbaf7, 0xbaf8, 0xbaf8, 0xbaf9, 0xbaf9, 0xbafa, 0xbafa, 0xbafb, 0xbafb, 0xbafc,
    0xbafc, 0xbafd, 0xbafd, 0xbafe, 0xbafe, 0xbaff, 0xbaff, 0xbb00, 0xbb00, 0xbb01, 0xbb01, 0xbb02, 0xbb02, 0xbb03, 0xbb03, 0xbb04,
    0xbb04, 0xbb05, 0xbb06, 0xbb06, 0xbb07, 0xbb07, 0xbb08, 0xbb08, 0xbb09, 0xbb09, 0xbb0a, 0xbb0a, 0xbb0b, 0xbb0b, 0xbb0c, 0xbb0c,
    0xbb0d, 0xbb0d, 0xbb0e, 0xbb0e, 0xbb0f, 0xbb0f, 0xbb10, 0xbb10, 0xbb11, 0xbb11, 0xbb12, 0xbb12, 0xbb13, 0xbb13, 0xbb14, 0xbb14,
    0xbb15, 0xbb15, 0xbb16, 0xbb16, 0xbb17, 0xbb17, 0xbb18, 0xbb18, 0xbb19, 0xbb19, 0xbb19, 0xbb1a, 0xbb1a, 0xbb1b, 0xbb1b, 0xbb1c,
    0xbb1c, 0xbb1d, 0xbb1d, 0xbb1e, 0xbb1e, 0xbb1f, 0xbb1f, 0xbb20, 0xbb20, 0xbb21, 0xbb21, 0xbb22, 0xbb22, 0xbb23, 0xbb23, 0xbb24,
    0xbb24, 0xbb25, 0xbb25, 0xbb26, 0xbb26, 0xbb27, 0xbb27, 0xbb28, 0xbb28, 0xbb29, 0xbb29, 0xbb2a, 0xbb2a, 0xbb2b, 0xbb2b, 0xbb2c,
    0xbb2c, 0xbb2c, 0xbb2d, 0xbb2d, 0xbb2e, 0xbb2e, 0xbb2f, 0xbb2f, 0xbb30, 0xbb30, 0xbb31, 0xbb31, 0xbb32, 0xbb32, 0xbb33, 0xbb33,
    0xbb34, 0xbb34, 0xbb35, 0xbb35, 0xbb36, 0xbb36, 0xbb37, 0xbb37, 0xbb37, 0xbb38, 0xbb38, 0xbb39, 0xbb39, 0xbb3a, 0xbb3a, 0xbb3b,
    0xbb3b, 0xbb3c, 0xbb3c, 0xbb3d, 0xbb3d, 0xbb3e, 0xbb3e, 0xbb3f, 0xbb3f, 0xbb3f, 0xbb40, 0xbb40, 0xbb41, 0xbb41, 0xbb42, 0xbb42,
    0xbb43, 0xbb43, 0xbb44, 0xbb44, 0xbb45, 0xbb45, 0xbb46, 0xbb46, 0xbb46, 0xbb47, 0xbb47, 0xbb48, 0xbb48, 0xbb49, 0xbb49, 0xbb4a,
    0xbb4a, 0xbb4b, 0xbb4b, 0xbb4c, 0xbb4c, 0xbb4c, 0xbb4d, 0xbb4d, 0xbb4e, 0xbb4e, 0xbb4f, 0xbb4f, 0xbb50, 0xbb50, 0xbb51, 0xbb51,
    0xbb52, 0xbb52, 0xbb52, 0xbb53, 0xbb53, 0xbb54, 0xbb54, 0xbb55, 0xbb55, 0xbb56, 0xbb56, 0xbb57, 0xbb57, 0xbb57, 0xbb58, 0xbb58,
    0xbb59, 0xbb59, 0xbb5a, 0xbb5a, 0xbb5b, 0xbb5b, 0xbb5b, 0xbb5c, 0xbb5c, 0xbb5d, 0xbb5d, 0xbb5e, 0xbb5e, 0xbb5f, 0xbb5f, 0xbb60,
    0xbb60, 0xbb60, 0xbb61, 0xbb61, 0xbb62, 0xbb62, 0xbb63, 0xbb63, 0xbb64, 0xbb64, 0xbb64, 0xbb65, 0xbb65, 0xbb66, 0xbb66, 0xbb67,
    0xbb67, 0xbb68, 0xbb68, 0xbb68, 0xbb69, 0xbb69, 0xbb6a, 0xbb6a, 0xbb6b, 0xbb6b, 0xbb6c, 0xbb6c, 0xbb6c, 0xbb6d, 0xbb6d, 0xbb6e,
    0xbb6e, 0xbb6f, 0xbb6f, 0xbb70, 0xbb70, 0xbb70, 0xbb71, 0xbb71, 0xbb72, 0xbb72, 0xbb73, 0xbb73, 0xbb73, 0xbb74, 0xbb74, 0xbb75,
    0xbb75, 0xbb76, 0xbb76, 0xbb77, 0xbb77, 0xbb77, 0xbb78, 0xbb78, 0xbb79, 0xbb79, 0xbb7a, 0xbb7a, 0xbb7a, 0xbb7b, 0xbb7b, 0xbb7c,
    0xbb7c, 0xbb7d, 0xbb7d, 0xbb7d, 0xbb7e, 0xbb7e, 0xbb7f, 0xbb7f, 0xbb80, 0xbb80, 0xbb80, 0xbb81, 0xbb81, 0xbb82, 0xbb82, 0xbb83,
    0xbb83, 0xbb83, 0xbb84, 0xbb84, 0xbb85, 0xbb85, 0xbb86, 0xbb86, 0xbb86, 0xbb87, 0xbb87, 0xbb88, 0xbb88, 0xbb89, 0xbb89, 0xbb89,
    0xbb8a, 0xbb8a, 0xbb8b, 0xbb8b, 0xbb8c, 0xbb8c, 0xbb8c, 0xbb8d, 0xbb8d, 0xbb8e, 0xbb8e, 0xbb8e, 0xbb8f, 0xbb8f, 0xbb90, 0xbb90,
    0xbb91, 0xbb91, 0xbb91, 0xbb92, 0xbb92, 0xbb93, 0xbb93, 0xbb93, 0xbb94, 0xbb94, 0xbb95, 0xbb95, 0xbb96, 0xbb96, 0xbb96, 0xbb97,
    0xbb97, 0xbb98, 0xbb98, 0xbb98, 0xbb99, 0xbb99, 0xbb9a, 0xbb9a, 0xbb9b, 0xbb9b, 0xbb9b, 0xbb9c, 0xbb9c, 0xbb9d, 0xbb9d, 0xbb9d,
    0xbb9e, 0xbb9e, 0xbb9f, 0xbb9f, 0xbba0, 0xbba0, 0xbba0, 0xbba1, 0xbba1, 0xbba2, 0xbba2, 0xbba2, 0xbba3, 0xbba3, 0xbba4, 0xbba4,
    0xbba4, 0xbba5, 0xbba5, 0xbba6, 0xbba6, 0xbba6, 0xbba7, 0xbba7, 0xbba8, 0xbba8, 0xbba9, 0xbba9, 0xbba9, 0xbbaa, 0xbbaa, 0xbbab,
    0xbbab, 0xbbab, 0xbbac, 0xbbac, 0xbbad, 0xbbad, 0xbbad, 0xbbae, 0xbbae, 0xbbaf, 0xbbaf, 0xbbaf, 0xbbb0, 0xbbb0, 0xbbb1, 0xbbb1,
    0xbbb1, 0xbbb2, 0xbbb2, 0xbbb3, 0xbbb3, 0xbbb3, 0xbbb4, 0xbbb4, 0xbbb5, 0xbbb5, 0xbbb5, 0xbbb6, 0xbbb6, 0xbbb7, 0xbbb7, 0xbbb7,
    0xbbb8, 0xbbb8, 0xbbb9, 0xbbb9, 0xbbb9, 0xbbba, 0xbbba, 0xbbbb, 0xbbbb, 0xbbbb, 0xbbbc, 0xbbbc, 0xbbbd, 0xbbbd, 0xbbbd, 0xbbbe,
    0xbbbe, 0xbbbf, 0xbbbf, 0xbbbf, 0xbbc0, 0xbbc0, 0xbbc0, 0xbbc1, 0xbbc1, 0xbbc2, 0xbbc2, 0xbbc2, 0xbbc3, 0xbbc3, 0xbbc4, 0xbbc4,
    0xbbc4, 0xbbc5, 0xbbc5, 0xbbc6, 0xbbc6, 0xbbc6, 0xbbc7, 0xbbc7, 0xbbc8, 0xbbc8, 0xbbc8, 0xbbc9, 0xbbc9, 0xbbc9, 0xbbca, 0xbbca,
    0xbbcb, 0xbbcb, 0xbbcb, 0xbbcc, 0xbbcc, 0xbbcd, 0xbbcd, 0xbbcd, 0xbbce, 0xbbce, 0xbbcf, 0xbbcf, 0xbbcf, 0xbbd0, 0xbbd0, 0xbbd0,
    0xbbd1, 0xbbd1, 0xbbd2, 0xbbd2, 0xbbd2, 0xbbd3, 0xbbd3, 0xbbd4, 0xbbd4, 0xbbd4, 0xbbd5, 0xbbd5, 0xbbd5, 0xbbd6, 0xbbd6, 0xbbd7,
    0xbbd7, 0xbbd7, 0xbbd8, 0xbbd8, 0xbbd8, 0xbbd9, 0xbbd9, 0xbbda, 0xbbda, 0xbbda, 0xbbdb, 0xbbdb, 0xbbdc, 0xbbdc, 0xbbdc, 0xbbdd,
    0xbbdd, 0xbbdd, 0xbbde, 0xbbde, 0xbbdf, 0xbbdf, 0xbbdf, 0xbbe0, 0xbbe0, 0xbbe0, 0xbbe1, 0xbbe1, 0xbbe2, 0xbbe2, 0xbbe2, 0xbbe3,
    0xbbe3, 0xbbe3, 0xbbe4, 0xbbe4, 0xbbe5, 0xbbe5, 0xbbe5, 0xbbe6, 0xbbe6, 0xbbe6, 0xbbe7, 0xbbe7, 0xbbe8, 0xbbe8, 0xbbe8, 0xbbe9,
    0xbbe9, 0xbbe9, 0xbbea, 0xbbea, 0xbbeb, 0xbbeb, 0xbbeb, 0xbbec, 0xbbec, 0xbbec, 0xbbed, 0xbbed, 0xbbee, 0xbbee, 0xbbee, 0xbbef,
    0xbbef, 0xbbef, 0xbbf0, 0xbbf0, 0xbbf0, 0xbbf1, 0xbbf1, 0xbbf2, 0xbbf2, 0xbbf2, 0xbbf3, 0xbbf3, 0xbbf3, 0xbbf4, 0xbbf4, 0xbbf5,
    0xbbf5, 0xbbf5, 0xbbf6, 0xbbf6, 0xbbf6, 0xbbf7, 0xbbf7, 0xbbf7, 0xbbf8, 0xbbf8, 0xbbf9, 0xbbf9, 0xbbf9, 0xbbfa, 0xbbfa, 0xbbfa,
    0xbbfb, 0xbbfb, 0xbbfb, 0xbbfc, 0xbbfc, 0xbbfd, 0xbbfd, 0xbbfd, 0xbbfe, 0xbbfe, 0xbbfe, 0xbbff, 0xbbff, 0xbbff, 0xbc00, 0xbc00,
    0xbc00, 0xbc02, 0xbc03, 0xbc05, 0xbc06, 0xbc08, 0xbc09, 0xbc0b, 0xbc0c, 0xbc0d, 0xbc0f, 0xbc10, 0xbc12, 0xbc13, 0xbc15, 0xbc16,
    0xbc17, 0xbc19, 0xbc1a, 0xbc1c, 0xbc1d, 0xbc1e, 0xbc20, 0xbc21, 0xbc23, 0xbc24, 0xbc26, 0xbc27, 0xbc28, 0xbc2a, 0xbc2b, 0xbc2d,
    0xbc2e, 0xbc2f, 0xbc31, 0xbc32, 0xbc34, 0xbc35, 0xbc36, 0xbc38, 0xbc39, 0xbc3a, 0xbc3c, 0xbc3d, 0xbc3f, 0xbc40, 0xbc41, 0xbc43,
    0xbc44, 0xbc46, 0xbc47, 0xbc48, 0xbc4a, 0xbc4b, 0xbc4c, 0xbc4e, 0xbc4f, 0xbc51, 0xbc52, 0xbc53, 0xbc55, 0xbc56, 0xbc57, 0xbc59,
    0xbc5a, 0xbc5b, 0xbc5d, 0xbc5e, 0xbc5f, 0xbc61, 0xbc62, 0xbc64, 0xbc65, 0xbc66, 0xbc68, 0xbc69, 0xbc6a, 0xbc6c, 0xbc6d, 0xbc6e,
    0xbc70, 0xbc71, 0xbc72, 0xbc74, 0xbc75, 0xbc76, 0xbc78, 0xbc79, 0xbc7a, 0xbc7c, 0xbc7d, 0xbc7e, 0xbc80, 0xbc81, 0xbc82, 0xbc84,
    0xbc85, 0xbc86, 0xbc88, 0xbc89, 0xbc8a, 0xbc8b, 0xbc8d, 0xbc8e, 0xbc8f, 0xbc91, 0xbc92, 0xbc93, 0xbc95, 0xbc96, 0xbc97, 0xbc99,
    0xbc9a, 0xbc9b, 0xbc9c, 0xbc9e, 0xbc9f, 0xbca0, 0xbca2, 0xbca3, 0xbca4, 0xbca5, 0xbca7, 0xbca8, 0xbca9, 0xbcab, 0xbcac, 0xbcad,
    0xbcaf, 0xbcb0, 0xbcb1, 0xbcb2, 0xbcb4, 0xbcb5, 0xbcb6, 0xbcb7, 0xbcb9, 0xbcba, 0xbcbb, 0xbcbd, 0xbcbe, 0xbcbf, 0xbcc0, 0xbcc2,
    0xbcc3, 0xbcc4, 0xbcc5, 0xbcc7, 0xbcc8, 0xbcc9, 0xbcca, 0xbccc, 0xbccd, 0xbcce, 0xbccf, 0xbcd1, 0xbcd2, 0xbcd3, 0xbcd4, 0xbcd6,
    0xbcd7, 0xbcd8, 0xbcd9, 0xbcdb, 0xbcdc, 0xbcdd, 0xbcde, 0xbce0, 0xbce1, 0xbce2, 0xbce3, 0xbce5, 0xbce6, 0xbce7, 0xbce8, 0xbcea,
    0xbceb, 0xbcec, 0xbced, 0xbcee, 0xbcf0, 0xbcf1, 0xbcf2, 0xbcf3, 0xbcf5, 0xbcf6, 0xbcf7, 0xbcf8, 0xbcfa, 0xbcfb, 0xbcfc, 0xbcfd,
    0xbcfe, 0xbd00, 0xbd01, 0xbd02, 0xbd03, 0xbd04, 0xbd06, 0xbd07, 0xbd08, 0xbd09, 0xbd0a, 0xbd0c, 0xbd0d, 0xbd0e, 0xbd0f, 0xbd10,
    0xbd12, 0xbd13, 0xbd14, 0xbd15, 0xbd16, 0xbd18, 0xbd19, 0xbd1a, 0xbd1b, 0xbd1c, 0xbd1e, 0xbd1f, 0xbd20, 0xbd21, 0xbd22, 0xbd24,
    0xbd25, 0xbd26, 0xbd27, 0xbd28, 0xbd29, 0xbd2b, 0xbd2c, 0xbd2d, 0xbd2e, 0xbd2f, 0xbd31, 0xbd32, 0xbd33, 0xbd34, 0xbd35, 0xbd36,
    0xbd38, 0xbd39, 0xbd3a, 0xbd3b, 0xbd3c, 0xbd3d, 0xbd3f, 0xbd40, 0xbd41, 0xbd42, 0xbd43, 0xbd44, 0xbd46, 0xbd47, 0xbd48, 0xbd49,
    0xbd4a, 0xbd4b, 0xbd4c, 0xbd4e, 0xbd4f, 0xbd50, 0xbd51, 0xbd52, 0xbd53, 0xbd55, 0xbd56, 0xbd57, 0xbd58, 0xbd59, 0xbd5a, 0xbd5b,
    0xbd5d, 0xbd5e, 0xbd5f, 0xbd60, 0xbd61, 0xbd62, 0xbd63, 0xbd64, 0xbd66, 0xbd67, 0xbd68, 0xbd69, 0xbd6a, 0xbd6b, 0xbd6c, 0xbd6e,
    0xbd6f, 0xbd70, 0xbd71, 0xbd72, 0xbd73, 0xbd74, 0xbd75, 0xbd76, 0xbd78, 0xbd79, 0xbd7a, 0xbd7b, 0xbd7c, 0xbd7d, 0xbd7e, 0xbd7f,
    0xbd81, 0xbd82, 0xbd83, 0xbd84, 0xbd85, 0xbd86, 0xbd87, 0xbd88, 0xbd89, 0xbd8b, 0xbd8c, 0xbd8d, 0xbd8e, 0xbd8f, 0xbd90, 0xbd91,
    0xbd92, 0xbd93, 0xbd94, 0xbd96, 0xbd97, 0xbd98, 0xbd99, 0xbd9a, 0xbd9b, 0xbd9c, 0xbd9d, 0xbd9e, 0xbd9f, 0xbda0, 0xbda2, 0xbda3,
    0xbda4, 0xbda5, 0xbda6, 0xbda7, 0xbda8, 0xbda9, 0xbdaa, 0xbdab, 0xbdac, 0xbdad, 0xbdaf, 0xbdb0, 0xbdb1, 0xbdb2, 0xbdb3, 0xbdb4,
    0xbdb5, 0xbdb6, 0xbdb7, 0xbdb8, 0xbdb9, 0xbdba, 0xbdbb, 0xbdbc, 0xbdbe, 0xbdbf, 0xbdc0, 0xbdc1, 0xbdc2, 0xbdc3, 0xbdc4, 0xbdc5,
    0xbdc6, 0xbdc7, 0xbdc8, 0xbdc9, 0xbdca, 0xbdcb, 0xbdcc, 0xbdcd, 0xbdcf, 0xbdd0, 0xbdd1, 0xbdd2, 0xbdd3, 0xbdd4, 0xbdd5, 0xbdd6,
    0xbdd7, 0xbdd8, 0xbdd9, 0xbdda, 0xbddb, 0xbddc, 0xbddd, 0xbdde, 0xbddf, 0xbde0, 0xbde1, 0xbde2, 0xbde3, 0xbde5, 0xbde6, 0xbde7,
    0xbde8, 0xbde9, 0xbdea, 0xbdeb, 0xbdec, 0xbded, 0xbdee, 0xbdef, 0xbdf0, 0xbdf1, 0xbdf2, 0xbdf3, 0xbdf4, 0xbdf5, 0xbdf6, 0xbdf7,
    0xbdf8, 0xbdf9, 0xbdfa, 0xbdfb, 0xbdfc, 0xbdfd, 0xbdfe, 0xbdff, 0xbe00, 0xbe01, 0xbe02, 0xbe03, 0xbe04, 0xbe05, 0xbe06, 0xbe07,
    0xbe08, 0xbe09, 0xbe0b, 0xbe0c, 0xbe0d, 0xbe0e, 0xbe0f, 0xbe10, 0xbe11, 0xbe12, 0xbe13, 0xbe14, 0xbe15, 0xbe16, 0xbe17, 0xbe18,
    0xbe19, 0xbe1a, 0xbe1b, 0xbe1c, 0xbe1d, 0xbe1e, 0xbe1f, 0xbe20, 0xbe21, 0xbe22, 0xbe23, 0xbe24, 0xbe25, 0xbe26, 0xbe27, 0xbe28,
    0xbe29, 0xbe2a, 0xbe2b, 0xbe2c, 0xbe2d, 0xbe2e, 0xbe2f, 0xbe30, 0xbe31, 0xbe32, 0xbe32, 0xbe33, 0xbe34, 0xbe35, 0xbe36, 0xbe37,
    0xbe38, 0xbe39, 0xbe3a, 0xbe3b, 0xbe3c, 0xbe3d, 0xbe3e, 0xbe3f, 0xbe40, 0xbe41, 0xbe42, 0xbe43, 0xbe44, 0xbe45, 0xbe46, 0xbe47,
    0xbe48, 0xbe49, 0xbe4a, 0xbe4b, 0xbe4c, 0xbe4d, 0xbe4e, 0xbe4f, 0xbe50, 0xbe51, 0xbe52, 0xbe53, 0xbe54, 0xbe55, 0xbe56, 0xbe57,
    0xbe58, 0xbe58, 0xbe59, 0xbe5a, 0xbe5b, 0xbe5c, 0xbe5d, 0xbe5e, 0xbe5f, 0xbe60, 0xbe61, 0xbe62, 0xbe63, 0xbe64, 0xbe65, 0xbe66,
    0xbe67, 0xbe68, 0xbe69, 0xbe6a, 0xbe6b, 0xbe6c, 0xbe6d, 0xbe6d, 0xbe6e, 0xbe6f, 0xbe70, 0xbe71, 0xbe72, 0xbe73, 0xbe74, 0xbe75,
    0xbe76, 0xbe77, 0xbe78, 0xbe79, 0xbe7a, 0xbe7b, 0xbe7c, 0xbe7d, 0xbe7d, 0xbe7e, 0xbe7f, 0xbe80, 0xbe81, 0xbe82, 0xbe83, 0xbe84,
    0xbe85, 0xbe86, 0xbe87, 0xbe88, 0xbe89, 0xbe8a, 0xbe8b, 0xbe8b, 0xbe8c, 0xbe8d, 0xbe8e, 0xbe8f, 0xbe90, 0xbe91, 0xbe92, 0xbe93,
    0xbe94, 0xbe95, 0xbe96, 0xbe97, 0xbe97, 0xbe98, 0xbe99, 0xbe9a, 0xbe9b, 0xbe9c, 0xbe9d, 0xbe9e, 0xbe9f, 0xbea0, 0xbea1, 0xbea2,
    0xbea3, 0xbea3, 0xbea4, 0xbea5, 0xbea6, 0xbea7, 0xbea8, 0xbea9, 0xbeaa, 0xbeab, 0xbeac, 0xbead, 0xbead, 0xbeae, 0xbeaf, 0xbeb0,
    0xbeb1, 0xbeb2, 0xbeb3, 0xbeb4, 0xbeb5, 0xbeb6, 0xbeb6, 0xbeb7, 0xbeb8, 0xbeb9, 0xbeba, 0xbebb, 0xbebc, 0xbebd, 0xbebe, 0xbebf,
    0xbebf, 0xbec0, 0xbec1, 0xbec2, 0xbec3, 0xbec4, 0xbec5, 0xbec6, 0xbec7, 0xbec8, 0xbec8, 0xbec9, 0xbeca, 0xbecb, 0xbecc, 0xbecd,
    0xbece, 0xbecf, 0xbed0, 0xbed0, 0xbed1, 0xbed2, 0xbed3, 0xbed4, 0xbed5, 0xbed6, 0xbed7, 0xbed7, 0xbed8, 0xbed9, 0xbeda, 0xbedb,
    0xbedc, 0xbedd, 0xbede, 0xbedf, 0xbedf, 0xbee0, 0xbee1, 0xbee2, 0xbee3, 0xbee4, 0xbee5, 0xbee6, 0xbee6, 0xbee7, 0xbee8, 0xbee9,
    0xbeea, 0xbeeb, 0xbeec, 0xbeed, 0xbeed, 0xbeee, 0xbeef, 0xbef0, 0xbef1, 0xbef2, 0xbef3, 0xbef3, 0xbef4, 0xbef5, 0xbef6, 0xbef7,
    0xbef8, 0xbef9, 0xbef9, 0xbefa, 0xbefb, 0xbefc, 0xbefd, 0xbefe, 0xbeff, 0xbf00, 0xbf00, 0xbf01, 0xbf02, 0xbf03, 0xbf04, 0xbf05,
    0xbf06, 0xbf06, 0xbf07, 0xbf08, 0xbf09, 0xbf0a, 0xbf0b, 0xbf0b, 0xbf0c, 0xbf0d, 0xbf0e, 0xbf0f, 0xbf10, 0xbf11, 0xbf11, 0xbf12,
    0xbf13, 0xbf14, 0xbf15, 0xbf16, 0xbf17, 0xbf17, 0xbf18, 0xbf19, 0xbf1a, 0xbf1b, 0xbf1c, 0xbf1c, 0xbf1d, 0xbf1e, 0xbf1f, 0xbf20,
    0xbf21, 0xbf21, 0xbf22, 0xbf23, 0xbf24, 0xbf25, 0xbf26, 0xbf26, 0xbf27, 0xbf28, 0xbf29, 0xbf2a, 0xbf2b, 0xbf2b, 0xbf2c, 0xbf2d,
    0xbf2e, 0xbf2f, 0xbf30, 0xbf30, 0xbf31, 0xbf32, 0xbf33, 0xbf34, 0xbf35, 0xbf35, 0xbf36, 0xbf37, 0xbf38, 0xbf39, 0xbf3a, 0xbf3a,
    0xbf3b, 0xbf3c, 0xbf3d, 0xbf3e, 0xbf3f, 0xbf3f, 0xbf40, 0xbf41, 0xbf42, 0xbf43, 0xbf43, 0xbf44, 0xbf45, 0xbf46, 0xbf47, 0xbf48,
    0xbf48, 0xbf49, 0xbf4a, 0xbf4b, 0xbf4c, 0xbf4c, 0xbf4d, 0xbf4e, 0xbf4f, 0xbf50, 0xbf51, 0xbf51, 0xbf52, 0xbf53, 0xbf54, 0xbf55,
    0xbf55, 0xbf56, 0xbf57, 0xbf58, 0xbf59, 0xbf59, 0xbf5a, 0xbf5b, 0xbf5c, 0xbf5d, 0xbf5d, 0xbf5e, 0xbf5f, 0xbf60, 0xbf61, 0xbf61,
    0xbf62, 0xbf63, 0xbf64, 0xbf65, 0xbf65, 0xbf66, 0xbf67, 0xbf68, 0xbf69, 0xbf69, 0xbf6a, 0xbf6b, 0xbf6c, 0xbf6d, 0xbf6d, 0xbf6e,
    0xbf6f, 0xbf70, 0xbf71, 0xbf71, 0xbf72, 0xbf73, 0xbf74, 0xbf75, 0xbf75, 0xbf76, 0xbf77, 0xbf78, 0xbf79, 0xbf79, 0xbf7a, 0xbf7b,
    0xbf7c, 0xbf7d, 0xbf7d, 0xbf7e, 0xbf7f, 0xbf80, 0xbf80, 0xbf81, 0xbf82, 0xbf83, 0xbf84, 0xbf84, 0xbf85, 0xbf86, 0xbf87, 0xbf88,
    0xbf88, 0xbf89, 0xbf8a, 0xbf8b, 0xbf8b, 0xbf8c, 0xbf8d, 0xbf8e, 0xbf8f, 0xbf8f, 0xbf90, 0xbf91, 0xbf92, 0xbf92, 0xbf93, 0xbf94,
    0xbf95, 0xbf96, 0xbf96, 0xbf97, 0xbf98, 0xbf99, 0xbf99, 0xbf9a, 0xbf9b, 0xbf9c, 0xbf9d, 0xbf9d, 0xbf9e, 0xbf9f, 0xbfa0, 0xbfa0,
    0xbfa1, 0xbfa2, 0xbfa3, 0xbfa3, 0xbfa4, 0xbfa5, 0xbfa6, 0xbfa7, 0xbfa7, 0xbfa8, 0xbfa9, 0xbfaa, 0xbfaa, 0xbfab, 0xbfac, 0xbfad,
    0xbfad, 0xbfae, 0xbfaf, 0xbfb0, 0xbfb0, 0xbfb1, 0xbfb2, 0xbfb3, 0xbfb4, 0xbfb4, 0xbfb5, 0xbfb6, 0xbfb7, 0xbfb7, 0xbfb8, 0xbfb9,
    0xbfba, 0xbfba, 0xbfbb, 0xbfbc, 0xbfbd, 0xbfbd, 0xbfbe, 0xbfbf, 0xbfc0, 0xbfc0, 0xbfc1, 0xbfc2, 0xbfc3, 0xbfc3, 0xbfc4, 0xbfc5,
    0xbfc6, 0xbfc6, 0xbfc7, 0xbfc8, 0xbfc9, 0xbfc9, 0xbfca, 0xbfcb, 0xbfcc, 0xbfcc, 0xbfcd, 0xbfce, 0xbfcf, 0xbfcf, 0xbfd0, 0xbfd1,
    0xbfd2, 0xbfd2, 0xbfd3, 0xbfd4, 0xbfd5, 0xbfd5, 0xbfd6, 0xbfd7, 0xbfd8, 0xbfd8, 0xbfd9, 0xbfda, 0xbfdb, 0xbfdb, 0xbfdc, 0xbfdd,
    0xbfdd, 0xbfde, 0xbfdf, 0xbfe0, 0xbfe0, 0xbfe1, 0xbfe2, 0xbfe3, 0xbfe3, 0xbfe4, 0xbfe5, 0xbfe6, 0xbfe6, 0xbfe7, 0xbfe8, 0xbfe9,
    0xbfe9, 0xbfea, 0xbfeb, 0xbfeb, 0xbfec, 0xbfed, 0xbfee, 0xbfee, 0xbfef, 0xbff0, 0xbff1, 0xbff1, 0xbff2, 0xbff3, 0xbff3, 0xbff4,
    0xbff5, 0xbff6, 0xbff6, 0xbff7, 0xbff8, 0xbff9, 0xbff9, 0xbffa, 0xbffb, 0xbffb, 0xbffc, 0xbffd, 0xbffe, 0xbffe, 0xbfff, 0xc000,
    0xc000, 0xc003, 0xc006, 0xc009, 0xc00c, 0xc00f, 0xc012, 0xc015, 0xc017, 0xc01a, 0xc01d, 0xc020, 0xc023, 0xc026, 0xc029, 0xc02b,
    0xc02e, 0xc031, 0xc034, 0xc037, 0xc03a, 0xc03c, 0xc03f, 0xc042, 0xc045, 0xc048, 0xc04b, 0xc04d, 0xc050, 0xc053, 0xc056, 0xc059,
    0xc05b, 0xc05e, 0xc061, 0xc064, 0xc067, 0xc069, 0xc06c, 0xc06f, 0xc072, 0xc074, 0xc077, 0xc07a, 0xc07d, 0xc080, 0xc082, 0xc085,
    0xc088, 0xc08b, 0xc08d, 0xc090, 0xc093, 0xc096, 0xc098, 0xc09b, 0xc09e, 0xc0a1, 0xc0a3, 0xc0a6, 0xc0a9, 0xc0ab, 0xc0ae, 0xc0b1,
    0xc0b4, 0xc0b6, 0xc0b9, 0xc0bc, 0xc0be, 0xc0c1, 0xc0c4, 0xc0c7, 0xc0c9, 0xc0cc, 0xc0cf, 0xc0d1, 0xc0d4, 0xc0d7, 0xc0d9, 0xc0dc,
    0xc0df, 0xc0e1, 0xc0e4, 0xc0e7, 0xc0e9, 0xc0ec, 0xc0ef, 0xc0f1, 0xc0f4, 0xc0f7, 0xc0f9, 0xc0fc, 0xc0ff, 0xc101, 0xc104, 0xc107,
    0xc109, 0xc10c, 0xc10f, 0xc111, 0xc114, 0xc116, 0xc119, 0xc11c, 0xc11e, 0xc121, 0xc124, 0xc126, 0xc129, 0xc12b, 0xc12e, 0xc131,
    0xc133, 0xc136, 0xc138, 0xc13b, 0xc13e, 0xc140, 0xc143, 0xc145, 0xc148, 0xc14a, 0xc14d, 0xc150, 0xc152, 0xc155, 0xc157, 0xc15a,
    0xc15d, 0xc15f, 0xc162, 0xc164, 0xc167, 0xc169, 0xc16c, 0xc16e, 0xc171, 0xc173, 0xc176, 0xc179, 0xc17b, 0xc17e, 0xc180, 0xc183,
    0xc185, 0xc188, 0xc18a, 0xc18d, 0xc18f, 0xc192, 0xc194, 0xc197, 0xc199, 0xc19c, 0xc19e, 0xc1a1, 0xc1a3, 0xc1a6, 0xc1a8, 0xc1ab,
    0xc1ad, 0xc1b0, 0xc1b2, 0xc1b5, 0xc1b7, 0xc1ba, 0xc1bc, 0xc1bf, 0xc1c1, 0xc1c4, 0xc1c6, 0xc1c9, 0xc1cb, 0xc1ce, 0xc1d0, 0xc1d3,
    0xc1d5, 0xc1d8, 0xc1da, 0xc1dc, 0xc1df, 0xc1e1, 0xc1e4, 0xc1e6, 0xc1e9, 0xc1eb, 0xc1ee, 0xc1f0, 0xc1f3, 0xc1f5, 0xc1f7, 0xc1fa,
    0xc1fc, 0xc1ff, 0xc201, 0xc204, 0xc206, 0xc208, 0xc20b, 0xc20d, 0xc210, 0xc212, 0xc214, 0xc217, 0xc219, 0xc21c, 0xc21e, 0xc220,
    0xc223, 0xc225, 0xc228, 0xc22a, 0xc22c, 0xc22f, 0xc231, 0xc234, 0xc236, 0xc238, 0xc23b, 0xc23d, 0xc240, 0xc242, 0xc244, 0xc247,
    0xc249, 0xc24b, 0xc24e, 0xc250, 0xc252, 0xc255, 0xc257, 0xc25a, 0xc25c, 0xc25e, 0xc261, 0xc263, 0xc265, 0xc268, 0xc26a, 0xc26c,
    0xc26f, 0xc271, 0xc273, 0xc276, 0xc278, 0xc27a, 0xc27d, 0xc27f, 0xc281, 0xc284, 0xc286, 0xc288, 0xc28b, 0xc28d, 0xc28f, 0xc291,
    0xc294, 0xc296, 0xc298, 0xc29b, 0xc29d, 0xc29f, 0xc2a2, 0xc2a4, 0xc2a6, 0xc2a9, 0xc2ab, 0xc2ad, 0xc2af, 0xc2b2, 0xc2b4, 0xc2b6,
    0xc2b9, 0xc2bb, 0xc2bd, 0xc2bf, 0xc2c2, 0xc2c4, 0xc2c6, 0xc2c8, 0xc2cb, 0xc2cd, 0xc2cf, 0xc2d1, 0xc2d4, 0xc2d6, 0xc2d8, 0xc2db,
    0xc2dd, 0xc2df, 0xc2e1, 0xc2e4, 0xc2e6, 0xc2e8, 0xc2ea, 0xc2ec, 0xc2ef, 0xc2f1, 0xc2f3, 0xc2f5, 0xc2f8, 0xc2fa, 0xc2fc, 0xc2fe,
    0xc301, 0xc303, 0xc305, 0xc307, 0xc309, 0xc30c, 0xc30e, 0xc310, 0xc312, 0xc315, 0xc317, 0xc319, 0xc31b, 0xc31d, 0xc320, 0xc322,
    0xc324, 0xc326, 0xc328, 0xc32b, 0xc32d, 0xc32f, 0xc331, 0xc333, 0xc336, 0xc338, 0xc33a, 0xc33c, 0xc33e, 0xc340, 0xc343, 0xc345,
    0xc347, 0xc349, 0xc34b, 0xc34d, 0xc350, 0xc352, 0xc354, 0xc356, 0xc358, 0xc35a, 0xc35d, 0xc35f, 0xc361, 0xc363, 0xc365, 0xc367,
    0xc369, 0xc36c, 0xc36e, 0xc370, 0xc372, 0xc374, 0xc376, 0xc378, 0xc37b, 0xc37d, 0xc37f, 0xc381, 0xc383, 0xc385, 0xc387, 0xc38a,
    0xc38c, 0xc38e, 0xc390, 0xc392, 0xc394, 0xc396, 0xc398, 0xc39a, 0xc39d, 0xc39f, 0xc3a1, 0xc3a3, 0xc3a5, 0xc3a7, 0xc3a9, 0xc3ab,
    0xc3ad, 0xc3b0, 0xc3b2, 0xc3b4, 0xc3b6, 0xc3b8, 0xc3ba, 0xc3bc, 0xc3be, 0xc3c0, 0xc3c2, 0xc3c4, 0xc3c6, 0xc3c9, 0xc3cb, 0xc3cd,
    0xc3cf, 0xc3d1, 0xc3d3, 0xc3d5, 0xc3d7, 0xc3d9, 0xc3db, 0xc3dd, 0xc3df, 0xc3e1, 0xc3e3, 0xc3e6, 0xc3e8, 0xc3ea, 0xc3ec, 0xc3ee,
    0xc3f0, 0xc3f2, 0xc3f4, 0xc3f6, 0xc3f8, 0xc3fa, 0xc3fc, 0xc3fe, 0xc400, 0xc404, 0xc408, 0xc40c, 0xc410, 0xc414, 0xc418, 0xc41c,
    0xc420, 0xc424, 0xc429, 0xc42d, 0xc431, 0xc435, 0xc439, 0xc43d, 0xc441, 0xc445, 0xc449, 0xc44d, 0xc451, 0xc455, 0xc459, 0xc45d,
    0xc461, 0xc465, 0xc469, 0xc46d, 0xc471, 0xc475, 0xc479, 0xc47d, 0xc481, 0xc485, 0xc489, 0xc48d, 0xc491, 0xc495, 0xc499, 0xc49d,
    0xc4a1, 0xc4a5, 0xc4a9, 0xc4ad, 0xc4b1, 0xc4b5, 0xc4b9, 0xc4bd, 0xc4c1, 0xc4c5, 0xc4c8, 0xc4cc, 0xc4d0, 0xc4d4, 0xc4d8, 0xc4dc,
    0xc4e0, 0xc4e4, 0xc4e8, 0xc4ec, 0xc4f0, 0xc4f4, 0xc4f8, 0xc4fc, 0xc4ff, 0xc503, 0xc507, 0xc50b, 0xc50f, 0xc513, 0xc517, 0xc51b,
    0xc51f, 0xc523, 0xc526, 0xc52a, 0xc52e, 0xc532, 0xc536, 0xc53a, 0xc53e, 0xc542, 0xc545, 0xc549, 0xc54d, 0xc551, 0xc555, 0xc559,
    0xc55d, 0xc560, 0xc564, 0xc568, 0xc56c, 0xc570, 0xc574, 0xc577, 0xc57b, 0xc57f, 0xc583, 0xc587, 0xc58a, 0xc58e, 0xc592, 0xc596,
    0xc59a, 0xc59e, 0xc5a1, 0xc5a5, 0xc5a9, 0xc5ad, 0xc5b1, 0xc5b4, 0xc5b8, 0xc5bc, 0xc5c0, 0xc5c3, 0xc5c7, 0xc5cb, 0xc5cf, 0xc5d3,
    0xc5d6, 0xc5da, 0xc5de, 0xc5e2, 0xc5e5, 0xc5e9, 0xc5ed, 0xc5f1, 0xc5f4, 0xc5f8, 0xc5fc, 0xc600, 0xc603, 0xc607, 0xc60b, 0xc60f,
    0xc612, 0xc616, 0xc61a, 0xc61e, 0xc621, 0xc625, 0xc629, 0xc62c, 0xc630, 0xc634, 0xc638, 0xc63b, 0xc63f, 0xc643, 0xc646, 0xc64a,
    0xc64e, 0xc651, 0xc655, 0xc659, 0xc65c, 0xc660, 0xc664, 0xc668, 0xc66b, 0xc66f, 0xc673, 0xc676, 0xc67a, 0xc67e, 0xc681, 0xc685,
    0xc689, 0xc68c, 0xc690, 0xc693, 0xc697, 0xc69b, 0xc69e, 0xc6a2, 0xc6a6, 0xc6a9, 0xc6ad, 0xc6b1, 0xc6b4, 0xc6b8, 0xc6bc, 0xc6bf,
    0xc6c3, 0xc6c6, 0xc6ca, 0xc6ce, 0xc6d1, 0xc6d5, 0xc6d8, 0xc6dc, 0xc6e0, 0xc6e3, 0xc6e7, 0xc6ea, 0xc6ee, 0xc6f2, 0xc6f5, 0xc6f9,
    0xc6fc, 0xc700, 0xc704, 0xc707, 0xc70b, 0xc70e, 0xc712, 0xc715, 0xc719, 0xc71d, 0xc720, 0xc724, 0xc727, 0xc72b, 0xc72e, 0xc732,
    0xc736, 0xc739, 0xc73d, 0xc740, 0xc744, 0xc747, 0xc74b, 0xc74e, 0xc752, 0xc755, 0xc759, 0xc75c, 0xc760, 0xc763, 0xc767, 0xc76b,
    0xc76e, 0xc772, 0xc775, 0xc779, 0xc77c, 0xc780, 0xc783, 0xc787, 0xc78a, 0xc78e, 0xc791, 0xc795, 0xc798, 0xc79c, 0xc79f, 0xc7a3,
    0xc7a6, 0xc7aa, 0xc7ad, 0xc7b1, 0xc7b4, 0xc7b7, 0xc7bb, 0xc7be, 0xc7c2, 0xc7c5, 0xc7c9, 0xc7cc, 0xc7d0, 0xc7d3, 0xc7d7, 0xc7da,
    0xc7de, 0xc7e1, 0xc7e4, 0xc7e8, 0xc7eb, 0xc7ef, 0xc7f2, 0xc7f6, 0xc7f9, 0xc7fd, 0xc800, 0xc806, 0xc80d, 0xc814, 0xc81b, 0xc822,
    0xc829, 0xc82f, 0xc836, 0xc83d, 0xc844, 0xc84b, 0xc852, 0xc858, 0xc85f, 0xc866, 0xc86d, 0xc874, 0xc87a, 0xc881, 0xc888, 0xc88f,
    0xc895, 0xc89c, 0xc8a3, 0xc8aa, 0xc8b1, 0xc8b7, 0xc8be, 0xc8c5, 0xc8cc, 0xc8d2, 0xc8d9, 0xc8e0, 0xc8e7, 0xc8ed, 0xc8f4, 0xc8fb,
    0xc901, 0xc908, 0xc90f, 0xc916, 0xc91c, 0xc923, 0xc92a, 0xc930, 0xc937, 0xc93e, 0xc944, 0xc94b, 0xc952, 0xc958, 0xc95f, 0xc966,
    0xc96c, 0xc973, 0xc97a, 0xc980, 0xc987, 0xc98e, 0xc994, 0xc99b, 0xc9a1, 0xc9a8, 0xc9af, 0xc9b5, 0xc9bc, 0xc9c3, 0xc9c9, 0xc9d0,
    0xc9d6, 0xc9dd, 0xc9e4, 0xc9ea, 0xc9f1, 0xc9f7, 0xc9fe, 0xca04, 0xca0b, 0xca12, 0xca18, 0xca1f, 0xca25, 0xca2c, 0xca32, 0xca39,
    0xca3f, 0xca46, 0xca4c, 0xca53, 0xca5a, 0xca60, 0xca67, 0xca6d, 0xca74, 0xca7a, 0xca81, 0xca87, 0xca8e, 0xca94, 0xca9b, 0xcaa1,
    0xcaa8, 0xcaae, 0xcab4, 0xcabb, 0xcac1, 0xcac8, 0xcace, 0xcad5, 0xcadb, 0xcae2, 0xcae8, 0xcaef, 0xcaf5, 0xcafb, 0xcb02, 0xcb08,
    0xcb0f, 0xcb15, 0xcb1c, 0xcb22, 0xcb28, 0xcb2f, 0xcb35, 0xcb3c, 0xcb42, 0xcb48, 0xcb4f, 0xcb55, 0xcb5c, 0xcb62, 0xcb68, 0xcb6f,
    0xcb75, 0xcb7b, 0xcb82, 0xcb88, 0xcb8f, 0xcb95, 0xcb9b, 0xcba2, 0xcba8, 0xcbae, 0xcbb5, 0xcbbb, 0xcbc1, 0xcbc8, 0xcbce, 0xcbd4,
    0xcbdb, 0xcbe1, 0xcbe7, 0xcbed, 0xcbf4, 0xcbfa, 0xcc00, 0xcc0d, 0xcc19, 0xcc26, 0xcc32, 0xcc3f, 0xcc4c, 0xcc58, 0xcc65, 0xcc71,
    0xcc7e, 0xcc8a, 0xcc97, 0xcca3, 0xccb0, 0xccbc, 0xccc9, 0xccd5, 0xcce2, 0xccee, 0xccfb, 0xcd07, 0xcd13, 0xcd20, 0xcd2c, 0xcd39,
    0xcd45, 0xcd52, 0xcd5e, 0xcd6a, 0xcd77, 0xcd83, 0xcd90, 0xcd9c, 0xcda8, 0xcdb5, 0xcdc1, 0xcdcd, 0xcdda, 0xcde6, 0xcdf2, 0xcdff,
    0xce0b, 0xce17, 0xce24, 0xce30, 0xce3c, 0xce48, 0xce55, 0xce61, 0xce6d, 0xce7a, 0xce86, 0xce92, 0xce9e, 0xceaa, 0xceb7, 0xcec3,
    0xcecf, 0xcedb, 0xcee8, 0xcef4, 0xcf00, 0xcf0c, 0xcf18, 0xcf24, 0xcf31, 0xcf3d, 0xcf49, 0xcf55, 0xcf61, 0xcf6d, 0xcf79, 0xcf86,
    0xcf92, 0xcf9e, 0xcfaa, 0xcfb6, 0xcfc2, 0xcfce, 0xcfda, 0xcfe6, 0xcff2, 0xcffe, 0xd014, 0xd02d, 0xd045, 0xd05d, 0xd075, 0xd08d,
    0xd0a5, 0xd0bd, 0xd0d5, 0xd0ed, 0xd105, 0xd11d, 0xd135, 0xd14d, 0xd165, 0xd17d, 0xd194, 0xd1ac, 0xd1c4, 0xd1dc, 0xd1f4, 0xd20c,
    0xd224, 0xd23b, 0xd253, 0xd26b, 0xd283, 0xd29b, 0xd2b2, 0xd2ca, 0xd2e2, 0xd2fa, 0xd311, 0xd329, 0xd341, 0xd358, 0xd370, 0xd388,
    0xd39f, 0xd3b7, 0xd3cf, 0xd3e6, 0xd3fe, 0xd42a, 0xd459, 0xd488, 0xd4b8, 0xd4e7, 0xd516, 0xd545, 0xd574, 0xd5a3, 0xd5d2, 0xd601,
    0xd630, 0xd65e, 0xd68d, 0xd6bc, 0xd6eb, 0xd71a, 0xd748, 0xd777, 0xd7a6, 0xd7d5, 0xd806, 0xd864, 0xd8c1, 0xd91e, 0xd97b, 0xd9d8,
    0xda35, 0xda92, 0xdaef, 0xdb4c, 0xdba9, 0xdc0c, 0xdcc5, 0xdd7f, 0xde38, 0xdef2, 0xdfab, 0xe064, 0xe11d, 0xe1d6, 0xe31d, 0xe51e,
    0x0000, 0x1ce2, 0x1ee1, 0x2052, 0x21c2, 0x2332, 0x2450, 0x2508, 0x25bf, 0x2676, 0x272d, 0x27e4, 0x284d, 0x28a8, 0x2903, 0x295e,
    0x29b9, 0x2a14, 0x2a6f, 0x2aca, 0x2b24, 0x2b7f, 0x2bd9, 0x2c1a, 0x2c47, 0x2c74, 0x2ca1, 0x2cce, 0x2cfb, 0x2d28, 0x2d55, 0x2d81,
    0x2dae, 0x2ddb, 0x2e08, 0x2e34, 0x2e61, 0x2e8e, 0x2eba, 0x2ee7, 0x2f13, 0x2f3f, 0x2f6c, 0x2f98, 0x2fc4, 0x2ff1, 0x300e, 0x3024,
    0x303a, 0x3050, 0x3066, 0x307c, 0x3092, 0x30a8, 0x30be, 0x30d4, 0x30ea, 0x3100, 0x3116, 0x312c, 0x3141, 0x3157, 0x316d, 0x3183,
    0x3198, 0x31ae, 0x31c4, 0x31da, 0x31ef, 0x3205, 0x321a, 0x3230, 0x3246, 0x325b, 0x3271, 0x3286, 0x329c, 0x32b1, 0x32c7, 0x32dc,
    0x32f2, 0x3307, 0x331c, 0x3332, 0x3347, 0x335c, 0x3372, 0x3387, 0x339c, 0x33b1, 0x33c7, 0x33dc, 0x33f1, 0x3403, 0x340d, 0x3418,
    0x3423, 0x342d, 0x3438, 0x3442, 0x344d, 0x3457, 0x3462, 0x346c, 0x3477, 0x3481, 0x348c, 0x3496, 0x34a1, 0x34ab, 0x34b5, 0x34c0,
    0x34ca, 0x34d5, 0x34df, 0x34e9, 0x34f4, 0x34fe, 0x3508, 0x3513, 0x351d, 0x3527, 0x3532, 0x353c, 0x3546, 0x3551, 0x355b, 0x3565,
    0x3570, 0x357a, 0x3584, 0x358e, 0x3598, 0x35a3, 0x35ad, 0x35b7, 0x35c1, 0x35cb, 0x35d6, 0x35e0, 0x35ea, 0x35f4, 0x35fe, 0x3608,
    0x3613, 0x361d, 0x3627, 0x3631, 0x363b, 0x3645, 0x364f, 0x3659, 0x3663, 0x366d, 0x3677, 0x3681, 0x368b, 0x3695, 0x369f, 0x36a9,
    0x36b3, 0x36bd, 0x36c7, 0x36d1, 0x36db, 0x36e5, 0x36ef, 0x36f9, 0x3703, 0x370d, 0x3717, 0x3721, 0x372b, 0x3734, 0x373e, 0x3748,
    0x3752, 0x375c, 0x3766, 0x376f, 0x3779, 0x3783, 0x378d, 0x3797, 0x37a1, 0x37aa, 0x37b4, 0x37be, 0x37c8, 0x37d1, 0x37db, 0x37e5,
    0x37ef, 0x37f8, 0x3801, 0x3806, 0x380a, 0x380f, 0x3814, 0x3819, 0x381e, 0x3823, 0x3827, 0x382c, 0x3831, 0x3836, 0x383b, 0x383f,
    0x3844, 0x3849, 0x384e, 0x3853, 0x3857, 0x385c, 0x3861, 0x3866, 0x386b, 0x386f, 0x3874, 0x3879, 0x387e, 0x3882, 0x3887, 0x388c,
    0x3891, 0x3895, 0x389a, 0x389f, 0x38a3, 0x38a8, 0x38ad, 0x38b2, 0x38b6, 0x38bb, 0x38c0, 0x38c4, 0x38c9, 0x38ce, 0x38d2, 0x38d7,
    0x38dc, 0x38e0, 0x38e5, 0x38ea, 0x38ee, 0x38f3, 0x38f8, 0x38fc, 0x3901, 0x3906, 0x390a, 0x390f, 0x3914, 0x3918, 0x391d, 0x3921,
    0x3926, 0x392b, 0x392f, 0x3934, 0x3939, 0x393d, 0x3942, 0x3946, 0x394b, 0x3950, 0x3954, 0x3959, 0x395d, 0x3962, 0x3966, 0x396b,
    0x3970, 0x3974, 0x3979, 0x397d, 0x3982, 0x3986, 0x398b, 0x398f, 0x3994, 0x3998, 0x399d, 0x39a1, 0x39a6, 0x39ab, 0x39af, 0x39b4,
    0x39b8, 0x39bd, 0x39c1, 0x39c6, 0x39ca, 0x39cf, 0x39d3, 0x39d7, 0x39dc, 0x39e0, 0x39e5, 0x39e9, 0x39ee, 0x39f2, 0x39f7, 0x39fb,
    0x3a00, 0x3a04, 0x3a09, 0x3a0d, 0x3a11, 0x3a16, 0x3a1a, 0x3a1f, 0x3a23, 0x3a28, 0x3a2c, 0x3a30, 0x3a35, 0x3a39, 0x3a3e, 0x3a42,
    0x3a46, 0x3a4b, 0x3a4f, 0x3a54, 0x3a58, 0x3a5c, 0x3a61, 0x3a65, 0x3a6a, 0x3a6e, 0x3a72, 0x3a77, 0x3a7b, 0x3a7f, 0x3a84, 0x3a88,
    0x3a8c, 0x3a91, 0x3a95, 0x3a99, 0x3a9e, 0x3aa2, 0x3aa6, 0x3aab, 0x3aaf, 0x3ab3, 0x3ab8, 0x3abc, 0x3ac0, 0x3ac5, 0x3ac9, 0x3acd,
    0x3ad1, 0x3ad6, 0x3ada, 0x3ade, 0x3ae3, 0x3ae7, 0x3aeb, 0x3aef, 0x3af4, 0x3af8, 0x3afc, 0x3b01, 0x3b05, 0x3b09, 0x3b0d, 0x3b12,
    0x3b16, 0x3b1a, 0x3b1e, 0x3b23, 0x3b27, 0x3b2b, 0x3b2f, 0x3b33, 0x3b38, 0x3b3c, 0x3b40, 0x3b44, 0x3b49, 0x3b4d, 0x3b51, 0x3b55,
    0x3b59, 0x3b5e, 0x3b62, 0x3b66, 0x3b6a, 0x3b6e, 0x3b72, 0x3b77, 0x3b7b, 0x3b7f, 0x3b83, 0x3b87, 0x3b8b, 0x3b90, 0x3b94, 0x3b98,
    0x3b9c, 0x3ba0, 0x3ba4, 0x3ba9, 0x3bad, 0x3bb1, 0x3bb5, 0x3bb9, 0x3bbd, 0x3bc1, 0x3bc5, 0x3bca, 0x3bce, 0x3bd2, 0x3bd6, 0x3bda,
    0x3bde, 0x3be2, 0x3be6, 0x3bea, 0x3bef, 0x3bf3, 0x3bf7, 0x3bfb, 0x3bff, 0x3c01, 0x3c03, 0x3c05, 0x3c07, 0x3c09, 0x3c0b, 0x3c0d,
    0x3c0f, 0x3c11, 0x3c14, 0x3c16, 0x3c18, 0x3c1a, 0x3c1c, 0x3c1e, 0x3c20, 0x3c22, 0x3c24, 0x3c26, 0x3c28, 0x3c2a, 0x3c2c, 0x3c2e,
    0x3c30, 0x3c32, 0x3c34, 0x3c36, 0x3c38, 0x3c3a, 0x3c3c, 0x3c3e, 0x3c40, 0x3c42, 0x3c44, 0x3c46, 0x3c48, 0x3c4a, 0x3c4c, 0x3c4e,
    0x3c50, 0x3c52, 0x3c54, 0x3c56, 0x3c58, 0x3c5a, 0x3c5c, 0x3c5e, 0x3c60, 0x3c62, 0x3c63, 0x3c65, 0x3c67, 0x3c69, 0x3c6b, 0x3c6d,
    0x3c6f, 0x3c71, 0x3c73, 0x3c75, 0x3c77, 0x3c79, 0x3c7b, 0x3c7d, 0x3c7f, 0x3c81, 0x3c83, 0x3c85, 0x3c87, 0x3c89, 0x3c8b, 0x3c8d,
    0x3c8f, 0x3c91, 0x3c92, 0x3c94, 0x3c96, 0x3c98, 0x3c9a, 0x3c9c, 0x3c9e, 0x3ca0, 0x3ca2, 0x3ca4, 0x3ca6, 0x3ca8, 0x3caa, 0x3cac,
    0x3cae, 0x3caf, 0x3cb1, 0x3cb3, 0x3cb5, 0x3cb7, 0x3cb9, 0x3cbb, 0x3cbd, 0x3cbf, 0x3cc1, 0x3cc3, 0x3cc4, 0x3cc6, 0x3cc8, 0x3cca,
    0x3ccc, 0x3cce, 0x3cd0, 0x3cd2, 0x3cd4, 0x3cd6, 0x3cd8, 0x3cd9, 0x3cdb, 0x3cdd, 0x3cdf, 0x3ce1, 0x3ce3, 0x3ce5, 0x3ce7, 0x3ce9,
    0x3cea, 0x3cec, 0x3cee, 0x3cf0, 0x3cf2, 0x3cf4, 0x3cf6, 0x3cf8, 0x3cf9, 0x3cfb, 0x3cfd, 0x3cff, 0x3d01, 0x3d03, 0x3d05, 0x3d07,
    0x3d08, 0x3d0a, 0x3d0c, 0x3d0e, 0x3d10, 0x3d12, 0x3d14, 0x3d15, 0x3d17, 0x3d19, 0x3d1b, 0x3d1d, 0x3d1f, 0x3d21, 0x3d22, 0x3d24,
    0x3d26, 0x3d28, 0x3d2a, 0x3d2c, 0x3d2d, 0x3d2f, 0x3d31, 0x3d33, 0x3d35, 0x3d37, 0x3d39, 0x3d3a, 0x3d3c, 0x3d3e, 0x3d40, 0x3d42,
    0x3d44, 0x3d45, 0x3d47, 0x3d49, 0x3d4b, 0x3d4d, 0x3d4e, 0x3d50, 0x3d52, 0x3d54, 0x3d56, 0x3d58, 0x3d59, 0x3d5b, 0x3d5d, 0x3d5f,
    0x3d61, 0x3d62, 0x3d64, 0x3d66, 0x3d68, 0x3d6a, 0x3d6b, 0x3d6d, 0x3d6f, 0x3d71, 0x3d73, 0x3d74, 0x3d76, 0x3d78, 0x3d7a, 0x3d7c,
    0x3d7d, 0x3d7f, 0x3d81, 0x3d83, 0x3d85, 0x3d86, 0x3d88, 0x3d8a, 0x3d8c, 0x3d8e, 0x3d8f, 0x3d91, 0x3d93, 0x3d95, 0x3d96, 0x3d98,
    0x3d9a, 0x3d9c, 0x3d9e, 0x3d9f, 0x3da1, 0x3da3, 0x3da5, 0x3da6, 0x3da8, 0x3daa, 0x3dac, 0x3dad, 0x3daf, 0x3db1, 0x3db3, 0x3db5,
    0x3db6, 0x3db8, 0x3dba, 0x3dbc, 0x3dbd, 0x3dbf, 0x3dc1, 0x3dc3, 0x3dc4, 0x3dc6, 0x3dc8, 0x3dca, 0x3dcb, 0x3dcd, 0x3dcf, 0x3dd1,
    0x3dd2, 0x3dd4, 0x3dd6, 0x3dd8, 0x3dd9, 0x3ddb, 0x3ddd, 0x3dde, 0x3de0, 0x3de2, 0x3de4, 0x3de5, 0x3de7, 0x3de9, 0x3deb, 0x3dec,
    0x3dee, 0x3df0, 0x3df1, 0x3df3, 0x3df5, 0x3df7, 0x3df8, 0x3dfa, 0x3dfc, 0x3dfe, 0x3dff, 0x3e01, 0x3e03, 0x3e04, 0x3e06, 0x3e08,
    0x3e0a, 0x3e0b, 0x3e0d, 0x3e0f, 0x3e10, 0x3e12, 0x3e14, 0x3e15, 0x3e17, 0x3e19, 0x3e1b, 0x3e1c, 0x3e1e, 0x3e20, 0x3e21, 0x3e23,
    0x3e25, 0x3e26, 0x3e28, 0x3e2a, 0x3e2c, 0x3e2d, 0x3e2f, 0x3e31, 0x3e32, 0x3e34, 0x3e36, 0x3e37, 0x3e39, 0x3e3b, 0x3e3c, 0x3e3e,
    0x3e40, 0x3e41, 0x3e43, 0x3e45, 0x3e46, 0x3e48, 0x3e4a, 0x3e4b, 0x3e4d, 0x3e4f, 0x3e50, 0x3e52, 0x3e54, 0x3e55, 0x3e57, 0x3e59,
    0x3e5a, 0x3e5c, 0x3e5e, 0x3e5f, 0x3e61, 0x3e63, 0x3e64, 0x3e66, 0x3e68, 0x3e69, 0x3e6b, 0x3e6d, 0x3e6e, 0x3e70, 0x3e72, 0x3e73,
    0x3e75, 0x3e77, 0x3e78, 0x3e7a, 0x3e7c, 0x3e7d, 0x3e7f, 0x3e80, 0x3e82, 0x3e84, 0x3e85, 0x3e87, 0x3e89, 0x3e8a, 0x3e8c, 0x3e8e,
    0x3e8f, 0x3e91, 0x3e92, 0x3e94, 0x3e96, 0x3e97, 0x3e99, 0x3e9b, 0x3e9c, 0x3e9e, 0x3ea0, 0x3ea1, 0x3ea3, 0x3ea4, 0x3ea6, 0x3ea8,
    0x3ea9, 0x3eab, 0x3eac, 0x3eae, 0x3eb0, 0x3eb1, 0x3eb3, 0x3eb5, 0x3eb6, 0x3eb8, 0x3eb9, 0x3ebb, 0x3ebd, 0x3ebe, 0x3ec0, 0x3ec1,
    0x3ec3, 0x3ec5, 0x3ec6, 0x3ec8, 0x3ec9, 0x3ecb, 0x3ecd, 0x3ece, 0x3ed0, 0x3ed1, 0x3ed3, 0x3ed5, 0x3ed6, 0x3ed8, 0x3ed9, 0x3edb,
    0x3edd, 0x3ede, 0x3ee0, 0x3ee1, 0x3ee3, 0x3ee5, 0x3ee6, 0x3ee8, 0x3ee9, 0x3eeb, 0x3eed, 0x3eee, 0x3ef0, 0x3ef1, 0x3ef3, 0x3ef4,
    0x3ef6, 0x3ef8, 0x3ef9, 0x3efb, 0x3efc, 0x3efe, 0x3eff, 0x3f01, 0x3f03, 0x3f04, 0x3f06, 0x3f07, 0x3f09, 0x3f0a, 0x3f0c, 0x3f0e,
    0x3f0f, 0x3f11, 0x3f12, 0x3f14, 0x3f15, 0x3f17, 0x3f19, 0x3f1a, 0x3f1c, 0x3f1d, 0x3f1f, 0x3f20, 0x3f22, 0x3f23, 0x3f25, 0x3f27,
    0x3f28, 0x3f2a, 0x3f2b, 0x3f2d, 0x3f2e, 0x3f30, 0x3f31, 0x3f33, 0x3f34, 0x3f36, 0x3f38, 0x3f39, 0x3f3b, 0x3f3c, 0x3f3e, 0x3f3f,
    0x3f41, 0x3f42, 0x3f44, 0x3f45, 0x3f47, 0x3f48, 0x3f4a, 0x3f4c, 0x3f4d, 0x3f4f, 0x3f50, 0x3f52, 0x3f53, 0x3f55, 0x3f56, 0x3f58,
    0x3f59, 0x3f5b, 0x3f5c, 0x3f5e, 0x3f5f, 0x3f61, 0x3f62, 0x3f64, 0x3f66, 0x3f67, 0x3f69, 0x3f6a, 0x3f6c, 0x3f6d, 0x3f6f, 0x3f70,
    0x3f72, 0x3f73, 0x3f75, 0x3f76, 0x3f78, 0x3f79, 0x3f7b, 0x3f7c, 0x3f7e, 0x3f7f, 0x3f81, 0x3f82, 0x3f84, 0x3f85, 0x3f87, 0x3f88,
    0x3f8a, 0x3f8b, 0x3f8d, 0x3f8e, 0x3f90, 0x3f91, 0x3f93, 0x3f94, 0x3f96, 0x3f97, 0x3f99, 0x3f9a, 0x3f9c, 0x3f9d, 0x3f9f, 0x3fa0,
    0x3fa2, 0x3fa3, 0x3fa5, 0x3fa6, 0x3fa8, 0x3fa9, 0x3fab, 0x3fac, 0x3fae, 0x3faf, 0x3fb1, 0x3fb2, 0x3fb4, 0x3fb5, 0x3fb6, 0x3fb8,
    0x3fb9, 0x3fbb, 0x3fbc, 0x3fbe, 0x3fbf, 0x3fc1, 0x3fc2, 0x3fc4, 0x3fc5, 0x3fc7, 0x3fc8, 0x3fca, 0x3fcb, 0x3fcd, 0x3fce, 0x3fd0,
    0x3fd1, 0x3fd2, 0x3fd4, 0x3fd5, 0x3fd7, 0x3fd8, 0x3fda, 0x3fdb, 0x3fdd, 0x3fde, 0x3fe0, 0x3fe1, 0x3fe3, 0x3fe4, 0x3fe5, 0x3fe7,
    0x3fe8, 0x3fea, 0x3feb, 0x3fed, 0x3fee, 0x3ff0, 0x3ff1, 0x3ff2, 0x3ff4, 0x3ff5, 0x3ff7, 0x3ff8, 0x3ffa, 0x3ffb, 0x3ffd, 0x3ffe,
    0x4000, 0x4001, 0x4002, 0x4004, 0x4005, 0x4007, 0x4008, 0x400a, 0x400b, 0x400c, 0x400e, 0x400f, 0x4011, 0x4012, 0x4014, 0x4015,
    0x4016, 0x4018, 0x4019, 0x401b, 0x401c, 0x401d, 0x401f, 0x4020, 0x4022, 0x4023, 0x4025, 0x4026, 0x4027, 0x4029, 0x402a, 0x402c,
    0x402d, 0x402e, 0x4030, 0x4031, 0x4033, 0x4034, 0x4035, 0x4037, 0x4038, 0x4039, 0x403b, 0x403c, 0x403e, 0x403f, 0x4040, 0x4042,
    0x4043, 0x4045, 0x4046, 0x4047, 0x4049, 0x404a, 0x404b, 0x404d, 0x404e, 0x4050, 0x4051, 0x4052, 0x4054, 0x4055, 0x4056, 0x4058,
    0x4059, 0x405a, 0x405c, 0x405d, 0x405e, 0x4060, 0x4061, 0x4063, 0x4064, 0x4065, 0x4067, 0x4068, 0x4069, 0x406b, 0x406c, 0x406d,
    0x406f, 0x4070, 0x4071, 0x4073, 0x4074, 0x4075, 0x4077, 0x4078, 0x4079, 0x407b, 0x407c, 0x407d, 0x407f, 0x4080, 0x4081, 0x4083,
    0x4084, 0x4085, 0x4087, 0x4088, 0x4089, 0x408a, 0x408c, 0x408d, 0x408e, 0x4090, 0x4091, 0x4092, 0x4094, 0x4095, 0x4096, 0x4098,
    0x4099, 0x409a, 0x409b, 0x409d, 0x409e, 0x409f, 0x40a1, 0x40a2, 0x40a3, 0x40a4, 0x40a6, 0x40a7, 0x40a8, 0x40aa, 0x40ab, 0x40ac,
    0x40ae, 0x40af, 0x40b0, 0x40b1, 0x40b3, 0x40b4, 0x40b5, 0x40b6, 0x40b8, 0x40b9, 0x40ba, 0x40bc, 0x40bd, 0x40be, 0x40bf, 0x40c1,
    0x40c2, 0x40c3, 0x40c4, 0x40c6, 0x40c7, 0x40c8, 0x40c9, 0x40cb, 0x40cc, 0x40cd, 0x40ce, 0x40d0, 0x40d1, 0x40d2, 0x40d3, 0x40d5,
    0x40d6, 0x40d7, 0x40d8, 0x40da, 0x40db, 0x40dc, 0x40dd, 0x40df, 0x40e0, 0x40e1, 0x40e2, 0x40e4, 0x40e5, 0x40e6, 0x40e7, 0x40e9,
    0x40ea, 0x40eb, 0x40ec, 0x40ed, 0x40ef, 0x40f0, 0x40f1, 0x40f2, 0x40f4, 0x40f5, 0x40f6, 0x40f7, 0x40f9, 0x40fa, 0x40fb, 0x40fc,
    0x40fd, 0x40ff, 0x4100, 0x4101, 0x4102, 0x4103, 0x4105, 0x4106, 0x4107, 0x4108, 0x4109, 0x410b, 0x410c, 0x410d, 0x410e, 0x410f,
    0x4111, 0x4112, 0x4113, 0x4114, 0x4115, 0x4117, 0x4118, 0x4119, 0x411a, 0x411b, 0x411d, 0x411e, 0x411f, 0x4120, 0x4121, 0x4123,
    0x4124, 0x4125, 0x4126, 0x4127, 0x4128, 0x412a, 0x412b, 0x412c, 0x412d, 0x412e, 0x4130, 0x4131, 0x4132, 0x4133, 0x4134, 0x4135,
    0x4137, 0x4138, 0x4139, 0x413a, 0x413b, 0x413c, 0x413e, 0x413f, 0x4140, 0x4141, 0x4142, 0x4143, 0x4145, 0x4146, 0x4147, 0x4148,
    0x4149, 0x414a, 0x414b, 0x414d, 0x414e, 0x414f, 0x4150, 0x4151, 0x4152, 0x4154, 0x4155, 0x4156, 0x4157, 0x4158, 0x4159, 0x415a,
    0x415c, 0x415d, 0x415e, 0x415f, 0x4160, 0x4161, 0x4162, 0x4163, 0x4165, 0x4166, 0x4167, 0x4168, 0x4169, 0x416a, 0x416b, 0x416d,
    0x416e, 0x416f, 0x4170, 0x4171, 0x4172, 0x4173, 0x4174, 0x4175, 0x4177, 0x4178, 0x4179, 0x417a, 0x417b, 0x417c, 0x417d, 0x417e,
    0x4180, 0x4181, 0x4182, 0x4183, 0x4184, 0x4185, 0x4186, 0x4187, 0x4188, 0x418a, 0x418b, 0x418c, 0x418d, 0x418e, 0x418f, 0x4190,
    0x4191, 0x4192, 0x4193, 0x4195, 0x4196, 0x4197, 0x4198, 0x4199, 0x419a, 0x419b, 0x419c, 0x419d, 0x419e, 0x419f, 0x41a1, 0x41a2,
    0x41a3, 0x41a4, 0x41a5, 0x41a6, 0x41a7, 0x41a8, 0x41a9, 0x41aa, 0x41ab, 0x41ac, 0x41ae, 0x41af, 0x41b0, 0x41b1, 0x41b2, 0x41b3,
    0x41b4, 0x41b5, 0x41b6, 0x41b7, 0x41b8, 0x41b9, 0x41ba, 0x41bb, 0x41bd, 0x41be, 0x41bf, 0x41c0, 0x41c1, 0x41c2, 0x41c3, 0x41c4,
    0x41c5, 0x41c6, 0x41c7, 0x41c8, 0x41c9, 0x41ca, 0x41cb, 0x41cc, 0x41ce, 0x41cf, 0x41d0, 0x41d1, 0x41d2, 0x41d3, 0x41d4, 0x41d5,
    0x41d6, 0x41d7, 0x41d8, 0x41d9, 0x41da, 0x41db, 0x41dc, 0x41dd, 0x41de, 0x41df, 0x41e0, 0x41e1, 0x41e2, 0x41e4, 0x41e5, 0x41e6,
    0x41e7, 0x41e8, 0x41e9, 0x41ea, 0x41eb, 0x41ec, 0x41ed, 0x41ee, 0x41ef, 0x41f0, 0x41f1, 0x41f2, 0x41f3, 0x41f4, 0x41f5, 0x41f6,
    0x41f7, 0x41f8, 0x41f9, 0x41fa, 0x41fb, 0x41fc, 0x41fd, 0x41fe, 0x41ff, 0x4200, 0x4201, 0x4202, 0x4203, 0x4204, 0x4205, 0x4206,
    0x4207, 0x4208, 0x420a, 0x420b, 0x420c, 0x420d, 0x420e, 0x420f, 0x4210, 0x4211, 0x4212, 0x4213, 0x4214, 0x4215, 0x4216, 0x4217,
    0x4218, 0x4219, 0x421a, 0x421b, 0x421c, 0x421d, 0x421e, 0x421f, 0x4220, 0x4221, 0x4222, 0x4223, 0x4224, 0x4225, 0x4226, 0x4227,
    0x4228, 0x4229, 0x422a, 0x422b, 0x422c, 0x422d, 0x422e, 0x422f, 0x4230, 0x4231, 0x4231, 0x4232, 0x4233, 0x4234, 0x4235, 0x4236,
    0x4237, 0x4238, 0x4239, 0x423a, 0x423b, 0x423c, 0x423d, 0x423e, 0x423f, 0x4240, 0x4241, 0x4242, 0x4243, 0x4244, 0x4245, 0x4246,
    0x4247, 0x4248, 0x4249, 0x424a, 0x424b, 0x424c, 0x424d, 0x424e, 0x424f, 0x4250, 0x4251, 0x4252, 0x4253, 0x4254, 0x4255, 0x4256,
    0x4257, 0x4257, 0x4258, 0x4259, 0x425a, 0x425b, 0x425c, 0x425d, 0x425e, 0x425f, 0x4260, 0x4261, 0x4262, 0x4263, 0x4264, 0x4265,
    0x4266, 0x4267, 0x4268, 0x4269, 0x426a, 0x426b, 0x426c, 0x426c, 0x426d, 0x426e, 0x426f, 0x4270, 0x4271, 0x4272, 0x4273, 0x4274,
    0x4275, 0x4276, 0x4277, 0x4278, 0x4279, 0x427a, 0x427b, 0x427c, 0x427c, 0x427d, 0x427e, 0x427f, 0x4280, 0x4281, 0x4282, 0x4283,
    0x4284, 0x4285, 0x4286, 0x4287, 0x4288, 0x4289, 0x428a, 0x428a, 0x428b, 0x428c, 0x428d, 0x428e, 0x428f, 0x4290, 0x4291, 0x4292,
    0x4293, 0x4294, 0x4295, 0x4296, 0x4296, 0x4297, 0x4298, 0x4299, 0x429a, 0x429b, 0x429c, 0x429d, 0x429e, 0x429f, 0x42a0, 0x42a1,
    0x42a2, 0x42a2, 0x42a3, 0x42a4, 0x42a5, 0x42a6, 0x42a7, 0x42a8, 0x42a9, 0x42aa, 0x42ab, 0x42ac, 0x42ac, 0x42ad, 0x42ae, 0x42af,
    0x42b0, 0x42b1, 0x42b2, 0x42b3, 0x42b4, 0x42b5, 0x42b5, 0x42b6, 0x42b7, 0x42b8, 0x42b9, 0x42ba, 0x42bb, 0x42bc, 0x42bd, 0x42be,
    0x42be, 0x42bf, 0x42c0, 0x42c1, 0x42c2, 0x42c3, 0x42c4, 0x42c5, 0x42c6, 0x42c7, 0x42c7, 0x42c8, 0x42c9, 0x42ca, 0x42cb, 0x42cc,
    0x42cd, 0x42ce, 0x42cf, 0x42cf, 0x42d0, 0x42d1, 0x42d2, 0x42d3, 0x42d4, 0x42d5, 0x42d6, 0x42d6, 0x42d7, 0x42d8, 0x42d9, 0x42da,
    0x42db, 0x42dc, 0x42dd, 0x42de, 0x42de, 0x42df, 0x42e0, 0x42e1, 0x42e2, 0x42e3, 0x42e4, 0x42e5, 0x42e5, 0x42e6, 0x42e7, 0x42e8,
    0x42e9, 0x42ea, 0x42eb, 0x42ec, 0x42ec, 0x42ed, 0x42ee, 0x42ef, 0x42f0, 0x42f1, 0x42f2, 0x42f2, 0x42f3, 0x42f4, 0x42f5, 0x42f6,
    0x42f7, 0x42f8, 0x42f8, 0x42f9, 0x42fa, 0x42fb, 0x42fc, 0x42fd, 0x42fe, 0x42ff, 0x42ff, 0x4300, 0x4301, 0x4302, 0x4303, 0x4304,
    0x4305, 0x4305, 0x4306, 0x4307, 0x4308, 0x4309, 0x430a, 0x430a, 0x430b, 0x430c, 0x430d, 0x430e, 0x430f, 0x4310, 0x4310, 0x4311,
    0x4312, 0x4313, 0x4314, 0x4315, 0x4316, 0x4316, 0x4317, 0x4318, 0x4319, 0x431a, 0x431b, 0x431b, 0x431c, 0x431d, 0x431e, 0x431f,
    0x4320, 0x4320, 0x4321, 0x4322, 0x4323, 0x4324, 0x4325, 0x4325, 0x4326, 0x4327, 0x4328, 0x4329, 0x432a, 0x432a, 0x432b, 0x432c,
    0x432d, 0x432e, 0x432f, 0x432f, 0x4330, 0x4331, 0x4332, 0x4333, 0x4334, 0x4334, 0x4335, 0x4336, 0x4337, 0x4338, 0x4339, 0x4339,
    0x433a, 0x433b, 0x433c, 0x433d, 0x433e, 0x433e, 0x433f, 0x4340, 0x4341, 0x4342, 0x4342, 0x4343, 0x4344, 0x4345, 0x4346, 0x4347,
    0x4347, 0x4348, 0x4349, 0x434a, 0x434b, 0x434b, 0x434c, 0x434d, 0x434e, 0x434f, 0x4350, 0x4350, 0x4351, 0x4352, 0x4353, 0x4354,
    0x4354, 0x4355, 0x4356, 0x4357, 0x4358, 0x4358, 0x4359, 0x435a, 0x435b, 0x435c, 0x435c, 0x435d, 0x435e, 0x435f, 0x4360, 0x4360,
    0x4361, 0x4362, 0x4363, 0x4364, 0x4364, 0x4365, 0x4366, 0x4367, 0x4368, 0x4368, 0x4369, 0x436a, 0x436b, 0x436c, 0x436c, 0x436d,
    0x436e, 0x436f, 0x4370, 0x4370, 0x4371, 0x4372, 0x4373, 0x4374, 0x4374, 0x4375, 0x4376, 0x4377, 0x4378, 0x4378, 0x4379, 0x437a,
    0x437b, 0x437c, 0x437c, 0x437d, 0x437e, 0x437f, 0x437f, 0x4380, 0x4381, 0x4382, 0x4383, 0x4383, 0x4384, 0x4385, 0x4386, 0x4387,
    0x4387, 0x4388, 0x4389, 0x438a, 0x438a, 0x438b, 0x438c, 0x438d, 0x438e, 0x438e, 0x438f, 0x4390, 0x4391, 0x4391, 0x4392, 0x4393,
    0x4394, 0x4395, 0x4395, 0x4396, 0x4397, 0x4398, 0x4398, 0x4399, 0x439a, 0x439b, 0x439c, 0x439c, 0x439d, 0x439e, 0x439f, 0x439f,
    0x43a0, 0x43a1, 0x43a2, 0x43a2, 0x43a3, 0x43a4, 0x43a5, 0x43a6, 0x43a6, 0x43a7, 0x43a8, 0x43a9, 0x43a9, 0x43aa, 0x43ab, 0x43ac,
    0x43ac, 0x43ad, 0x43ae, 0x43af, 0x43af, 0x43b0, 0x43b1, 0x43b2, 0x43b3, 0x43b3, 0x43b4, 0x43b5, 0x43b6, 0x43b6, 0x43b7, 0x43b8,
    0x43b9, 0x43b9, 0x43ba, 0x43bb, 0x43bc, 0x43bc, 0x43bd, 0x43be, 0x43bf, 0x43bf, 0x43c0, 0x43c1, 0x43c2, 0x43c2, 0x43c3, 0x43c4,
    0x43c5, 0x43c5, 0x43c6, 0x43c7, 0x43c8, 0x43c8, 0x43c9, 0x43ca, 0x43cb, 0x43cb, 0x43cc, 0x43cd, 0x43ce, 0x43ce, 0x43cf, 0x43d0,
    0x43d1, 0x43d1, 0x43d2, 0x43d3, 0x43d4, 0x43d4, 0x43d5, 0x43d6, 0x43d7, 0x43d7, 0x43d8, 0x43d9, 0x43da, 0x43da, 0x43db, 0x43dc,
    0x43dc, 0x43dd, 0x43de, 0x43df, 0x43df, 0x43e0, 0x43e1, 0x43e2, 0x43e2, 0x43e3, 0x43e4, 0x43e5, 0x43e5, 0x43e6, 0x43e7, 0x43e8,
    0x43e8, 0x43e9, 0x43ea, 0x43ea, 0x43eb, 0x43ec, 0x43ed, 0x43ed, 0x43ee, 0x43ef, 0x43f0, 0x43f0, 0x43f1, 0x43f2, 0x43f2, 0x43f3,
    0x43f4, 0x43f5, 0x43f5, 0x43f6, 0x43f7, 0x43f8, 0x43f8, 0x43f9, 0x43fa, 0x43fa, 0x43fb, 0x43fc, 0x43fd, 0x43fd, 0x43fe, 0x43ff,
    0x4400, 0x4400, 0x4401, 0x4402, 0x4402, 0x4403, 0x4404, 0x4405, 0x4405, 0x4406, 0x4407, 0x4407, 0x4408, 0x4409, 0x440a, 0x440a,
    0x440b, 0x440c, 0x440c, 0x440d, 0x440e, 0x440e, 0x440f, 0x4410, 0x4411, 0x4411, 0x4412, 0x4413, 0x4413, 0x4414, 0x4415, 0x4416,
    0x4416, 0x4417, 0x4418, 0x4418, 0x4419, 0x441a, 0x441a, 0x441b, 0x441c, 0x441c, 0x441d, 0x441e, 0x441f, 0x441f, 0x4420, 0x4421,
    0x4421, 0x4422, 0x4423, 0x4423, 0x4424, 0x4425, 0x4425, 0x4426, 0x4427, 0x4428, 0x4428, 0x4429, 0x442a, 0x442a, 0x442b, 0x442c,
    0x442c, 0x442d, 0x442e, 0x442e, 0x442f, 0x4430, 0x4430, 0x4431, 0x4432, 0x4432, 0x4433, 0x4434, 0x4434, 0x4435, 0x4436, 0x4436,
    0x4437, 0x4438, 0x4438, 0x4439, 0x443a, 0x443a, 0x443b, 0x443c, 0x443c, 0x443d, 0x443e, 0x443e, 0x443f, 0x4440, 0x4440, 0x4441,
    0x4442, 0x4442, 0x4443, 0x4444, 0x4444, 0x4445, 0x4446, 0x4446, 0x4447, 0x4448, 0x4448, 0x4449, 0x444a, 0x444a, 0x444b, 0x444c,
    0x444c, 0x444d, 0x444d, 0x444e, 0x444f, 0x444f, 0x4450, 0x4451, 0x4451, 0x4452, 0x4453, 0x4453, 0x4454, 0x4455, 0x4455, 0x4456,
    0x4457, 0x4457, 0x4458, 0x4458, 0x4459, 0x445a, 0x445a, 0x445b, 0x445c, 0x445c, 0x445d, 0x445e, 0x445e, 0x445f, 0x445f, 0x4460,
    0x4461, 0x4461, 0x4462, 0x4463, 0x4463, 0x4464, 0x4464, 0x4465, 0x4466, 0x4466, 0x4467, 0x4468, 0x4468, 0x4469, 0x4469, 0x446a,
    0x446b, 0x446b, 0x446c, 0x446d, 0x446d, 0x446e, 0x446e, 0x446f, 0x4470, 0x4470, 0x4471, 0x4472, 0x4472, 0x4473, 0x4473, 0x4474,
    0x4475, 0x4475, 0x4476, 0x4476, 0x4477, 0x4478, 0x4478, 0x4479, 0x447a, 0x447a, 0x447b, 0x447b, 0x447c, 0x447d, 0x447d, 0x447e,
    0x447e, 0x447f, 0x4480, 0x4480, 0x4481, 0x4481, 0x4482, 0x4483, 0x4483, 0x4484, 0x4484, 0x4485, 0x4486, 0x4486, 0x4487, 0x4487,
    0x4488, 0x4489, 0x4489, 0x448a, 0x448a, 0x448b, 0x448c, 0x448c, 0x448d, 0x448d, 0x448e, 0x448f, 0x448f, 0x4490, 0x4490, 0x4491,
    0x4492, 0x4492, 0x4493, 0x4493, 0x4494, 0x4495, 0x4495, 0x4496, 0x4496, 0x4497, 0x4498, 0x4498, 0x4499, 0x4499, 0x449a, 0x449a,
    0x449b, 0x449c, 0x449c, 0x449d, 0x449d, 0x449e, 0x449f, 0x449f, 0x44a0, 0x44a0, 0x44a1, 0x44a1, 0x44a2, 0x44a3, 0x44a3, 0x44a4,
    0x44a4, 0x44a5, 0x44a5, 0x44a6, 0x44a7, 0x44a7, 0x44a8, 0x44a8, 0x44a9, 0x44aa, 0x44aa, 0x44ab, 0x44ab, 0x44ac, 0x44ac, 0x44ad,
    0x44ae, 0x44ae, 0x44af, 0x44af, 0x44b0, 0x44b0, 0x44b1, 0x44b1, 0x44b2, 0x44b3, 0x44b3, 0x44b4, 0x44b4, 0x44b5, 0x44b5, 0x44b6,
    0x44b7, 0x44b7, 0x44b8, 0x44b8, 0x44b9, 0x44b9, 0x44ba, 0x44ba, 0x44bb, 0x44bc, 0x44bc, 0x44bd, 0x44bd, 0x44be, 0x44be, 0x44bf,
    0x44c0, 0x44c0, 0x44c1, 0x44c1, 0x44c2, 0x44c2, 0x44c3, 0x44c3, 0x44c4, 0x44c5, 0x44c5, 0x44c6, 0x44c6, 0x44c7, 0x44c7, 0x44c8,
    0x44c8, 0x44c9, 0x44c9, 0x44ca, 0x44cb, 0x44cb, 0x44cc, 0x44cc, 0x44cd, 0x44cd, 0x44ce, 0x44ce, 0x44cf, 0x44cf, 0x44d0, 0x44d1,
    0x44d1, 0x44d2, 0x44d2, 0x44d3, 0x44d3, 0x44d4, 0x44d4, 0x44d5, 0x44d5, 0x44d6, 0x44d7, 0x44d7, 0x44d8, 0x44d8, 0x44d9, 0x44d9,
    0x44da, 0x44da, 0x44db, 0x44db, 0x44dc, 0x44dc, 0x44dd, 0x44dd, 0x44de, 0x44df, 0x44df, 0x44e0, 0x44e0, 0x44e1, 0x44e1, 0x44e2,
    0x44e2, 0x44e3, 0x44e3, 0x44e4, 0x44e4, 0x44e5, 0x44e5, 0x44e6, 0x44e7, 0x44e7, 0x44e8, 0x44e8, 0x44e9, 0x44e9, 0x44ea, 0x44ea,
    0x44eb, 0x44eb, 0x44ec, 0x44ec, 0x44ed, 0x44ed, 0x44ee, 0x44ee, 0x44ef, 0x44ef, 0x44f0, 0x44f0, 0x44f1, 0x44f2, 0x44f2, 0x44f3,
    0x44f3, 0x44f4, 0x44f4, 0x44f5, 0x44f5, 0x44f6, 0x44f6, 0x44f7, 0x44f7, 0x44f8, 0x44f8, 0x44f9, 0x44f9, 0x44fa, 0x44fa, 0x44fb,
    0x44fb, 0x44fc, 0x44fc, 0x44fd, 0x44fd, 0x44fe, 0x44fe, 0x44ff, 0x44ff, 0x4500, 0x4500, 0x4501, 0x4501, 0x4502, 0x4502, 0x4503,
    0x4503, 0x4504, 0x4505, 0x4505, 0x4506, 0x4506, 0x4507, 0x4507, 0x4508, 0x4508, 0x4509, 0x4509, 0x450a, 0x450a, 0x450b, 0x450b,
    0x450c, 0x450c, 0x450d, 0x450d, 0x450e, 0x450e, 0x450f, 0x450f, 0x4510, 0x4510, 0x4511, 0x4511, 0x4512, 0x4512, 0x4513, 0x4513,
    0x4514, 0x4514, 0x4515, 0x4515, 0x4516, 0x4516, 0x4517, 0x4517, 0x4518, 0x4518, 0x4518, 0x4519, 0x4519, 0x451a, 0x451a, 0x451b,
    0x451b, 0x451c, 0x451c, 0x451d, 0x451d, 0x451e, 0x451e, 0x451f, 0x451f, 0x4520, 0x4520, 0x4521, 0x4521, 0x4522, 0x4522, 0x4523,
    0x4523, 0x4524, 0x4524, 0x4525, 0x4525, 0x4526, 0x4526, 0x4527, 0x4527, 0x4528, 0x4528, 0x4529, 0x4529, 0x452a, 0x452a, 0x452b,
    0x452b, 0x452b, 0x452c, 0x452c, 0x452d, 0x452d, 0x452e, 0x452e, 0x452f, 0x452f, 0x4530, 0x4530, 0x4531, 0x4531, 0x4532, 0x4532,
    0x4533, 0x4533, 0x4534, 0x4534, 0x4535, 0x4535, 0x4536, 0x4536, 0x4536, 0x4537, 0x4537, 0x4538, 0x4538, 0x4539, 0x4539, 0x453a,
    0x453a, 0x453b, 0x453b, 0x453c, 0x453c, 0x453d, 0x453d, 0x453e, 0x453e, 0x453e, 0x453f, 0x453f, 0x4540, 0x4540, 0x4541, 0x4541,
    0x4542, 0x4542, 0x4543, 0x4543, 0x4544, 0x4544, 0x4545, 0x4545, 0x4545, 0x4546, 0x4546, 0x4547, 0x4547, 0x4548, 0x4548, 0x4549,
    0x4549, 0x454a, 0x454a, 0x454b, 0x454b, 0x454b, 0x454c, 0x454c, 0x454d, 0x454d, 0x454e, 0x454e, 0x454f, 0x454f, 0x4550, 0x4550,
    0x4551, 0x4551, 0x4551, 0x4552, 0x4552, 0x4553, 0x4553, 0x4554, 0x4554, 0x4555, 0x4555, 0x4556, 0x4556, 0x4556, 0x4557, 0x4557,
    0x4558, 0x4558, 0x4559, 0x4559, 0x455a, 0x455a, 0x455a, 0x455b, 0x455b, 0x455c, 0x455c, 0x455d, 0x455d, 0x455e, 0x455e, 0x455f,
    0x455f, 0x455f, 0x4560, 0x4560, 0x4561, 0x4561, 0x4562, 0x4562, 0x4563, 0x4563, 0x4563, 0x4564, 0x4564, 0x4565, 0x4565, 0x4566,
    0x4566, 0x4567, 0x4567, 0x4567, 0x4568, 0x4568, 0x4569, 0x4569, 0x456a, 0x456a, 0x456b, 0x456b, 0x456b, 0x456c, 0x456c, 0x456d,
    0x456d, 0x456e, 0x456e, 0x456f, 0x456f, 0x456f, 0x4570, 0x4570, 0x4571, 0x4571, 0x4572, 0x4572, 0x4572, 0x4573, 0x4573, 0x4574,
    0x4574, 0x4575, 0x4575, 0x4576, 0x4576, 0x4576, 0x4577, 0x4577, 0x4578, 0x4578, 0x4579, 0x4579, 0x4579, 0x457a, 0x457a, 0x457b,
    0x457b, 0x457c, 0x457c, 0x457c, 0x457d, 0x457d, 0x457e, 0x457e, 0x457f, 0x457f, 0x457f, 0x4580, 0x4580, 0x4581, 0x4581, 0x4582,
    0x4582, 0x4582, 0x4583, 0x4583, 0x4584, 0x4584, 0x4585, 0x4585, 0x4585, 0x4586, 0x4586, 0x4587, 0x4587, 0x4588, 0x4588, 0x4588,
    0x4589, 0x4589, 0x458a, 0x458a, 0x458b, 0x458b, 0x458b, 0x458c, 0x458c, 0x458d, 0x458d, 0x458d, 0x458e, 0x458e, 0x458f, 0x458f,
    0x4590, 0x4590, 0x4590, 0x4591, 0x4591, 0x4592, 0x4592, 0x4592, 0x4593, 0x4593, 0x4594, 0x4594, 0x4595, 0x4595, 0x4595, 0x4596,
    0x4596, 0x4597, 0x4597, 0x4597, 0x4598, 0x4598, 0x4599, 0x4599, 0x459a, 0x459a, 0x459a, 0x459b, 0x459b, 0x459c, 0x459c, 0x459c,
    0x459d, 0x459d, 0x459e, 0x459e, 0x459f, 0x459f, 0x459f, 0x45a0, 0x45a0, 0x45a1, 0x45a1, 0x45a1, 0x45a2, 0x45a2, 0x45a3, 0x45a3,
    0x45a3, 0x45a4, 0x45a4, 0x45a5, 0x45a5, 0x45a5, 0x45a6, 0x45a6, 0x45a7, 0x45a7, 0x45a8, 0x45a8, 0x45a8, 0x45a9, 0x45a9, 0x45aa,
    0x45aa, 0x45aa, 0x45ab, 0x45ab, 0x45ac, 0x45ac, 0x45ac, 0x45ad, 0x45ad, 0x45ae, 0x45ae, 0x45ae, 0x45af, 0x45af, 0x45b0, 0x45b0,
    0x45b0, 0x45b1, 0x45b1, 0x45b2, 0x45b2, 0x45b2, 0x45b3, 0x45b3, 0x45b4, 0x45b4, 0x45b4, 0x45b5, 0x45b5, 0x45b6, 0x45b6, 0x45b6,
    0x45b7, 0x45b7, 0x45b8, 0x45b8, 0x45b8, 0x45b9, 0x45b9, 0x45ba, 0x45ba, 0x45ba, 0x45bb, 0x45bb, 0x45bc, 0x45bc, 0x45bc, 0x45bd,
    0x45bd, 0x45be, 0x45be, 0x45be, 0x45bf, 0x45bf, 0x45bf, 0x45c0, 0x45c0, 0x45c1, 0x45c1, 0x45c1, 0x45c2, 0x45c2, 0x45c3, 0x45c3,
    0x45c3, 0x45c4, 0x45c4, 0x45c5, 0x45c5, 0x45c5, 0x45c6, 0x45c6, 0x45c7, 0x45c7, 0x45c7, 0x45c8, 0x45c8, 0x45c8, 0x45c9, 0x45c9,
    0x45ca, 0x45ca, 0x45ca, 0x45cb, 0x45cb, 0x45cc, 0x45cc, 0x45cc, 0x45cd, 0x45cd, 0x45ce, 0x45ce, 0x45ce, 0x45cf, 0x45cf, 0x45cf,
    0x45d0, 0x45d0, 0x45d1, 0x45d1, 0x45d1, 0x45d2, 0x45d2, 0x45d3, 0x45d3, 0x45d3, 0x45d4, 0x45d4, 0x45d4, 0x45d5, 0x45d5, 0x45d6,
    0x45d6, 0x45d6, 0x45d7, 0x45d7, 0x45d7, 0x45d8, 0x45d8, 0x45d9, 0x45d9, 0x45d9, 0x45da, 0x45da, 0x45db, 0x45db, 0x45db, 0x45dc,
    0x45dc, 0x45dc, 0x45dd, 0x45dd, 0x45de, 0x45de, 0x45de, 0x45df, 0x45df, 0x45df, 0x45e0, 0x45e0, 0x45e1, 0x45e1, 0x45e1, 0x45e2,
    0x45e2, 0x45e2, 0x45e3, 0x45e3, 0x45e4, 0x45e4, 0x45e4, 0x45e5, 0x45e5, 0x45e5, 0x45e6, 0x45e6, 0x45e7, 0x45e7, 0x45e7, 0x45e8,
    0x45e8, 0x45e8, 0x45e9, 0x45e9, 0x45ea, 0x45ea, 0x45ea, 0x45eb, 0x45eb, 0x45eb, 0x45ec, 0x45ec, 0x45ed, 0x45ed, 0x45ed, 0x45ee,
    0x45ee, 0x45ee, 0x45ef, 0x45ef, 0x45ef, 0x45f0, 0x45f0, 0x45f1, 0x45f1, 0x45f1, 0x45f2, 0x45f2, 0x45f2, 0x45f3, 0x45f3, 0x45f4,
    0x45f4, 0x45f4, 0x45f5, 0x45f5, 0x45f5, 0x45f6, 0x45f6, 0x45f6, 0x45f7, 0x45f7, 0x45f8, 0x45f8, 0x45f8, 0x45f9, 0x45f9, 0x45f9,
    0x45fa, 0x45fa, 0x45fa, 0x45fb, 0x45fb, 0x45fc, 0x45fc, 0x45fc, 0x45fd, 0x45fd, 0x45fd, 0x45fe, 0x45fe, 0x45fe, 0x45ff, 0x45ff,
    0x4600, 0x4600, 0x4601, 0x4602, 0x4602, 0x4603, 0x4604, 0x4605, 0x4605, 0x4606, 0x4607, 0x4607, 0x4608, 0x4609, 0x460a, 0x460a,
    0x460b, 0x460c, 0x460c, 0x460d, 0x460e, 0x460e, 0x460f, 0x4610, 0x4611, 0x4611, 0x4612, 0x4613, 0x4613, 0x4614, 0x4615, 0x4616,
    0x4616, 0x4617, 0x4618, 0x4618, 0x4619, 0x461a, 0x461a, 0x461b, 0x461c, 0x461c, 0x461d, 0x461e, 0x461f, 0x461f, 0x4620, 0x4621,
    0x4621, 0x4622, 0x4623, 0x4623, 0x4624, 0x4625, 0x4625, 0x4626, 0x4627, 0x4628, 0x4628, 0x4629, 0x462a, 0x462a, 0x462b, 0x462c,
    0x462c, 0x462d, 0x462e, 0x462e, 0x462f, 0x4630, 0x4630, 0x4631, 0x4632, 0x4632, 0x4633, 0x4634, 0x4634, 0x4635, 0x4636, 0x4636,
    0x4637, 0x4638, 0x4638, 0x4639, 0x463a, 0x463a, 0x463b, 0x463c, 0x463c, 0x463d, 0x463e, 0x463e, 0x463f, 0x4640, 0x4640, 0x4641,
    0x4642, 0x4642, 0x4643, 0x4644, 0x4644, 0x4645, 0x4646, 0x4646, 0x4647, 0x4648, 0x4648, 0x4649, 0x464a, 0x464a, 0x464b, 0x464c,
    0x464c, 0x464d, 0x464d, 0x464e, 0x464f, 0x464f, 0x4650, 0x4651, 0x4651, 0x4652, 0x4653, 0x4653, 0x4654, 0x4655, 0x4655, 0x4656,
    0x4657, 0x4657, 0x4658, 0x4658, 0x4659, 0x465a, 0x465a, 0x465b, 0x465c, 0x465c, 0x465d, 0x465e, 0x465e, 0x465f, 0x465f, 0x4660,
    0x4661, 0x4661, 0x4662, 0x4663, 0x4663, 0x4664, 0x4664, 0x4665, 0x4666, 0x4666, 0x4667, 0x4668, 0x4668, 0x4669, 0x4669, 0x466a,
    0x466b, 0x466b, 0x466c, 0x466d, 0x466d, 0x466e, 0x466e, 0x466f, 0x4670, 0x4670, 0x4671, 0x4672, 0x4672, 0x4673, 0x4673, 0x4674,
    0x4675, 0x4675, 0x4676, 0x4676, 0x4677, 0x4678, 0x4678, 0x4679, 0x467a, 0x467a, 0x467b, 0x467b, 0x467c, 0x467d, 0x467d, 0x467e,
    0x467e, 0x467f, 0x4680, 0x4680, 0x4681, 0x4681, 0x4682, 0x4683, 0x4683, 0x4684, 0x4684, 0x4685, 0x4686, 0x4686, 0x4687, 0x4687,
    0x4688, 0x4689, 0x4689, 0x468a, 0x468a, 0x468b, 0x468c, 0x468c, 0x468d, 0x468d, 0x468e, 0x468f, 0x468f, 0x4690, 0x4690, 0x4691,
    0x4692, 0x4692, 0x4693, 0x4693, 0x4694, 0x4695, 0x4695, 0x4696, 0x4696, 0x4697, 0x4698, 0x4698, 0x4699, 0x4699, 0x469a, 0x469a,
    0x469b, 0x469c, 0x469c, 0x469d, 0x469d, 0x469e, 0x469f, 0x469f, 0x46a0, 0x46a0, 0x46a1, 0x46a1, 0x46a2, 0x46a3, 0x46a3, 0x46a4,
    0x46a4, 0x46a5, 0x46a5, 0x46a6, 0x46a7, 0x46a7, 0x46a8, 0x46a8, 0x46a9, 0x46aa, 0x46aa, 0x46ab, 0x46ab, 0x46ac, 0x46ac, 0x46ad,
    0x46ae, 0x46ae, 0x46af, 0x46af, 0x46b0, 0x46b0, 0x46b1, 0x46b1, 0x46b2, 0x46b3, 0x46b3, 0x46b4, 0x46b4, 0x46b5, 0x46b5, 0x46b6,
    0x46b7, 0x46b7, 0x46b8, 0x46b8, 0x46b9, 0x46b9, 0x46ba, 0x46ba, 0x46bb, 0x46bc, 0x46bc, 0x46bd, 0x46bd, 0x46be, 0x46be, 0x46bf,
    0x46c0, 0x46c0, 0x46c1, 0x46c1, 0x46c2, 0x46c2, 0x46c3, 0x46c3, 0x46c4, 0x46c5, 0x46c5, 0x46c6, 0x46c6, 0x46c7, 0x46c7, 0x46c8,
    0x46c8, 0x46c9, 0x46c9, 0x46ca, 0x46cb, 0x46cb, 0x46cc, 0x46cc, 0x46cd, 0x46cd, 0x46ce, 0x46ce, 0x46cf, 0x46cf, 0x46d0, 0x46d1,
    0x46d1, 0x46d2, 0x46d2, 0x46d3, 0x46d3, 0x46d4, 0x46d4, 0x46d5, 0x46d5, 0x46d6, 0x46d7, 0x46d7, 0x46d8, 0x46d8, 0x46d9, 0x46d9,
    0x46da, 0x46da, 0x46db, 0x46db, 0x46dc, 0x46dc, 0x46dd, 0x46dd, 0x46de, 0x46df, 0x46df, 0x46e0, 0x46e0, 0x46e1, 0x46e1, 0x46e2,
    0x46e2, 0x46e3, 0x46e3, 0x46e4, 0x46e4, 0x46e5, 0x46e5, 0x46e6, 0x46e7, 0x46e7, 0x46e8, 0x46e8, 0x46e9, 0x46e9, 0x46ea, 0x46ea,
    0x46eb, 0x46eb, 0x46ec, 0x46ec, 0x46ed, 0x46ed, 0x46ee, 0x46ee, 0x46ef, 0x46ef, 0x46f0, 0x46f0, 0x46f1, 0x46f2, 0x46f2, 0x46f3,
    0x46f3, 0x46f4, 0x46f4, 0x46f5, 0x46f5, 0x46f6, 0x46f6, 0x46f7, 0x46f7, 0x46f8, 0x46f8, 0x46f9, 0x46f9, 0x46fa, 0x46fa, 0x46fb,
    0x46fb, 0x46fc, 0x46fc, 0x46fd, 0x46fd, 0x46fe, 0x46fe, 0x46ff, 0x46ff, 0x4700, 0x4700, 0x4701, 0x4701, 0x4702, 0x4702, 0x4703,
    0x4703, 0x4704, 0x4705, 0x4705, 0x4706, 0x4706, 0x4707, 0x4707, 0x4708, 0x4708, 0x4709, 0x4709, 0x470a, 0x470a, 0x470b, 0x470b,
    0x470c, 0x470c, 0x470d, 0x470d, 0x470e, 0x470e, 0x470f, 0x470f, 0x4710, 0x4710, 0x4711, 0x4711, 0x4712, 0x4712, 0x4713, 0x4713,
    0x4714, 0x4714, 0x4715, 0x4715, 0x4716, 0x4716, 0x4717, 0x4717, 0x4718, 0x4718, 0x4718, 0x4719, 0x4719, 0x471a, 0x471a, 0x471b,
    0x471b, 0x471c, 0x471c, 0x471d, 0x471d, 0x471e, 0x471e, 0x471f, 0x471f, 0x4720, 0x4720, 0x4721, 0x4721, 0x4722, 0x4722, 0x4723,
    0x4723, 0x4724, 0x4724, 0x4725, 0x4725, 0x4726, 0x4726, 0x4727, 0x4727, 0x4728, 0x4728, 0x4729, 0x4729, 0x472a, 0x472a, 0x472b,
    0x472b, 0x472b, 0x472c, 0x472c, 0x472d, 0x472d, 0x472e, 0x472e, 0x472f, 0x472f, 0x4730, 0x4730, 0x4731, 0x4731, 0x4732, 0x4732,
    0x4733, 0x4733, 0x4734, 0x4734, 0x4735, 0x4735, 0x4736, 0x4736, 0x4736, 0x4737, 0x4737, 0x4738, 0x4738, 0x4739, 0x4739, 0x473a,
    0x473a, 0x473b, 0x473b, 0x473c, 0x473c, 0x473d, 0x473d, 0x473e, 0x473e, 0x473e, 0x473f, 0x473f, 0x4740, 0x4740, 0x4741, 0x4741,
    0x4742, 0x4742, 0x4743, 0x4743, 0x4744, 0x4744, 0x4745, 0x4745, 0x4745, 0x4746, 0x4746, 0x4747, 0x4747, 0x4748, 0x4748, 0x4749,
    0x4749, 0x474a, 0x474a, 0x474b, 0x474b, 0x474b, 0x474c, 0x474c, 0x474d, 0x474d, 0x474e, 0x474e, 0x474f, 0x474f, 0x4750, 0x4750,
    0x4751, 0x4751, 0x4751, 0x4752, 0x4752, 0x4753, 0x4753, 0x4754, 0x4754, 0x4755, 0x4755, 0x4756, 0x4756, 0x4756, 0x4757, 0x4757,
    0x4758, 0x4758, 0x4759, 0x4759, 0x475a, 0x475a, 0x475a, 0x475b, 0x475b, 0x475c, 0x475c, 0x475d, 0x475d, 0x475e, 0x475e, 0x475f,
    0x475f, 0x475f, 0x4760, 0x4760, 0x4761, 0x4761, 0x4762, 0x4762, 0x4763, 0x4763, 0x4763, 0x4764, 0x4764, 0x4765, 0x4765, 0x4766,
    0x4766, 0x4767, 0x4767, 0x4767, 0x4768, 0x4768, 0x4769, 0x4769, 0x476a, 0x476a, 0x476b, 0x476b, 0x476b, 0x476c, 0x476c, 0x476d,
    0x476d, 0x476e, 0x476e, 0x476f, 0x476f, 0x476f, 0x4770, 0x4770, 0x4771, 0x4771, 0x4772, 0x4772, 0x4772, 0x4773, 0x4773, 0x4774,
    0x4774, 0x4775, 0x4775, 0x4776, 0x4776, 0x4776, 0x4777, 0x4777, 0x4778, 0x4778, 0x4779, 0x4779, 0x4779, 0x477a, 0x477a, 0x477b,
    0x477b, 0x477c, 0x477c, 0x477c, 0x477d, 0x477d, 0x477e, 0x477e, 0x477f, 0x477f, 0x477f, 0x4780, 0x4780, 0x4781, 0x4781, 0x4782,
    0x4782, 0x4782, 0x4783, 0x4783, 0x4784, 0x4784, 0x4785, 0x4785, 0x4785, 0x4786, 0x4786, 0x4787, 0x4787, 0x4788, 0x4788, 0x4788,
    0x4789, 0x4789, 0x478a, 0x478a, 0x478b, 0x478b, 0x478b, 0x478c, 0x478c, 0x478d, 0x478d, 0x478d, 0x478e, 0x478e, 0x478f, 0x478f,
    0x4790, 0x4790, 0x4790, 0x4791, 0x4791, 0x4792, 0x4792, 0x4792, 0x4793, 0x4793, 0x4794, 0x4794, 0x4795, 0x4795, 0x4795, 0x4796,
    0x4796, 0x4797, 0x4797, 0x4797, 0x4798, 0x4798, 0x4799, 0x4799, 0x479a, 0x479a, 0x479a, 0x479b, 0x479b, 0x479c, 0x479c, 0x479c,
    0x479d, 0x479d, 0x479e, 0x479e, 0x479f, 0x479f, 0x479f, 0x47a0, 0x47a0, 0x47a1, 0x47a1, 0x47a1, 0x47a2, 0x47a2, 0x47a3, 0x47a3,
    0x47a3, 0x47a4, 0x47a4, 0x47a5, 0x47a5, 0x47a5, 0x47a6, 0x47a6, 0x47a7, 0x47a7, 0x47a8, 0x47a8, 0x47a8, 0x47a9, 0x47a9, 0x47aa,
    0x47aa, 0x47aa, 0x47ab, 0x47ab, 0x47ac, 0x47ac, 0x47ac, 0x47ad, 0x47ad, 0x47ae, 0x47ae, 0x47ae, 0x47af, 0x47af, 0x47b0, 0x47b0,
    0x47b0, 0x47b1, 0x47b1, 0x47b2, 0x47b2, 0x47b2, 0x47b3, 0x47b3, 0x47b4, 0x47b4, 0x47b4, 0x47b5, 0x47b5, 0x47b6, 0x47b6, 0x47b6,
    0x47b7, 0x47b7, 0x47b8, 0x47b8, 0x47b8, 0x47b9, 0x47b9, 0x47ba, 0x47ba, 0x47ba, 0x47bb, 0x47bb, 0x47bc, 0x47bc, 0x47bc, 0x47bd,
    0x47bd, 0x47be, 0x47be, 0x47be, 0x47bf, 0x47bf, 0x47bf, 0x47c0, 0x47c0, 0x47c1, 0x47c1, 0x47c1, 0x47c2, 0x47c2, 0x47c3, 0x47c3,
    0x47c3, 0x47c4, 0x47c4, 0x47c5, 0x47c5, 0x47c5, 0x47c6, 0x47c6, 0x47c7, 0x47c7, 0x47c7, 0x47c8, 0x47c8, 0x47c8, 0x47c9, 0x47c9,
    0x47ca, 0x47ca, 0x47ca, 0x47cb, 0x47cb, 0x47cc, 0x47cc, 0x47cc, 0x47cd, 0x47cd, 0x47ce, 0x47ce, 0x47ce, 0x47cf, 0x47cf, 0x47cf,
    0x47d0, 0x47d0, 0x47d1, 0x47d1, 0x47d1, 0x47d2, 0x47d2, 0x47d3, 0x47d3, 0x47d3, 0x47d4, 0x47d4, 0x47d4, 0x47d5, 0x47d5, 0x47d6,
    0x47d6, 0x47d6, 0x47d7, 0x47d7, 0x47d7, 0x47d8, 0x47d8, 0x47d9, 0x47d9, 0x47d9, 0x47da, 0x47da, 0x47db, 0x47db, 0x47db, 0x47dc,
    0x47dc, 0x47dc, 0x47dd, 0x47dd, 0x47de, 0x47de, 0x47de, 0x47df, 0x47df, 0x47df, 0x47e0, 0x47e0, 0x47e1, 0x47e1, 0x47e1, 0x47e2,
    0x47e2, 0x47e2, 0x47e3, 0x47e3, 0x47e4, 0x47e4, 0x47e4, 0x47e5, 0x47e5, 0x47e5, 0x47e6, 0x47e6, 0x47e7, 0x47e7, 0x47e7, 0x47e8,
    0x47e8, 0x47e8, 0x47e9, 0x47e9, 0x47ea, 0x47ea, 0x47ea, 0x47eb, 0x47eb, 0x47eb, 0x47ec, 0x47ec, 0x47ed, 0x47ed, 0x47ed, 0x47ee,
    0x47ee, 0x47ee, 0x47ef, 0x47ef, 0x47ef, 0x47f0, 0x47f0, 0x47f1, 0x47f1, 0x47f1, 0x47f2, 0x47f2, 0x47f2, 0x47f3, 0x47f3, 0x47f4,
    0x47f4, 0x47f4, 0x47f5, 0x47f5, 0x47f5, 0x47f6, 0x47f6, 0x47f6, 0x47f7, 0x47f7, 0x47f8, 0x47f8, 0x47f8, 0x47f9, 0x47f9, 0x47f9,
    0x47fa, 0x47fa, 0x47fa, 0x47fb, 0x47fb, 0x47fc, 0x47fc, 0x47fc, 0x47fd, 0x47fd, 0x47fd, 0x47fe, 0x47fe, 0x47fe, 0x47ff, 0x47ff,
    0x4800, 0x4800, 0x4800, 0x4801, 0x4801, 0x4801, 0x4802, 0x4802, 0x4802, 0x4803, 0x4803, 0x4803, 0x4804, 0x4804, 0x4805, 0x4805,
    0x4805, 0x4806, 0x4806, 0x4806, 0x4807, 0x4807, 0x4807, 0x4808, 0x4808, 0x4808, 0x4809, 0x4809, 0x4809, 0x480a, 0x480a, 0x480b,
    0x480b, 0x480b, 0x480c, 0x480c, 0x480c, 0x480d, 0x480d, 0x480d, 0x480e, 0x480e, 0x480e, 0x480f, 0x480f, 0x480f, 0x4810, 0x4810,
    0x4810, 0x4811, 0x4811, 0x4811, 0x4812, 0x4812, 0x4812, 0x4813, 0x4813, 0x4814, 0x4814, 0x4814, 0x4815, 0x4815, 0x4815, 0x4816,
    0x4816, 0x4816, 0x4817, 0x4817, 0x4817, 0x4818, 0x4818, 0x4818, 0x4819, 0x4819, 0x4819, 0x481a, 0x481a, 0x481a, 0x481b, 0x481b,
    0x481b, 0x481c, 0x481c, 0x481c, 0x481d, 0x481d, 0x481d, 0x481e, 0x481e, 0x481e, 0x481f, 0x481f, 0x481f, 0x4820, 0x4820, 0x4820,
    0x4821, 0x4821, 0x4821, 0x4822, 0x4822, 0x4822, 0x4823, 0x4823, 0x4823, 0x4824, 0x4824, 0x4824, 0x4825, 0x4825, 0x4825, 0x4826,
    0x4826, 0x4826, 0x4826, 0x4827, 0x4827, 0x4827, 0x4828, 0x4828, 0x4828, 0x4829, 0x4829, 0x4829, 0x482a, 0x482a, 0x482a, 0x482b,
    0x482b, 0x482b, 0x482c, 0x482c, 0x482c, 0x482d, 0x482d, 0x482d, 0x482e, 0x482e, 0x482e, 0x482f, 0x482f, 0x482f, 0x482f, 0x4830,
    0x4830, 0x4830, 0x4831, 0x4831, 0x4831, 0x4832, 0x4832, 0x4832, 0x4833, 0x4833, 0x4833, 0x4834, 0x4834, 0x4834, 0x4834, 0x4835,
    0x4835, 0x4835, 0x4836, 0x4836, 0x4836, 0x4837, 0x4837, 0x4837, 0x4838, 0x4838, 0x4838, 0x4839, 0x4839, 0x4839, 0x4839, 0x483a,
    0x483a, 0x483a, 0x483b, 0x483b, 0x483b, 0x483c, 0x483c, 0x483c, 0x483d, 0x483d, 0x483d, 0x483d, 0x483e, 0x483e, 0x483e, 0x483f,
    0x483f, 0x483f, 0x4840, 0x4840, 0x4840, 0x4840, 0x4841, 0x4841, 0x4841, 0x4842, 0x4842, 0x4842, 0x4843, 0x4843, 0x4843, 0x4843,
    0x4844, 0x4844, 0x4844, 0x4845, 0x4845, 0x4845, 0x4846, 0x4846, 0x4846, 0x4846, 0x4847, 0x4847, 0x4847, 0x4848, 0x4848, 0x4848,
    0x4849, 0x4849, 0x4849, 0x4849, 0x484a, 0x484a, 0x484a, 0x484b, 0x484b, 0x484b, 0x484c, 0x484c, 0x484c, 0x484c, 0x484d, 0x484d,
    0x484d, 0x484e, 0x484e, 0x484e, 0x484e, 0x484f, 0x484f, 0x484f, 0x4850, 0x4850, 0x4850, 0x4850, 0x4851, 0x4851, 0x4851, 0x4852,
    0x4852, 0x4852, 0x4852, 0x4853, 0x4853, 0x4853, 0x4854, 0x4854, 0x4854, 0x4855, 0x4855, 0x4855, 0x4855, 0x4856, 0x4856, 0x4856,
    0x4857, 0x4857, 0x4857, 0x4857, 0x4858, 0x4858, 0x4858, 0x4858, 0x4859, 0x4859, 0x4859, 0x485a, 0x485a, 0x485a, 0x485a, 0x485b,
    0x485b, 0x485b, 0x485c, 0x485c, 0x485c, 0x485c, 0x485d, 0x485d, 0x485d, 0x485e, 0x485e, 0x485e, 0x485e, 0x485f, 0x485f, 0x485f,
    0x4860, 0x4860, 0x4860, 0x4860, 0x4861, 0x4861, 0x4861, 0x4861, 0x4862, 0x4862, 0x4862, 0x4863, 0x4863, 0x4863, 0x4863, 0x4864,
    0x4864, 0x4864, 0x4864, 0x4865, 0x4865, 0x4865, 0x4866, 0x4866, 0x4866, 0x4866, 0x4867, 0x4867, 0x4867, 0x4867, 0x4868, 0x4868,
    0x4868, 0x4869, 0x4869, 0x4869, 0x4869, 0x486a, 0x486a, 0x486a, 0x486a, 0x486b, 0x486b, 0x486b, 0x486c, 0x486c, 0x486c, 0x486c,
    0x486d, 0x486d, 0x486d, 0x486d, 0x486e, 0x486e, 0x486e, 0x486e, 0x486f, 0x486f, 0x486f, 0x4870, 0x4870, 0x4870, 0x4870, 0x4871,
    0x4871, 0x4871, 0x4871, 0x4872, 0x4872, 0x4872, 0x4872, 0x4873, 0x4873, 0x4873, 0x4874, 0x4874, 0x4874, 0x4874, 0x4875, 0x4875,
    0x4875, 0x4875, 0x4876, 0x4876, 0x4876, 0x4876, 0x4877, 0x4877, 0x4877, 0x4877, 0x4878, 0x4878, 0x4878, 0x4879, 0x4879, 0x4879,
    0x4879, 0x487a, 0x487a, 0x487a, 0x487a, 0x487b, 0x487b, 0x487b, 0x487b, 0x487c, 0x487c, 0x487c, 0x487c, 0x487d, 0x487d, 0x487d,
    0x487d, 0x487e, 0x487e, 0x487e, 0x487e, 0x487f, 0x487f, 0x487f, 0x487f, 0x4880, 0x4880, 0x4880, 0x4880, 0x4881, 0x4881, 0x4881,
    0x4881, 0x4882, 0x4882, 0x4882, 0x4883, 0x4883, 0x4883, 0x4883, 0x4884, 0x4884, 0x4884, 0x4884, 0x4885, 0x4885, 0x4885, 0x4885,
    0x4886, 0x4886, 0x4886, 0x4886, 0x4887, 0x4887, 0x4887, 0x4887, 0x4888, 0x4888, 0x4888, 0x4888, 0x4889, 0x4889, 0x4889, 0x4889,
    0x488a, 0x488a, 0x488a, 0x488a, 0x488b, 0x488b, 0x488b, 0x488b, 0x488c, 0x488c, 0x488c, 0x488c, 0x488c, 0x488d, 0x488d, 0x488d,
    0x488d, 0x488e, 0x488e, 0x488e, 0x488e, 0x488f, 0x488f, 0x488f, 0x488f, 0x4890, 0x4890, 0x4890, 0x4890, 0x4891, 0x4891, 0x4891,
    0x4891, 0x4892, 0x4892, 0x4892, 0x4892, 0x4893, 0x4893, 0x4893, 0x4893, 0x4894, 0x4894, 0x4894, 0x4894, 0x4895, 0x4895, 0x4895,
    0x4895, 0x4895, 0x4896, 0x4896, 0x4896, 0x4896, 0x4897, 0x4897, 0x4897, 0x4897, 0x4898, 0x4898, 0x4898, 0x4898, 0x4899, 0x4899,
    0x4899, 0x4899, 0x489a, 0x489a, 0x489a, 0x489a, 0x489b, 0x489b, 0x489b, 0x489b, 0x489b, 0x489c, 0x489c, 0x489c, 0x489c, 0x489d,
    0x489d, 0x489d, 0x489d, 0x489e, 0x489e, 0x489e, 0x489e, 0x489f, 0x489f, 0x489f, 0x489f, 0x489f, 0x48a0, 0x48a0, 0x48a0, 0x48a0,
    0x48a1, 0x48a1, 0x48a1, 0x48a1, 0x48a2, 0x48a2, 0x48a2, 0x48a2, 0x48a2, 0x48a3, 0x48a3, 0x48a3, 0x48a3, 0x48a4, 0x48a4, 0x48a4,
    0x48a4, 0x48a5, 0x48a5, 0x48a5, 0x48a5, 0x48a5, 0x48a6, 0x48a6, 0x48a6, 0x48a6, 0x48a7, 0x48a7, 0x48a7, 0x48a7, 0x48a8, 0x48a8,
    0x48a8, 0x48a8, 0x48a8, 0x48a9, 0x48a9, 0x48a9, 0x48a9, 0x48aa, 0x48aa, 0x48aa, 0x48aa, 0x48ab, 0x48ab, 0x48ab, 0x48ab, 0x48ab,
    0x48ac, 0x48ac, 0x48ac, 0x48ac, 0x48ad, 0x48ad, 0x48ad, 0x48ad, 0x48ad, 0x48ae, 0x48ae, 0x48ae, 0x48ae, 0x48af, 0x48af, 0x48af,
    0x48af, 0x48af, 0x48b0, 0x48b0, 0x48b0, 0x48b0, 0x48b1, 0x48b1, 0x48b1, 0x48b1, 0x48b1, 0x48b2, 0x48b2, 0x48b2, 0x48b2, 0x48b3,
    0x48b3, 0x48b3, 0x48b3, 0x48b3, 0x48b4, 0x48b4, 0x48b4, 0x48b4, 0x48b5, 0x48b5, 0x48b5, 0x48b5, 0x48b5, 0x48b6, 0x48b6, 0x48b6,
    0x48b6, 0x48b7, 0x48b7, 0x48b7, 0x48b7, 0x48b7, 0x48b8, 0x48b8, 0x48b8, 0x48b8, 0x48b9, 0x48b9, 0x48b9, 0x48b9, 0x48b9, 0x48ba,
    0x48ba, 0x48ba, 0x48ba, 0x48bb, 0x48bb, 0x48bb, 0x48bb, 0x48bb, 0x48bc, 0x48bc, 0x48bc, 0x48bc, 0x48bc, 0x48bd, 0x48bd, 0x48bd,
    0x48bd, 0x48be, 0x48be, 0x48be, 0x48be, 0x48be, 0x48bf, 0x48bf, 0x48bf, 0x48bf, 0x48bf, 0x48c0, 0x48c0, 0x48c0, 0x48c0, 0x48c1,
    0x48c1, 0x48c1, 0x48c1, 0x48c1, 0x48c2, 0x48c2, 0x48c2, 0x48c2, 0x48c2, 0x48c3, 0x48c3, 0x48c3, 0x48c3, 0x48c4, 0x48c4, 0x48c4,
    0x48c4, 0x48c4, 0x48c5, 0x48c5, 0x48c5, 0x48c5, 0x48c5, 0x48c6, 0x48c6, 0x48c6, 0x48c6, 0x48c6, 0x48c7, 0x48c7, 0x48c7, 0x48c7,
    0x48c8, 0x48c8, 0x48c8, 0x48c8, 0x48c8, 0x48c9, 0x48c9, 0x48c9, 0x48c9, 0x48c9, 0x48ca, 0x48ca, 0x48ca, 0x48ca, 0x48ca, 0x48cb,
    0x48cb, 0x48cb, 0x48cb, 0x48cb, 0x48cc, 0x48cc, 0x48cc, 0x48cc, 0x48cd, 0x48cd, 0x48cd, 0x48cd, 0x48cd, 0x48ce, 0x48ce, 0x48ce,
    0x48ce, 0x48ce, 0x48cf, 0x48cf, 0x48cf, 0x48cf, 0x48cf, 0x48d0, 0x48d0, 0x48d0, 0x48d0, 0x48d0, 0x48d1, 0x48d1, 0x48d1, 0x48d1,
    0x48d1, 0x48d2, 0x48d2, 0x48d2, 0x48d2, 0x48d2, 0x48d3, 0x48d3, 0x48d3, 0x48d3, 0x48d4, 0x48d4, 0x48d4, 0x48d4, 0x48d4, 0x48d5,
    0x48d5, 0x48d5, 0x48d5, 0x48d5, 0x48d6, 0x48d6, 0x48d6, 0x48d6, 0x48d6, 0x48d7, 0x48d7, 0x48d7, 0x48d7, 0x48d7, 0x48d8, 0x48d8,
    0x48d8, 0x48d8, 0x48d8, 0x48d9, 0x48d9, 0x48d9, 0x48d9, 0x48d9, 0x48da, 0x48da, 0x48da, 0x48da, 0x48da, 0x48db, 0x48db, 0x48db,
    0x48db, 0x48db, 0x48dc, 0x48dc, 0x48dc, 0x48dc, 0x48dc, 0x48dd, 0x48dd, 0x48dd, 0x48dd, 0x48dd, 0x48de, 0x48de, 0x48de, 0x48de,
    0x48de, 0x48df, 0x48df, 0x48df, 0x48df, 0x48df, 0x48df, 0x48e0, 0x48e0, 0x48e0, 0x48e0, 0x48e0, 0x48e1, 0x48e1, 0x48e1, 0x48e1,
    0x48e1, 0x48e2, 0x48e2, 0x48e2, 0x48e2, 0x48e2, 0x48e3, 0x48e3, 0x48e3, 0x48e3, 0x48e3, 0x48e4, 0x48e4, 0x48e4, 0x48e4, 0x48e4,
    0x48e5, 0x48e5, 0x48e5, 0x48e5, 0x48e5, 0x48e6, 0x48e6, 0x48e6, 0x48e6, 0x48e6, 0x48e7, 0x48e7, 0x48e7, 0x48e7, 0x48e7, 0x48e7,
    0x48e8, 0x48e8, 0x48e8, 0x48e8, 0x48e8, 0x48e9, 0x48e9, 0x48e9, 0x48e9, 0x48e9, 0x48ea, 0x48ea, 0x48ea, 0x48ea, 0x48ea, 0x48eb,
    0x48eb, 0x48eb, 0x48eb, 0x48eb, 0x48eb, 0x48ec, 0x48ec, 0x48ec, 0x48ec, 0x48ec, 0x48ed, 0x48ed, 0x48ed, 0x48ed, 0x48ed, 0x48ee,
    0x48ee, 0x48ee, 0x48ee, 0x48ee, 0x48ef, 0x48ef, 0x48ef, 0x48ef, 0x48ef, 0x48ef, 0x48f0, 0x48f0, 0x48f0, 0x48f0, 0x48f0, 0x48f1,
    0x48f1, 0x48f1, 0x48f1, 0x48f1, 0x48f2, 0x48f2, 0x48f2, 0x48f2, 0x48f2, 0x48f2, 0x48f3, 0x48f3, 0x48f3, 0x48f3, 0x48f3, 0x48f4,
    0x48f4, 0x48f4, 0x48f4, 0x48f4, 0x48f5, 0x48f5, 0x48f5, 0x48f5, 0x48f5, 0x48f5, 0x48f6, 0x48f6, 0x48f6, 0x48f6, 0x48f6, 0x48f7,
    0x48f7, 0x48f7, 0x48f7, 0x48f7, 0x48f7, 0x48f8, 0x48f8, 0x48f8, 0x48f8, 0x48f8, 0x48f9, 0x48f9, 0x48f9, 0x48f9, 0x48f9, 0x48fa,
    0x48fa, 0x48fa, 0x48fa, 0x48fa, 0x48fa, 0x48fb, 0x48fb, 0x48fb, 0x48fb, 0x48fb, 0x48fc, 0x48fc, 0x48fc, 0x48fc, 0x48fc, 0x48fc,
    0x48fd, 0x48fd, 0x48fd, 0x48fd, 0x48fd, 0x48fe, 0x48fe, 0x48fe, 0x48fe, 0x48fe, 0x48fe, 0x48ff, 0x48ff, 0x48ff, 0x48ff, 0x48ff,
    0x4900, 0x4900, 0x4900, 0x4901, 0x4901, 0x4901, 0x4902, 0x4902, 0x4902, 0x4903, 0x4903, 0x4903, 0x4904, 0x4904, 0x4905, 0x4905,
    0x4905, 0x4906, 0x4906, 0x4906, 0x4907, 0x4907, 0x4907, 0x4908, 0x4908, 0x4908, 0x4909, 0x4909, 0x4909, 0x490a, 0x490a, 0x490b,
    0x490b, 0x490b, 0x490c, 0x490c, 0x490c, 0x490d, 0x490d, 0x490d, 0x490e, 0x490e, 0x490e, 0x490f, 0x490f, 0x490f, 0x4910, 0x4910,
    0x4910, 0x4911, 0x4911, 0x4911, 0x4912, 0x4912, 0x4912, 0x4913, 0x4913, 0x4914, 0x4914, 0x4914, 0x4915, 0x4915, 0x4915, 0x4916,
    0x4916, 0x4916, 0x4917, 0x4917, 0x4917, 0x4918, 0x4918, 0x4918, 0x4919, 0x4919, 0x4919, 0x491a, 0x491a, 0x491a, 0x491b, 0x491b,
    0x491b, 0x491c, 0x491c, 0x491c, 0x491d, 0x491d, 0x491d, 0x491e, 0x491e, 0x491e, 0x491f, 0x491f, 0x491f, 0x4920, 0x4920, 0x4920,
    0x4921, 0x4921, 0x4921, 0x4922, 0x4922, 0x4922, 0x4923, 0x4923, 0x4923, 0x4924, 0x4924, 0x4924, 0x4925, 0x4925, 0x4925, 0x4926,
    0x4926, 0x4926, 0x4926, 0x4927, 0x4927, 0x4927, 0x4928, 0x4928, 0x4928, 0x4929, 0x4929, 0x4929, 0x492a, 0x492a, 0x492a, 0x492b,
    0x492b, 0x492b, 0x492c, 0x492c, 0x492c, 0x492d, 0x492d, 0x492d, 0x492e, 0x492e, 0x492e, 0x492f, 0x492f, 0x492f, 0x492f, 0x4930,
    0x4930, 0x4930, 0x4931, 0x4931, 0x4931, 0x4932, 0x4932, 0x4932, 0x4933, 0x4933, 0x4933, 0x4934, 0x4934, 0x4934, 0x4934, 0x4935,
    0x4935, 0x4935, 0x4936, 0x4936, 0x4936, 0x4937, 0x4937, 0x4937, 0x4938, 0x4938, 0x4938, 0x4939, 0x4939, 0x4939, 0x4939, 0x493a,
    0x493a, 0x493a, 0x493b, 0x493b, 0x493b, 0x493c, 0x493c, 0x493c, 0x493d, 0x493d, 0x493d, 0x493d, 0x493e, 0x493e, 0x493e, 0x493f,
    0x493f, 0x493f, 0x4940, 0x4940, 0x4940, 0x4940, 0x4941, 0x4941, 0x4941, 0x4942, 0x4942, 0x4942, 0x4943, 0x4943, 0x4943, 0x4943,
    0x4944, 0x4944, 0x4944, 0x4945, 0x4945, 0x4945, 0x4946, 0x4946, 0x4946, 0x4946, 0x4947, 0x4947, 0x4947, 0x4948, 0x4948, 0x4948,
    0x4949, 0x4949, 0x4949, 0x4949, 0x494a, 0x494a, 0x494a, 0x494b, 0x494b, 0x494b, 0x494c, 0x494c, 0x494c, 0x494c, 0x494d, 0x494d,
    0x494d, 0x494e, 0x494e, 0x494e, 0x494e, 0x494f, 0x494f, 0x494f, 0x4950, 0x4950, 0x4950, 0x4950, 0x4951, 0x4951, 0x4951, 0x4952,
    0x4952, 0x4952, 0x4952, 0x4953, 0x4953, 0x4953, 0x4954, 0x4954, 0x4954, 0x4955, 0x4955, 0x4955, 0x4955, 0x4956, 0x4956, 0x4956,
    0x4957, 0x4957, 0x4957, 0x4957, 0x4958, 0x4958, 0x4958, 0x4958, 0x4959, 0x4959, 0x4959, 0x495a, 0x495a, 0x495a, 0x495a, 0x495b,
    0x495b, 0x495b, 0x495c, 0x495c, 0x495c, 0x495c, 0x495d, 0x495d, 0x495d, 0x495e, 0x495e, 0x495e, 0x495e, 0x495f, 0x495f, 0x495f,
    0x4960, 0x4960, 0x4960, 0x4960, 0x4961, 0x4961, 0x4961, 0x4961, 0x4962, 0x4962, 0x4962, 0x4963, 0x4963, 0x4963, 0x4963, 0x4964,
    0x4964, 0x4964, 0x4964, 0x4965, 0x4965, 0x4965, 0x4966, 0x4966, 0x4966, 0x4966, 0x4967, 0x4967, 0x4967, 0x4967, 0x4968, 0x4968,
    0x4968, 0x4969, 0x4969, 0x4969, 0x4969, 0x496a, 0x496a, 0x496a, 0x496a, 0x496b, 0x496b, 0x496b, 0x496c, 0x496c, 0x496c, 0x496c,
    0x496d, 0x496d, 0x496d, 0x496d, 0x496e, 0x496e, 0x496e, 0x496e, 0x496f, 0x496f, 0x496f, 0x4970, 0x4970, 0x4970, 0x4970, 0x4971,
    0x4971, 0x4971, 0x4971, 0x4972, 0x4972, 0x4972, 0x4972, 0x4973, 0x4973, 0x4973, 0x4974, 0x4974, 0x4974, 0x4974, 0x4975, 0x4975,
    0x4975, 0x4975, 0x4976, 0x4976, 0x4976, 0x4976, 0x4977, 0x4977, 0x4977, 0x4977, 0x4978, 0x4978, 0x4978, 0x4979, 0x4979, 0x4979,
    0x4979, 0x497a, 0x497a, 0x497a, 0x497a, 0x497b, 0x497b, 0x497b, 0x497b, 0x497c, 0x497c, 0x497c, 0x497c, 0x497d, 0x497d, 0x497d,
    0x497d, 0x497e, 0x497e, 0x497e, 0x497e, 0x497f, 0x497f, 0x497f, 0x497f, 0x4980, 0x4980, 0x4980, 0x4980, 0x4981, 0x4981, 0x4981,
    0x4981, 0x4982, 0x4982, 0x4982, 0x4983, 0x4983, 0x4983, 0x4983, 0x4984, 0x4984, 0x4984, 0x4984, 0x4985, 0x4985, 0x4985, 0x4985,
    0x4986, 0x4986, 0x4986, 0x4986, 0x4987, 0x4987, 0x4987, 0x4987, 0x4988, 0x4988, 0x4988, 0x4988, 0x4989, 0x4989, 0x4989, 0x4989,
    0x498a, 0x498a, 0x498a, 0x498a, 0x498b, 0x498b, 0x498b, 0x498b, 0x498c, 0x498c, 0x498c, 0x498c, 0x498c, 0x498d, 0x498d, 0x498d,
    0x498d, 0x498e, 0x498e, 0x498e, 0x498e, 0x498f, 0x498f, 0x498f, 0x498f, 0x4990, 0x4990, 0x4990, 0x4990, 0x4991, 0x4991, 0x4991,
    0x4991, 0x4992, 0x4992, 0x4992, 0x4992, 0x4993, 0x4993, 0x4993, 0x4993, 0x4994, 0x4994, 0x4994, 0x4994, 0x4995, 0x4995, 0x4995,
    0x4995, 0x4995, 0x4996, 0x4996, 0x4996, 0x4996, 0x4997, 0x4997, 0x4997, 0x4997, 0x4998, 0x4998, 0x4998, 0x4998, 0x4999, 0x4999,
    0x4999, 0x4999, 0x499a, 0x499a, 0x499a, 0x499a, 0x499b, 0x499b, 0x499b, 0x499b, 0x499b, 0x499c, 0x499c, 0x499c, 0x499c, 0x499d,
    0x499d, 0x499d, 0x499d, 0x499e, 0x499e, 0x499e, 0x499e, 0x499f, 0x499f, 0x499f, 0x499f, 0x499f, 0x49a0, 0x49a0, 0x49a0, 0x49a0,
    0x49a1, 0x49a1, 0x49a1, 0x49a1, 0x49a2, 0x49a2, 0x49a2, 0x49a2, 0x49a2, 0x49a3, 0x49a3, 0x49a3, 0x49a3, 0x49a4, 0x49a4, 0x49a4,
    0x49a4, 0x49a5, 0x49a5, 0x49a5, 0x49a5, 0x49a5, 0x49a6, 0x49a6, 0x49a6, 0x49a6, 0x49a7, 0x49a7, 0x49a7, 0x49a7, 0x49a8, 0x49a8,
    0x49a8, 0x49a8, 0x49a8, 0x49a9, 0x49a9, 0x49a9, 0x49a9, 0x49aa, 0x49aa, 0x49aa, 0x49aa, 0x49ab, 0x49ab, 0x49ab, 0x49ab, 0x49ab,
    0x49ac, 0x49ac, 0x49ac, 0x49ac, 0x49ad, 0x49ad, 0x49ad, 0x49ad, 0x49ad, 0x49ae, 0x49ae, 0x49ae, 0x49ae, 0x49af, 0x49af, 0x49af,
    0x49af, 0x49af, 0x49b0, 0x49b0, 0x49b0, 0x49b0, 0x49b1, 0x49b1, 0x49b1, 0x49b1, 0x49b1, 0x49b2, 0x49b2, 0x49b2, 0x49b2, 0x49b3,
    0x49b3, 0x49b3, 0x49b3, 0x49b3, 0x49b4, 0x49b4, 0x49b4, 0x49b4, 0x49b5, 0x49b5, 0x49b5, 0x49b5, 0x49b5, 0x49b6, 0x49b6, 0x49b6,
    0x49b6, 0x49b7, 0x49b7, 0x49b7, 0x49b7, 0x49b7, 0x49b8, 0x49b8, 0x49b8, 0x49b8, 0x49b9, 0x49b9, 0x49b9, 0x49b9, 0x49b9, 0x49ba,
    0x49ba, 0x49ba, 0x49ba, 0x49bb, 0x49bb, 0x49bb, 0x49bb, 0x49bb, 0x49bc, 0x49bc, 0x49bc, 0x49bc, 0x49bc, 0x49bd, 0x49bd, 0x49bd,
    0x49bd, 0x49be, 0x49be, 0x49be, 0x49be, 0x49be, 0x49bf, 0x49bf, 0x49bf, 0x49bf, 0x49bf, 0x49c0, 0x49c0, 0x49c0, 0x49c0, 0x49c1,
    0x49c1, 0x49c1, 0x49c1, 0x49c1, 0x49c2, 0x49c2, 0x49c2, 0x49c2, 0x49c2, 0x49c3, 0x49c3, 0x49c3, 0x49c3, 0x49c4, 0x49c4, 0x49c4,
    0x49c4, 0x49c4, 0x49c5, 0x49c5, 0x49c5, 0x49c5, 0x49c5, 0x49c6, 0x49c6, 0x49c6, 0x49c6, 0x49c6, 0x49c7, 0x49c7, 0x49c7, 0x49c7,
    0x49c8, 0x49c8, 0x49c8, 0x49c8, 0x49c8, 0x49c9, 0x49c9, 0x49c9, 0x49c9, 0x49c9, 0x49ca, 0x49ca, 0x49ca, 0x49ca, 0x49ca, 0x49cb,
    0x49cb, 0x49cb, 0x49cb, 0x49cb, 0x49cc, 0x49cc, 0x49cc, 0x49cc, 0x49cd, 0x49cd, 0x49cd, 0x49cd, 0x49cd, 0x49ce, 0x49ce, 0x49ce,
    0x49ce, 0x49ce, 0x49cf, 0x49cf, 0x49cf, 0x49cf, 0x49cf, 0x49d0, 0x49d0, 0x49d0, 0x49d0, 0x49d0, 0x49d1, 0x49d1, 0x49d1, 0x49d1,
    0x49d1, 0x49d2, 0x49d2, 0x49d2, 0x49d2, 0x49d2, 0x49d3, 0x49d3, 0x49d3, 0x49d3, 0x49d4, 0x49d4, 0x49d4, 0x49d4, 0x49d4, 0x49d5,
    0x49d5, 0x49d5, 0x49d5, 0x49d5, 0x49d6, 0x49d6, 0x49d6, 0x49d6, 0x49d6, 0x49d7, 0x49d7, 0x49d7, 0x49d7, 0x49d7, 0x49d8, 0x49d8,
    0x49d8, 0x49d8, 0x49d8, 0x49d9, 0x49d9, 0x49d9, 0x49d9, 0x49d9, 0x49da, 0x49da, 0x49da, 0x49da, 0x49da, 0x49db, 0x49db, 0x49db,
    0x49db, 0x49db, 0x49dc, 0x49dc, 0x49dc, 0x49dc, 0x49dc, 0x49dd, 0x49dd, 0x49dd, 0x49dd, 0x49dd, 0x49de, 0x49de, 0x49de, 0x49de,
    0x49de, 0x49df, 0x49df, 0x49df, 0x49df, 0x49df, 0x49df, 0x49e0, 0x49e0, 0x49e0, 0x49e0, 0x49e0, 0x49e1, 0x49e1, 0x49e1, 0x49e1,
    0x49e1, 0x49e2, 0x49e2, 0x49e2, 0x49e2, 0x49e2, 0x49e3, 0x49e3, 0x49e3, 0x49e3, 0x49e3, 0x49e4, 0x49e4, 0x49e4, 0x49e4, 0x49e4,
    0x49e5, 0x49e5, 0x49e5, 0x49e5, 0x49e5, 0x49e6, 0x49e6, 0x49e6, 0x49e6, 0x49e6, 0x49e7, 0x49e7, 0x49e7, 0x49e7, 0x49e7, 0x49e7,
    0x49e8, 0x49e8, 0x49e8, 0x49e8, 0x49e8, 0x49e9, 0x49e9, 0x49e9, 0x49e9, 0x49e9, 0x49ea, 0x49ea, 0x49ea, 0x49ea, 0x49ea, 0x49eb,
    0x49eb, 0x49eb, 0x49eb, 0x49eb, 0x49eb, 0x49ec, 0x49ec, 0x49ec, 0x49ec, 0x49ec, 0x49ed, 0x49ed, 0x49ed, 0x49ed, 0x49ed, 0x49ee,
    0x49ee, 0x49ee, 0x49ee, 0x49ee, 0x49ef, 0x49ef, 0x49ef, 0x49ef, 0x49ef, 0x49ef, 0x49f0, 0x49f0, 0x49f0, 0x49f0, 0x49f0, 0x49f1,
    0x49f1, 0x49f1, 0x49f1, 0x49f1, 0x49f2, 0x49f2, 0x49f2, 0x49f2, 0x49f2, 0x49f2, 0x49f3, 0x49f3, 0x49f3, 0x49f3, 0x49f3, 0x49f4,
    0x49f4, 0x49f4, 0x49f4, 0x49f4, 0x49f5, 0x49f5, 0x49f5, 0x49f5, 0x49f5, 0x49f5, 0x49f6, 0x49f6, 0x49f6, 0x49f6, 0x49f6, 0x49f7,
    0x49f7, 0x49f7, 0x49f7, 0x49f7, 0x49f7, 0x49f8, 0x49f8, 0x49f8, 0x49f8, 0x49f8, 0x49f9, 0x49f9, 0x49f9, 0x49f9, 0x49f9, 0x49fa,
    0x49fa, 0x49fa, 0x49fa, 0x49fa, 0x49fa, 0x49fb, 0x49fb, 0x49fb, 0x49fb, 0x49fb, 0x49fc, 0x49fc, 0x49fc, 0x49fc, 0x49fc, 0x49fc,
    0x49fd, 0x49fd, 0x49fd, 0x49fd, 0x49fd, 0x49fe, 0x49fe, 0x49fe, 0x49fe, 0x49fe, 0x49fe, 0x49ff, 0x49ff, 0x49ff, 0x49ff, 0x49ff,
    0x4a00, 0x4a00, 0x4a00, 0x4a01, 0x4a01, 0x4a01, 0x4a02, 0x4a02, 0x4a02, 0x4a03, 0x4a03, 0x4a03, 0x4a04, 0x4a04, 0x4a05, 0x4a05,
    0x4a05, 0x4a06, 0x4a06, 0x4a06, 0x4a07, 0x4a07, 0x4a07, 0x4a08, 0x4a08, 0x4a08, 0x4a09, 0x4a09, 0x4a09, 0x4a0a, 0x4a0a, 0x4a0b,
    0x4a0b, 0x4a0b, 0x4a0c, 0x4a0c, 0x4a0c, 0x4a0d, 0x4a0d, 0x4a0d, 0x4a0e, 0x4a0e, 0x4a0e, 0x4a0f, 0x4a0f, 0x4a0f, 0x4a10, 0x4a10,
    0x4a10, 0x4a11, 0x4a11, 0x4a11, 0x4a12, 0x4a12, 0x4a12, 0x4a13, 0x4a13, 0x4a14, 0x4a14, 0x4a14, 0x4a15, 0x4a15, 0x4a15, 0x4a16,
    0x4a16, 0x4a16, 0x4a17, 0x4a17, 0x4a17, 0x4a18, 0x4a18, 0x4a18, 0x4a19, 0x4a19, 0x4a19, 0x4a1a, 0x4a1a, 0x4a1a, 0x4a1b, 0x4a1b,
    0x4a1b, 0x4a1c, 0x4a1c, 0x4a1c, 0x4a1d, 0x4a1d, 0x4a1d, 0x4a1e, 0x4a1e, 0x4a1e, 0x4a1f, 0x4a1f, 0x4a1f, 0x4a20, 0x4a20, 0x4a20,
    0x4a21, 0x4a21, 0x4a21, 0x4a22, 0x4a22, 0x4a22, 0x4a23, 0x4a23, 0x4a23, 0x4a24, 0x4a24, 0x4a24, 0x4a25, 0x4a25, 0x4a25, 0x4a26,
    0x4a26, 0x4a26, 0x4a26, 0x4a27, 0x4a27, 0x4a27, 0x4a28, 0x4a28, 0x4a28, 0x4a29, 0x4a29, 0x4a29, 0x4a2a, 0x4a2a, 0x4a2a, 0x4a2b,
    0x4a2b, 0x4a2b, 0x4a2c, 0x4a2c, 0x4a2c, 0x4a2d, 0x4a2d, 0x4a2d, 0x4a2e, 0x4a2e, 0x4a2e, 0x4a2f, 0x4a2f, 0x4a2f, 0x4a2f, 0x4a30,
    0x4a30, 0x4a30, 0x4a31, 0x4a31, 0x4a31, 0x4a32, 0x4a32, 0x4a32, 0x4a33, 0x4a33, 0x4a33, 0x4a34, 0x4a34, 0x4a34, 0x4a34, 0x4a35,
    0x4a35, 0x4a35, 0x4a36, 0x4a36, 0x4a36, 0x4a37, 0x4a37, 0x4a37, 0x4a38, 0x4a38, 0x4a38, 0x4a39, 0x4a39, 0x4a39, 0x4a39, 0x4a3a,
    0x4a3a, 0x4a3a, 0x4a3b, 0x4a3b, 0x4a3b, 0x4a3c, 0x4a3c, 0x4a3c, 0x4a3d, 0x4a3d, 0x4a3d, 0x4a3d, 0x4a3e, 0x4a3e, 0x4a3e, 0x4a3f,
    0x4a3f, 0x4a3f, 0x4a40, 0x4a40, 0x4a40, 0x4a40, 0x4a41, 0x4a41, 0x4a41, 0x4a42, 0x4a42, 0x4a42, 0x4a43, 0x4a43, 0x4a43, 0x4a43,
    0x4a44, 0x4a44, 0x4a44, 0x4a45, 0x4a45, 0x4a45, 0x4a46, 0x4a46, 0x4a46, 0x4a46, 0x4a47, 0x4a47, 0x4a47, 0x4a48, 0x4a48, 0x4a48,
    0x4a49, 0x4a49, 0x4a49, 0x4a49, 0x4a4a, 0x4a4a, 0x4a4a, 0x4a4b, 0x4a4b, 0x4a4b, 0x4a4c, 0x4a4c, 0x4a4c, 0x4a4c, 0x4a4d, 0x4a4d,
    0x4a4d, 0x4a4e, 0x4a4e, 0x4a4e, 0x4a4e, 0x4a4f, 0x4a4f, 0x4a4f, 0x4a50, 0x4a50, 0x4a50, 0x4a50, 0x4a51, 0x4a51, 0x4a51, 0x4a52,
    0x4a52, 0x4a52, 0x4a52, 0x4a53, 0x4a53, 0x4a53, 0x4a54, 0x4a54, 0x4a54, 0x4a55, 0x4a55, 0x4a55, 0x4a55, 0x4a56, 0x4a56, 0x4a56,
    0x4a57, 0x4a57, 0x4a57, 0x4a57, 0x4a58, 0x4a58, 0x4a58, 0x4a58, 0x4a59, 0x4a59, 0x4a59, 0x4a5a, 0x4a5a, 0x4a5a, 0x4a5a, 0x4a5b,
    0x4a5b, 0x4a5b, 0x4a5c, 0x4a5c, 0x4a5c, 0x4a5c, 0x4a5d, 0x4a5d, 0x4a5d, 0x4a5e, 0x4a5e, 0x4a5e, 0x4a5e, 0x4a5f, 0x4a5f, 0x4a5f,
    0x4a60, 0x4a60, 0x4a60, 0x4a60, 0x4a61, 0x4a61, 0x4a61, 0x4a61, 0x4a62, 0x4a62, 0x4a62, 0x4a63, 0x4a63, 0x4a63, 0x4a63, 0x4a64,
    0x4a64, 0x4a64, 0x4a64, 0x4a65, 0x4a65, 0x4a65, 0x4a66, 0x4a66, 0x4a66, 0x4a66, 0x4a67, 0x4a67, 0x4a67, 0x4a67, 0x4a68, 0x4a68,
    0x4a68, 0x4a69, 0x4a69, 0x4a69, 0x4a69, 0x4a6a, 0x4a6a, 0x4a6a, 0x4a6a, 0x4a6b, 0x4a6b, 0x4a6b, 0x4a6c, 0x4a6c, 0x4a6c, 0x4a6c,
    0x4a6d, 0x4a6d, 0x4a6d, 0x4a6d, 0x4a6e, 0x4a6e, 0x4a6e, 0x4a6e, 0x4a6f, 0x4a6f, 0x4a6f, 0x4a70, 0x4a70, 0x4a70, 0x4a70, 0x4a71,
    0x4a71, 0x4a71, 0x4a71, 0x4a72, 0x4a72, 0x4a72, 0x4a72, 0x4a73, 0x4a73, 0x4a73, 0x4a74, 0x4a74, 0x4a74, 0x4a74, 0x4a75, 0x4a75,
    0x4a75, 0x4a75, 0x4a76, 0x4a76, 0x4a76, 0x4a76, 0x4a77, 0x4a77, 0x4a77, 0x4a77, 0x4a78, 0x4a78, 0x4a78, 0x4a79, 0x4a79, 0x4a79,
    0x4a79, 0x4a7a, 0x4a7a, 0x4a7a, 0x4a7a, 0x4a7b, 0x4a7b, 0x4a7b, 0x4a7b, 0x4a7c, 0x4a7c, 0x4a7c, 0x4a7c, 0x4a7d, 0x4a7d, 0x4a7d,
    0x4a7d, 0x4a7e, 0x4a7e, 0x4a7e, 0x4a7e, 0x4a7f, 0x4a7f, 0x4a7f, 0x4a7f, 0x4a80, 0x4a80, 0x4a80, 0x4a80, 0x4a81, 0x4a81, 0x4a81,
    0x4a81, 0x4a82, 0x4a82, 0x4a82, 0x4a83, 0x4a83, 0x4a83, 0x4a83, 0x4a84, 0x4a84, 0x4a84, 0x4a84, 0x4a85, 0x4a85, 0x4a85, 0x4a85,
    0x4a86, 0x4a86, 0x4a86, 0x4a86, 0x4a87, 0x4a87, 0x4a87, 0x4a87, 0x4a88, 0x4a88, 0x4a88, 0x4a88, 0x4a89, 0x4a89, 0x4a89, 0x4a89,
    0x4a8a, 0x4a8a, 0x4a8a, 0x4a8a, 0x4a8b, 0x4a8b, 0x4a8b, 0x4a8b, 0x4a8c, 0x4a8c, 0x4a8c, 0x4a8c, 0x4a8c, 0x4a8d, 0x4a8d, 0x4a8d,
    0x4a8d, 0x4a8e, 0x4a8e, 0x4a8e, 0x4a8e, 0x4a8f, 0x4a8f, 0x4a8f, 0x4a8f, 0x4a90, 0x4a90, 0x4a90, 0x4a90, 0x4a91, 0x4a91, 0x4a91,
    0x4a91, 0x4a92, 0x4a92, 0x4a92, 0x4a92, 0x4a93, 0x4a93, 0x4a93, 0x4a93, 0x4a94, 0x4a94, 0x4a94, 0x4a94, 0x4a95, 0x4a95, 0x4a95,
    0x4a95, 0x4a95, 0x4a96, 0x4a96, 0x4a96, 0x4a96, 0x4a97, 0x4a97, 0x4a97, 0x4a97, 0x4a98, 0x4a98, 0x4a98, 0x4a98, 0x4a99, 0x4a99,
    0x4a99, 0x4a99, 0x4a9a, 0x4a9a, 0x4a9a, 0x4a9a, 0x4a9b, 0x4a9b, 0x4a9b, 0x4a9b, 0x4a9b, 0x4a9c, 0x4a9c, 0x4a9c, 0x4a9c, 0x4a9d,
    0x4a9d, 0x4a9d, 0x4a9d, 0x4a9e, 0x4a9e, 0x4a9e, 0x4a9e, 0x4a9f, 0x4a9f, 0x4a9f, 0x4a9f, 0x4a9f, 0x4aa0, 0x4aa0, 0x4aa0, 0x4aa0,
    0x4aa1, 0x4aa1, 0x4aa1, 0x4aa1, 0x4aa2, 0x4aa2, 0x4aa2, 0x4aa2, 0x4aa2, 0x4aa3, 0x4aa3, 0x4aa3, 0x4aa3, 0x4aa4, 0x4aa4, 0x4aa4,
    0x4aa4, 0x4aa5, 0x4aa5, 0x4aa5, 0x4aa5, 0x4aa5, 0x4aa6, 0x4aa6, 0x4aa6, 0x4aa6, 0x4aa7, 0x4aa7, 0x4aa7, 0x4aa7, 0x4aa8, 0x4aa8,
    0x4aa8, 0x4aa8, 0x4aa8, 0x4aa9, 0x4aa9, 0x4aa9, 0x4aa9, 0x4aaa, 0x4aaa, 0x4aaa, 0x4aaa, 0x4aab, 0x4aab, 0x4aab, 0x4aab, 0x4aab,
    0x4aac, 0x4aac, 0x4aac, 0x4aac, 0x4aad, 0x4aad, 0x4aad, 0x4aad, 0x4aad, 0x4aae, 0x4aae, 0x4aae, 0x4aae, 0x4aaf, 0x4aaf, 0x4aaf,
    0x4aaf, 0x4aaf, 0x4ab0, 0x4ab0, 0x4ab0, 0x4ab0, 0x4ab1, 0x4ab1, 0x4ab1, 0x4ab1, 0x4ab1, 0x4ab2, 0x4ab2, 0x4ab2, 0x4ab2, 0x4ab3,
    0x4ab3, 0x4ab3, 0x4ab3, 0x4ab3, 0x4ab4, 0x4ab4, 0x4ab4, 0x4ab4, 0x4ab5, 0x4ab5, 0x4ab5, 0x4ab5, 0x4ab5, 0x4ab6, 0x4ab6, 0x4ab6,
    0x4ab6, 0x4ab7, 0x4ab7, 0x4ab7, 0x4ab7, 0x4ab7, 0x4ab8, 0x4ab8, 0x4ab8, 0x4ab8, 0x4ab9, 0x4ab9, 0x4ab9, 0x4ab9, 0x4ab9, 0x4aba,
    0x4aba, 0x4aba, 0x4aba, 0x4abb, 0x4abb, 0x4abb, 0x4abb, 0x4abb, 0x4abc, 0x4abc, 0x4abc, 0x4abc, 0x4abc, 0x4abd, 0x4abd, 0x4abd,
    0x4abd, 0x4abe, 0x4abe, 0x4abe, 0x4abe, 0x4abe, 0x4abf, 0x4abf, 0x4abf, 0x4abf, 0x4abf, 0x4ac0, 0x4ac0, 0x4ac0, 0x4ac0, 0x4ac1,
    0x4ac1, 0x4ac1, 0x4ac1, 0x4ac1, 0x4ac2, 0x4ac2, 0x4ac2, 0x4ac2, 0x4ac2, 0x4ac3, 0x4ac3, 0x4ac3, 0x4ac3, 0x4ac4, 0x4ac4, 0x4ac4,
    0x4ac4, 0x4ac4, 0x4ac5, 0x4ac5, 0x4ac5, 0x4ac5, 0x4ac5, 0x4ac6, 0x4ac6, 0x4ac6, 0x4ac6, 0x4ac6, 0x4ac7, 0x4ac7, 0x4ac7, 0x4ac7,
    0x4ac8, 0x4ac8, 0x4ac8, 0x4ac8, 0x4ac8, 0x4ac9, 0x4ac9, 0x4ac9, 0x4ac9, 0x4ac9, 0x4aca, 0x4aca, 0x4aca, 0x4aca, 0x4aca, 0x4acb,
    0x4acb, 0x4acb, 0x4acb, 0x4acb, 0x4acc, 0x4acc, 0x4acc, 0x4acc, 0x4acd, 0x4acd, 0x4acd, 0x4acd, 0x4acd, 0x4ace, 0x4ace, 0x4ace,
    0x4ace, 0x4ace, 0x4acf, 0x4acf, 0x4acf, 0x4acf, 0x4acf, 0x4ad0, 0x4ad0, 0x4ad0, 0x4ad0, 0x4ad0, 0x4ad1, 0x4ad1, 0x4ad1, 0x4ad1,
    0x4ad1, 0x4ad2, 0x4ad2, 0x4ad2, 0x4ad2, 0x4ad2, 0x4ad3, 0x4ad3, 0x4ad3, 0x4ad3, 0x4ad4, 0x4ad4, 0x4ad4, 0x4ad4, 0x4ad4, 0x4ad5,
    0x4ad5, 0x4ad5, 0x4ad5, 0x4ad5, 0x4ad6, 0x4ad6, 0x4ad6, 0x4ad6, 0x4ad6, 0x4ad7, 0x4ad7, 0x4ad7, 0x4ad7, 0x4ad7, 0x4ad8, 0x4ad8,
    0x4ad8, 0x4ad8, 0x4ad8, 0x4ad9, 0x4ad9, 0x4ad9, 0x4ad9, 0x4ad9, 0x4ada, 0x4ada, 0x4ada, 0x4ada, 0x4ada, 0x4adb, 0x4adb, 0x4adb,
    0x4adb, 0x4adb, 0x4adc, 0x4adc, 0x4adc, 0x4adc, 0x4adc, 0x4add, 0x4add, 0x4add, 0x4add, 0x4add, 0x4ade, 0x4ade, 0x4ade, 0x4ade,
    0x4ade, 0x4adf, 0x4adf, 0x4adf, 0x4adf, 0x4adf, 0x4adf, 0x4ae0, 0x4ae0, 0x4ae0, 0x4ae0, 0x4ae0, 0x4ae1, 0x4ae1, 0x4ae1, 0x4ae1,
    0x4ae1, 0x4ae2, 0x4ae2, 0x4ae2, 0x4ae2, 0x4ae2, 0x4ae3, 0x4ae3, 0x4ae3, 0x4ae3, 0x4ae3, 0x4ae4, 0x4ae4, 0x4ae4, 0x4ae4, 0x4ae4,
    0x4ae5, 0x4ae5, 0x4ae5, 0x4ae5, 0x4ae5, 0x4ae6, 0x4ae6, 0x4ae6, 0x4ae6, 0x4ae6, 0x4ae7, 0x4ae7, 0x4ae7, 0x4ae7, 0x4ae7, 0x4ae7,
    0x4ae8, 0x4ae8, 0x4ae8, 0x4ae8, 0x4ae8, 0x4ae9, 0x4ae9, 0x4ae9, 0x4ae9, 0x4ae9, 0x4aea, 0x4aea, 0x4aea, 0x4aea, 0x4aea, 0x4aeb,
    0x4aeb, 0x4aeb, 0x4aeb, 0x4aeb, 0x4aeb, 0x4aec, 0x4aec, 0x4aec, 0x4aec, 0x4aec, 0x4aed, 0x4aed, 0x4aed, 0x4aed, 0x4aed, 0x4aee,
    0x4aee, 0x4aee, 0x4aee, 0x4aee, 0x4aef, 0x4aef, 0x4aef, 0x4aef, 0x4aef, 0x4aef, 0x4af0, 0x4af0, 0x4af0, 0x4af0, 0x4af0, 0x4af1,
    0x4af1, 0x4af1, 0x4af1, 0x4af1, 0x4af2, 0x4af2, 0x4af2, 0x4af2, 0x4af2, 0x4af2, 0x4af3, 0x4af3, 0x4af3, 0x4af3, 0x4af3, 0x4af4,
    0x4af4, 0x4af4, 0x4af4, 0x4af4, 0x4af5, 0x4af5, 0x4af5, 0x4af5, 0x4af5, 0x4af5, 0x4af6, 0x4af6, 0x4af6, 0x4af6, 0x4af6, 0x4af7,
    0x4af7, 0x4af7, 0x4af7, 0x4af7, 0x4af7, 0x4af8, 0x4af8, 0x4af8, 0x4af8, 0x4af8, 0x4af9, 0x4af9, 0x4af9, 0x4af9, 0x4af9, 0x4afa,
    0x4afa, 0x4afa, 0x4afa, 0x4afa, 0x4afa, 0x4afb, 0x4afb, 0x4afb, 0x4afb, 0x4afb, 0x4afc, 0x4afc, 0x4afc, 0x4afc, 0x4afc, 0x4afc,
    0x4afd, 0x4afd, 0x4afd, 0x4afd, 0x4afd, 0x4afe, 0x4afe, 0x4afe, 0x4afe, 0x4afe, 0x4afe, 0x4aff, 0x4aff, 0x4aff, 0x4aff, 0x4aff,
    0x4b00, 0x4b00, 0x4b00, 0x4b01, 0x4b01, 0x4b01, 0x4b02, 0x4b02, 0x4b02, 0x4b03, 0x4b03, 0x4b03, 0x4b04, 0x4b04, 0x4b05, 0x4b05,
    0x4b05, 0x4b06, 0x4b06, 0x4b06, 0x4b07, 0x4b07, 0x4b07, 0x4b08, 0x4b08, 0x4b08, 0x4b09, 0x4b09, 0x4b09, 0x4b0a, 0x4b0a, 0x4b0b,
    0x4b0b, 0x4b0b, 0x4b0c, 0x4b0c, 0x4b0c, 0x4b0d, 0x4b0d, 0x4b0d, 0x4b0e, 0x4b0e, 0x4b0e, 0x4b0f, 0x4b0f, 0x4b0f, 0x4b10, 0x4b10,
    0x4b10, 0x4b11, 0x4b11, 0x4b11, 0x4b12, 0x4b12, 0x4b12, 0x4b13, 0x4b13, 0x4b14, 0x4b14, 0x4b14, 0x4b15, 0x4b15, 0x4b15, 0x4b16,
    0x4b16, 0x4b16, 0x4b17, 0x4b17, 0x4b17, 0x4b18, 0x4b18, 0x4b18, 0x4b19, 0x4b19, 0x4b19, 0x4b1a, 0x4b1a, 0x4b1a, 0x4b1b, 0x4b1b,
    0x4b1b, 0x4b1c, 0x4b1c, 0x4b1c, 0x4b1d, 0x4b1d, 0x4b1d, 0x4b1e, 0x4b1e, 0x4b1e, 0x4b1f, 0x4b1f, 0x4b1f, 0x4b20, 0x4b20, 0x4b20,
    0x4b21, 0x4b21, 0x4b21, 0x4b22, 0x4b22, 0x4b22, 0x4b23, 0x4b23, 0x4b23, 0x4b24, 0x4b24, 0x4b24, 0x4b25, 0x4b25, 0x4b25, 0x4b26,
    0x4b26, 0x4b26, 0x4b26, 0x4b27, 0x4b27, 0x4b27, 0x4b28, 0x4b28, 0x4b28, 0x4b29, 0x4b29, 0x4b29, 0x4b2a, 0x4b2a, 0x4b2a, 0x4b2b,
    0x4b2b, 0x4b2b, 0x4b2c, 0x4b2c, 0x4b2c, 0x4b2d, 0x4b2d, 0x4b2d, 0x4b2e, 0x4b2e, 0x4b2e, 0x4b2f, 0x4b2f, 0x4b2f, 0x4b2f, 0x4b30,
    0x4b30, 0x4b30, 0x4b31, 0x4b31, 0x4b31, 0x4b32, 0x4b32, 0x4b32, 0x4b33, 0x4b33, 0x4b33, 0x4b34, 0x4b34, 0x4b34, 0x4b34, 0x4b35,
    0x4b35, 0x4b35, 0x4b36, 0x4b36, 0x4b36, 0x4b37, 0x4b37, 0x4b37, 0x4b38, 0x4b38, 0x4b38, 0x4b39, 0x4b39, 0x4b39, 0x4b39, 0x4b3a,
    0x4b3a, 0x4b3a, 0x4b3b, 0x4b3b, 0x4b3b, 0x4b3c, 0x4b3c, 0x4b3c, 0x4b3d, 0x4b3d, 0x4b3d, 0x4b3d, 0x4b3e, 0x4b3e, 0x4b3e, 0x4b3f,
    0x4b3f, 0x4b3f, 0x4b40, 0x4b40, 0x4b40, 0x4b40, 0x4b41, 0x4b41, 0x4b41, 0x4b42, 0x4b42, 0x4b42, 0x4b43, 0x4b43, 0x4b43, 0x4b43,
    0x4b44, 0x4b44, 0x4b44, 0x4b45, 0x4b45, 0x4b45, 0x4b46, 0x4b46, 0x4b46, 0x4b46, 0x4b47, 0x4b47, 0x4b47, 0x4b48, 0x4b48, 0x4b48,
    0x4b49, 0x4b49, 0x4b49, 0x4b49, 0x4b4a, 0x4b4a, 0x4b4a, 0x4b4b, 0x4b4b, 0x4b4b, 0x4b4c, 0x4b4c, 0x4b4c, 0x4b4c, 0x4b4d, 0x4b4d,
    0x4b4d, 0x4b4e, 0x4b4e, 0x4b4e, 0x4b4e, 0x4b4f, 0x4b4f, 0x4b4f, 0x4b50, 0x4b50, 0x4b50, 0x4b50, 0x4b51, 0x4b51, 0x4b51, 0x4b52,
    0x4b52, 0x4b52, 0x4b52, 0x4b53, 0x4b53, 0x4b53, 0x4b54, 0x4b54, 0x4b54, 0x4b55, 0x4b55, 0x4b55, 0x4b55, 0x4b56, 0x4b56, 0x4b56,
    0x4b57, 0x4b57, 0x4b57, 0x4b57, 0x4b58, 0x4b58, 0x4b58, 0x4b58, 0x4b59, 0x4b59, 0x4b59, 0x4b5a, 0x4b5a, 0x4b5a, 0x4b5a, 0x4b5b,
    0x4b5b, 0x4b5b, 0x4b5c, 0x4b5c, 0x4b5c, 0x4b5c, 0x4b5d, 0x4b5d, 0x4b5d, 0x4b5e, 0x4b5e, 0x4b5e, 0x4b5e, 0x4b5f, 0x4b5f, 0x4b5f,
    0x4b60, 0x4b60, 0x4b60, 0x4b60, 0x4b61, 0x4b61, 0x4b61, 0x4b61, 0x4b62, 0x4b62, 0x4b62, 0x4b63, 0x4b63, 0x4b63, 0x4b63, 0x4b64,
    0x4b64, 0x4b64, 0x4b64, 0x4b65, 0x4b65, 0x4b65, 0x4b66, 0x4b66, 0x4b66, 0x4b66, 0x4b67, 0x4b67, 0x4b67, 0x4b67, 0x4b68, 0x4b68,
    0x4b68, 0x4b69, 0x4b69, 0x4b69, 0x4b69, 0x4b6a, 0x4b6a, 0x4b6a, 0x4b6a, 0x4b6b, 0x4b6b, 0x4b6b, 0x4b6c, 0x4b6c, 0x4b6c, 0x4b6c,
    0x4b6d, 0x4b6d, 0x4b6d, 0x4b6d, 0x4b6e, 0x4b6e, 0x4b6e, 0x4b6e, 0x4b6f, 0x4b6f, 0x4b6f, 0x4b70, 0x4b70, 0x4b70, 0x4b70, 0x4b71,
    0x4b71, 0x4b71, 0x4b71, 0x4b72, 0x4b72, 0x4b72, 0x4b72, 0x4b73, 0x4b73, 0x4b73, 0x4b74, 0x4b74, 0x4b74, 0x4b74, 0x4b75, 0x4b75,
    0x4b75, 0x4b75, 0x4b76, 0x4b76, 0x4b76, 0x4b76, 0x4b77, 0x4b77, 0x4b77, 0x4b77, 0x4b78, 0x4b78, 0x4b78, 0x4b79, 0x4b79, 0x4b79,
    0x4b79, 0x4b7a, 0x4b7a, 0x4b7a, 0x4b7a, 0x4b7b, 0x4b7b, 0x4b7b, 0x4b7b, 0x4b7c, 0x4b7c, 0x4b7c, 0x4b7c, 0x4b7d, 0x4b7d, 0x4b7d,
    0x4b7d, 0x4b7e, 0x4b7e, 0x4b7e, 0x4b7e, 0x4b7f, 0x4b7f, 0x4b7f, 0x4b7f, 0x4b80, 0x4b80, 0x4b80, 0x4b80, 0x4b81, 0x4b81, 0x4b81,
    0x4b81, 0x4b82, 0x4b82, 0x4b82, 0x4b83, 0x4b83, 0x4b83, 0x4b83, 0x4b84, 0x4b84, 0x4b84, 0x4b84, 0x4b85, 0x4b85, 0x4b85, 0x4b85,
    0x4b86, 0x4b86, 0x4b86, 0x4b86, 0x4b87, 0x4b87, 0x4b87, 0x4b87, 0x4b88, 0x4b88, 0x4b88, 0x4b88, 0x4b89, 0x4b89, 0x4b89, 0x4b89,
    0x4b8a, 0x4b8a, 0x4b8a, 0x4b8a, 0x4b8b, 0x4b8b, 0x4b8b, 0x4b8b, 0x4b8c, 0x4b8c, 0x4b8c, 0x4b8c, 0x4b8c, 0x4b8d, 0x4b8d, 0x4b8d,
    0x4b8d, 0x4b8e, 0x4b8e, 0x4b8e, 0x4b8e, 0x4b8f, 0x4b8f, 0x4b8f, 0x4b8f, 0x4b90, 0x4b90, 0x4b90, 0x4b90, 0x4b91, 0x4b91, 0x4b91,
    0x4b91, 0x4b92, 0x4b92, 0x4b92, 0x4b92, 0x4b93, 0x4b93, 0x4b93, 0x4b93, 0x4b94, 0x4b94, 0x4b94, 0x4b94, 0x4b95, 0x4b95, 0x4b95,
    0x4b95, 0x4b95, 0x4b96, 0x4b96, 0x4b96, 0x4b96, 0x4b97, 0x4b97, 0x4b97, 0x4b97, 0x4b98, 0x4b98, 0x4b98, 0x4b98, 0x4b99, 0x4b99,
    0x4b99, 0x4b99, 0x4b9a, 0x4b9a, 0x4b9a, 0x4b9a, 0x4b9b, 0x4b9b, 0x4b9b, 0x4b9b, 0x4b9b, 0x4b9c, 0x4b9c, 0x4b9c, 0x4b9c, 0x4b9d,
    0x4b9d, 0x4b9d, 0x4b9d, 0x4b9e, 0x4b9e, 0x4b9e, 0x4b9e, 0x4b9f, 0x4b9f, 0x4b9f, 0x4b9f, 0x4b9f, 0x4ba0, 0x4ba0, 0x4ba0, 0x4ba0,
    0x4ba1, 0x4ba1, 0x4ba1, 0x4ba1, 0x4ba2, 0x4ba2, 0x4ba2, 0x4ba2, 0x4ba2, 0x4ba3, 0x4ba3, 0x4ba3, 0x4ba3, 0x4ba4, 0x4ba4, 0x4ba4,
    0x4ba4, 0x4ba5, 0x4ba5, 0x4ba5, 0x4ba5, 0x4ba5, 0x4ba6, 0x4ba6, 0x4ba6, 0x4ba6, 0x4ba7, 0x4ba7, 0x4ba7, 0x4ba7, 0x4ba8, 0x4ba8,
    0x4ba8, 0x4ba8, 0x4ba8, 0x4ba9, 0x4ba9, 0x4ba9, 0x4ba9, 0x4baa, 0x4baa, 0x4baa, 0x4baa, 0x4bab, 0x4bab, 0x4bab, 0x4bab, 0x4bab,
    0x4bac, 0x4bac, 0x4bac, 0x4bac, 0x4bad, 0x4bad, 0x4bad, 0x4bad, 0x4bad, 0x4bae, 0x4bae, 0x4bae, 0x4bae, 0x4baf, 0x4baf, 0x4baf,
    0x4baf, 0x4baf, 0x4bb0, 0x4bb0, 0x4bb0, 0x4bb0, 0x4bb1, 0x4bb1, 0x4bb1, 0x4bb1, 0x4bb1, 0x4bb2, 0x4bb2, 0x4bb2, 0x4bb2, 0x4bb3,
    0x4bb3, 0x4bb3, 0x4bb3, 0x4bb3, 0x4bb4, 0x4bb4, 0x4bb4, 0x4bb4, 0x4bb5, 0x4bb5, 0x4bb5, 0x4bb5, 0x4bb5, 0x4bb6, 0x4bb6, 0x4bb6,
    0x4bb6, 0x4bb7, 0x4bb7, 0x4bb7, 0x4bb7, 0x4bb7, 0x4bb8, 0x4bb8, 0x4bb8, 0x4bb8, 0x4bb9, 0x4bb9, 0x4bb9, 0x4bb9, 0x4bb9, 0x4bba,
    0x4bba, 0x4bba, 0x4bba, 0x4bbb, 0x4bbb, 0x4bbb, 0x4bbb, 0x4bbb, 0x4bbc, 0x4bbc, 0x4bbc, 0x4bbc, 0x4bbc, 0x4bbd, 0x4bbd, 0x4bbd,
    0x4bbd, 0x4bbe, 0x4bbe, 0x4bbe, 0x4bbe, 0x4bbe, 0x4bbf, 0x4bbf, 0x4bbf, 0x4bbf, 0x4bbf, 0x4bc0, 0x4bc0, 0x4bc0, 0x4bc0, 0x4bc1,
    0x4bc1, 0x4bc1, 0x4bc1, 0x4bc1, 0x4bc2, 0x4bc2, 0x4bc2, 0x4bc2, 0x4bc2, 0x4bc3, 0x4bc3, 0x4bc3, 0x4bc3, 0x4bc4, 0x4bc4, 0x4bc4,
    0x4bc4, 0x4bc4, 0x4bc5, 0x4bc5, 0x4bc5, 0x4bc5, 0x4bc5, 0x4bc6, 0x4bc6, 0x4bc6, 0x4bc6, 0x4bc6, 0x4bc7, 0x4bc7, 0x4bc7, 0x4bc7,
    0x4bc8, 0x4bc8, 0x4bc8, 0x4bc8, 0x4bc8, 0x4bc9, 0x4bc9, 0x4bc9, 0x4bc9, 0x4bc9, 0x4bca, 0x4bca, 0x4bca, 0x4bca, 0x4bca, 0x4bcb,
    0x4bcb, 0x4bcb, 0x4bcb, 0x4bcb, 0x4bcc, 0x4bcc, 0x4bcc, 0x4bcc, 0x4bcd, 0x4bcd, 0x4bcd, 0x4bcd, 0x4bcd, 0x4bce, 0x4bce, 0x4bce,
    0x4bce, 0x4bce, 0x4bcf, 0x4bcf, 0x4bcf, 0x4bcf, 0x4bcf, 0x4bd0, 0x4bd0, 0x4bd0, 0x4bd0, 0x4bd0, 0x4bd1, 0x4bd1, 0x4bd1, 0x4bd1,
    0x4bd1, 0x4bd2, 0x4bd2, 0x4bd2, 0x4bd2, 0x4bd2, 0x4bd3, 0x4bd3, 0x4bd3, 0x4bd3, 0x4bd4, 0x4bd4, 0x4bd4, 0x4bd4, 0x4bd4, 0x4bd5,
    0x4bd5, 0x4bd5, 0x4bd5, 0x4bd5, 0x4bd6, 0x4bd6, 0x4bd6, 0x4bd6, 0x4bd6, 0x4bd7, 0x4bd7, 0x4bd7, 0x4bd7, 0x4bd7, 0x4bd8, 0x4bd8,
    0x4bd8, 0x4bd8, 0x4bd8, 0x4bd9, 0x4bd9, 0x4bd9, 0x4bd9, 0x4bd9, 0x4bda, 0x4bda, 0x4bda, 0x4bda, 0x4bda, 0x4bdb, 0x4bdb, 0x4bdb,
    0x4bdb, 0x4bdb, 0x4bdc, 0x4bdc, 0x4bdc, 0x4bdc, 0x4bdc, 0x4bdd, 0x4bdd, 0x4bdd, 0x4bdd, 0x4bdd, 0x4bde, 0x4bde, 0x4bde, 0x4bde,
    0x4bde, 0x4bdf, 0x4bdf, 0x4bdf, 0x4bdf, 0x4bdf, 0x4bdf, 0x4be0, 0x4be0, 0x4be0, 0x4be0, 0x4be0, 0x4be1, 0x4be1, 0x4be1, 0x4be1,
    0x4be1, 0x4be2, 0x4be2, 0x4be2, 0x4be2, 0x4be2, 0x4be3, 0x4be3, 0x4be3, 0x4be3, 0x4be3, 0x4be4, 0x4be4, 0x4be4, 0x4be4, 0x4be4,
    0x4be5, 0x4be5, 0x4be5, 0x4be5, 0x4be5, 0x4be6, 0x4be6, 0x4be6, 0x4be6, 0x4be6, 0x4be7, 0x4be7, 0x4be7, 0x4be7, 0x4be7, 0x4be7,
    0x4be8, 0x4be8, 0x4be8, 0x4be8, 0x4be8, 0x4be9, 0x4be9, 0x4be9, 0x4be9, 0x4be9, 0x4bea, 0x4bea, 0x4bea, 0x4bea, 0x4bea, 0x4beb,
    0x4beb, 0x4beb, 0x4beb, 0x4beb, 0x4beb, 0x4bec, 0x4bec, 0x4bec, 0x4bec, 0x4bec, 0x4bed, 0x4bed, 0x4bed, 0x4bed, 0x4bed, 0x4bee,
    0x4bee, 0x4bee, 0x4bee, 0x4bee, 0x4bef, 0x4bef, 0x4bef, 0x4bef, 0x4bef, 0x4bef, 0x4bf0, 0x4bf0, 0x4bf0, 0x4bf0, 0x4bf0, 0x4bf1,
    0x4bf1, 0x4bf1, 0x4bf1, 0x4bf1, 0x4bf2, 0x4bf2, 0x4bf2, 0x4bf2, 0x4bf2, 0x4bf2, 0x4bf3, 0x4bf3, 0x4bf3, 0x4bf3, 0x4bf3, 0x4bf4,
    0x4bf4, 0x4bf4, 0x4bf4, 0x4bf4, 0x4bf5, 0x4bf5, 0x4bf5, 0x4bf5, 0x4bf5, 0x4bf5, 0x4bf6, 0x4bf6, 0x4bf6, 0x4bf6, 0x4bf6, 0x4bf7,
    0x4bf7, 0x4bf7, 0x4bf7, 0x4bf7, 0x4bf7, 0x4bf8, 0x4bf8, 0x4bf8, 0x4bf8, 0x4bf8, 0x4bf9, 0x4bf9, 0x4bf9, 0x4bf9, 0x4bf9, 0x4bfa,
    0x4bfa, 0x4bfa, 0x4bfa, 0x4bfa, 0x4bfa, 0x4bfb, 0x4bfb, 0x4bfb, 0x4bfb, 0x4bfb, 0x4bfc, 0x4bfc, 0x4bfc, 0x4bfc, 0x4bfc, 0x4bfc,
    0x4bfd, 0x4bfd, 0x4bfd, 0x4bfd, 0x4bfd, 0x4bfe, 0x4bfe, 0x4bfe, 0x4bfe, 0x4bfe, 0x4bfe, 0x4bff, 0x4bff, 0x4bff, 0x4bff, 0x4bff,
    0x4c00, 0x4c00, 0x4c00, 0x4c01, 0x4c01, 0x4c01, 0x4c02, 0x4c02, 0x4c02, 0x4c03, 0x4c03, 0x4c03, 0x4c04, 0x4c04, 0x4c04, 0x4c05,
    0x4c05, 0x4c06, 0x4c06, 0x4c06, 0x4c07, 0x4c07, 0x4c07, 0x4c08, 0x4c08, 0x4c08, 0x4c09, 0x4c09, 0x4c09, 0x4c0a, 0x4c0a, 0x4c0a,
    0x4c0b, 0x4c0b, 0x4c0b, 0x4c0c, 0x4c0c, 0x4c0c, 0x4c0d, 0x4c0d, 0x4c0d, 0x4c0e, 0x4c0e, 0x4c0e, 0x4c0f, 0x4c0f, 0x4c0f, 0x4c10,
    0x4c10, 0x4c10, 0x4c11, 0x4c11, 0x4c11, 0x4c12, 0x4c12, 0x4c12, 0x4c13, 0x4c13, 0x4c13, 0x4c14, 0x4c14, 0x4c14, 0x4c15, 0x4c15,
    0x4c15, 0x4c16, 0x4c16, 0x4c16, 0x4c17, 0x4c17, 0x4c17, 0x4c17, 0x4c18, 0x4c18, 0x4c18, 0x4c19, 0x4c19, 0x4c19, 0x4c1a, 0x4c1a,
    0x4c1a, 0x4c1b, 0x4c1b, 0x4c1b, 0x4c1c, 0x4c1c, 0x4c1c, 0x4c1c, 0x4c1d, 0x4c1d, 0x4c1d, 0x4c1e, 0x4c1e, 0x4c1e, 0x4c1f, 0x4c1f,
    0x4c1f, 0x4c20, 0x4c20, 0x4c20, 0x4c20, 0x4c21, 0x4c21, 0x4c21, 0x4c22, 0x4c22, 0x4c22, 0x4c23, 0x4c23, 0x4c23, 0x4c23, 0x4c24,
    0x4c24, 0x4c24, 0x4c25, 0x4c25, 0x4c25, 0x4c26, 0x4c26, 0x4c26, 0x4c26, 0x4c27, 0x4c27, 0x4c27, 0x4c28, 0x4c28, 0x4c28, 0x4c28,
    0x4c29, 0x4c29, 0x4c29, 0x4c2a, 0x4c2a, 0x4c2a, 0x4c2a, 0x4c2b, 0x4c2b, 0x4c2b, 0x4c2c, 0x4c2c, 0x4c2c, 0x4c2c, 0x4c2d, 0x4c2d,
    0x4c2d, 0x4c2e, 0x4c2e, 0x4c2e, 0x4c2e, 0x4c2f, 0x4c2f, 0x4c2f, 0x4c30, 0x4c30, 0x4c30, 0x4c30, 0x4c31, 0x4c31, 0x4c31, 0x4c31,
    0x4c32, 0x4c32, 0x4c32, 0x4c33, 0x4c33, 0x4c33, 0x4c33, 0x4c34, 0x4c34, 0x4c34, 0x4c34, 0x4c35, 0x4c35, 0x4c35, 0x4c36, 0x4c36,
    0x4c36, 0x4c36, 0x4c37, 0x4c37, 0x4c37, 0x4c37, 0x4c38, 0x4c38, 0x4c38, 0x4c38, 0x4c39, 0x4c39, 0x4c39, 0x4c3a, 0x4c3a, 0x4c3a,
    0x4c3a, 0x4c3b, 0x4c3b, 0x4c3b, 0x4c3b, 0x4c3c, 0x4c3c, 0x4c3c, 0x4c3c, 0x4c3d, 0x4c3d, 0x4c3d, 0x4c3d, 0x4c3e, 0x4c3e, 0x4c3e,
    0x4c3e, 0x4c3f, 0x4c3f, 0x4c3f, 0x4c3f, 0x4c40, 0x4c40, 0x4c40, 0x4c40, 0x4c41, 0x4c41, 0x4c41, 0x4c42, 0x4c42, 0x4c42, 0x4c42,
    0x4c43, 0x4c43, 0x4c43, 0x4c43, 0x4c44, 0x4c44, 0x4c44, 0x4c44, 0x4c45, 0x4c45, 0x4c45, 0x4c45, 0x4c46, 0x4c46, 0x4c46, 0x4c46,
    0x4c46, 0x4c47, 0x4c47, 0x4c47, 0x4c47, 0x4c48, 0x4c48, 0x4c48, 0x4c48, 0x4c49, 0x4c49, 0x4c49, 0x4c49, 0x4c4a, 0x4c4a, 0x4c4a,
    0x4c4a, 0x4c4b, 0x4c4b, 0x4c4b, 0x4c4b, 0x4c4c, 0x4c4c, 0x4c4c, 0x4c4c, 0x4c4d, 0x4c4d, 0x4c4d, 0x4c4d, 0x4c4d, 0x4c4e, 0x4c4e,
    0x4c4e, 0x4c4e, 0x4c4f, 0x4c4f, 0x4c4f, 0x4c4f, 0x4c50, 0x4c50, 0x4c50, 0x4c50, 0x4c51, 0x4c51, 0x4c51, 0x4c51, 0x4c51, 0x4c52,
    0x4c52, 0x4c52, 0x4c52, 0x4c53, 0x4c53, 0x4c53, 0x4c53, 0x4c54, 0x4c54, 0x4c54, 0x4c54, 0x4c54, 0x4c55, 0x4c55, 0x4c55, 0x4c55,
    0x4c56, 0x4c56, 0x4c56, 0x4c56, 0x4c56, 0x4c57, 0x4c57, 0x4c57, 0x4c57, 0x4c58, 0x4c58, 0x4c58, 0x4c58, 0x4c58, 0x4c59, 0x4c59,
    0x4c59, 0x4c59, 0x4c5a, 0x4c5a, 0x4c5a, 0x4c5a, 0x4c5a, 0x4c5b, 0x4c5b, 0x4c5b, 0x4c5b, 0x4c5c, 0x4c5c, 0x4c5c, 0x4c5c, 0x4c5c,
    0x4c5d, 0x4c5d, 0x4c5d, 0x4c5d, 0x4c5e, 0x4c5e, 0x4c5e, 0x4c5e, 0x4c5e, 0x4c5f, 0x4c5f, 0x4c5f, 0x4c5f, 0x4c5f, 0x4c60, 0x4c60,
    0x4c60, 0x4c60, 0x4c61, 0x4c61, 0x4c61, 0x4c61, 0x4c61, 0x4c62, 0x4c62, 0x4c62, 0x4c62, 0x4c62, 0x4c63, 0x4c63, 0x4c63, 0x4c63,
    0x4c64, 0x4c64, 0x4c64, 0x4c64, 0x4c64, 0x4c65, 0x4c65, 0x4c65, 0x4c65, 0x4c65, 0x4c66, 0x4c66, 0x4c66, 0x4c66, 0x4c66, 0x4c67,
    0x4c67, 0x4c67, 0x4c67, 0x4c67, 0x4c68, 0x4c68, 0x4c68, 0x4c68, 0x4c68, 0x4c69, 0x4c69, 0x4c69, 0x4c69, 0x4c6a, 0x4c6a, 0x4c6a,
    0x4c6a, 0x4c6a, 0x4c6b, 0x4c6b, 0x4c6b, 0x4c6b, 0x4c6b, 0x4c6c, 0x4c6c, 0x4c6c, 0x4c6c, 0x4c6c, 0x4c6d, 0x4c6d, 0x4c6d, 0x4c6d,
    0x4c6d, 0x4c6e, 0x4c6e, 0x4c6e, 0x4c6e, 0x4c6e, 0x4c6f, 0x4c6f, 0x4c6f, 0x4c6f, 0x4c6f, 0x4c6f, 0x4c70, 0x4c70, 0x4c70, 0x4c70,
    0x4c70, 0x4c71, 0x4c71, 0x4c71, 0x4c71, 0x4c71, 0x4c72, 0x4c72, 0x4c72, 0x4c72, 0x4c72, 0x4c73, 0x4c73, 0x4c73, 0x4c73, 0x4c73,
    0x4c74, 0x4c74, 0x4c74, 0x4c74, 0x4c74, 0x4c75, 0x4c75, 0x4c75, 0x4c75, 0x4c75, 0x4c75, 0x4c76, 0x4c76, 0x4c76, 0x4c76, 0x4c76,
    0x4c77, 0x4c77, 0x4c77, 0x4c77, 0x4c77, 0x4c78, 0x4c78, 0x4c78, 0x4c78, 0x4c78, 0x4c79, 0x4c79, 0x4c79, 0x4c79, 0x4c79, 0x4c79,
    0x4c7a, 0x4c7a, 0x4c7a, 0x4c7a, 0x4c7a, 0x4c7b, 0x4c7b, 0x4c7b, 0x4c7b, 0x4c7b, 0x4c7b, 0x4c7c, 0x4c7c, 0x4c7c, 0x4c7c, 0x4c7c,
    0x4c7d, 0x4c7d, 0x4c7d, 0x4c7d, 0x4c7d, 0x4c7e, 0x4c7e, 0x4c7e, 0x4c7e, 0x4c7e, 0x4c7e, 0x4c7f, 0x4c7f, 0x4c7f, 0x4c7f, 0x4c7f,
    0x4c80, 0x4c80, 0x4c80, 0x4c81, 0x4c81, 0x4c81, 0x4c82, 0x4c82, 0x4c82, 0x4c83, 0x4c83, 0x4c83, 0x4c84, 0x4c84, 0x4c84, 0x4c85,
    0x4c85, 0x4c86, 0x4c86, 0x4c86, 0x4c87, 0x4c87, 0x4c87, 0x4c88, 0x4c88, 0x4c88, 0x4c89, 0x4c89, 0x4c89, 0x4c8a, 0x4c8a, 0x4c8a,
    0x4c8b, 0x4c8b, 0x4c8b, 0x4c8c, 0x4c8c, 0x4c8c, 0x4c8d, 0x4c8d, 0x4c8d, 0x4c8e, 0x4c8e, 0x4c8e, 0x4c8f, 0x4c8f, 0x4c8f, 0x4c90,
    0x4c90, 0x4c90, 0x4c91, 0x4c91, 0x4c91, 0x4c92, 0x4c92, 0x4c92, 0x4c93, 0x4c93, 0x4c93, 0x4c94, 0x4c94, 0x4c94, 0x4c95, 0x4c95,
    0x4c95, 0x4c96, 0x4c96, 0x4c96, 0x4c97, 0x4c97, 0x4c97, 0x4c97, 0x4c98, 0x4c98, 0x4c98, 0x4c99, 0x4c99, 0x4c99, 0x4c9a, 0x4c9a,
    0x4c9a, 0x4c9b, 0x4c9b, 0x4c9b, 0x4c9c, 0x4c9c, 0x4c9c, 0x4c9c, 0x4c9d, 0x4c9d, 0x4c9d, 0x4c9e, 0x4c9e, 0x4c9e, 0x4c9f, 0x4c9f,
    0x4c9f, 0x4ca0, 0x4ca0, 0x4ca0, 0x4ca0, 0x4ca1, 0x4ca1, 0x4ca1, 0x4ca2, 0x4ca2, 0x4ca2, 0x4ca3, 0x4ca3, 0x4ca3, 0x4ca3, 0x4ca4,
    0x4ca4, 0x4ca4, 0x4ca5, 0x4ca5, 0x4ca5, 0x4ca6, 0x4ca6, 0x4ca6, 0x4ca6, 0x4ca7, 0x4ca7, 0x4ca7, 0x4ca8, 0x4ca8, 0x4ca8, 0x4ca8,
    0x4ca9, 0x4ca9, 0x4ca9, 0x4caa, 0x4caa, 0x4caa, 0x4caa, 0x4cab, 0x4cab, 0x4cab, 0x4cac, 0x4cac, 0x4cac, 0x4cac, 0x4cad, 0x4cad,
    0x4cad, 0x4cae, 0x4cae, 0x4cae, 0x4cae, 0x4caf, 0x4caf, 0x4caf, 0x4cb0, 0x4cb0, 0x4cb0, 0x4cb0, 0x4cb1, 0x4cb1, 0x4cb1, 0x4cb1,
    0x4cb2, 0x4cb2, 0x4cb2, 0x4cb3, 0x4cb3, 0x4cb3, 0x4cb3, 0x4cb4, 0x4cb4, 0x4cb4, 0x4cb4, 0x4cb5, 0x4cb5, 0x4cb5, 0x4cb6, 0x4cb6,
    0x4cb6, 0x4cb6, 0x4cb7, 0x4cb7, 0x4cb7, 0x4cb7, 0x4cb8, 0x4cb8, 0x4cb8, 0x4cb8, 0x4cb9, 0x4cb9, 0x4cb9, 0x4cba, 0x4cba, 0x4cba,
    0x4cba, 0x4cbb, 0x4cbb, 0x4cbb, 0x4cbb, 0x4cbc, 0x4cbc, 0x4cbc, 0x4cbc, 0x4cbd, 0x4cbd, 0x4cbd, 0x4cbd, 0x4cbe, 0x4cbe, 0x4cbe,
    0x4cbe, 0x4cbf, 0x4cbf, 0x4cbf, 0x4cbf, 0x4cc0, 0x4cc0, 0x4cc0, 0x4cc0, 0x4cc1, 0x4cc1, 0x4cc1, 0x4cc2, 0x4cc2, 0x4cc2, 0x4cc2,
    0x4cc3, 0x4cc3, 0x4cc3, 0x4cc3, 0x4cc4, 0x4cc4, 0x4cc4, 0x4cc4, 0x4cc5, 0x4cc5, 0x4cc5, 0x4cc5, 0x4cc6, 0x4cc6, 0x4cc6, 0x4cc6,
    0x4cc6, 0x4cc7, 0x4cc7, 0x4cc7, 0x4cc7, 0x4cc8, 0x4cc8, 0x4cc8, 0x4cc8, 0x4cc9, 0x4cc9, 0x4cc9, 0x4cc9, 0x4cca, 0x4cca, 0x4cca,
    0x4cca, 0x4ccb, 0x4ccb, 0x4ccb, 0x4ccb, 0x4ccc, 0x4ccc, 0x4ccc, 0x4ccc, 0x4ccd, 0x4ccd, 0x4ccd, 0x4ccd, 0x4ccd, 0x4cce, 0x4cce,
    0x4cce, 0x4cce, 0x4ccf, 0x4ccf, 0x4ccf, 0x4ccf, 0x4cd0, 0x4cd0, 0x4cd0, 0x4cd0, 0x4cd1, 0x4cd1, 0x4cd1, 0x4cd1, 0x4cd1, 0x4cd2,
    0x4cd2, 0x4cd2, 0x4cd2, 0x4cd3, 0x4cd3, 0x4cd3, 0x4cd3, 0x4cd4, 0x4cd4, 0x4cd4, 0x4cd4, 0x4cd4, 0x4cd5, 0x4cd5, 0x4cd5, 0x4cd5,
    0x4cd6, 0x4cd6, 0x4cd6, 0x4cd6, 0x4cd6, 0x4cd7, 0x4cd7, 0x4cd7, 0x4cd7, 0x4cd8, 0x4cd8, 0x4cd8, 0x4cd8, 0x4cd8, 0x4cd9, 0x4cd9,
    0x4cd9, 0x4cd9, 0x4cda, 0x4cda, 0x4cda, 0x4cda, 0x4cda, 0x4cdb, 0x4cdb, 0x4cdb, 0x4cdb, 0x4cdc, 0x4cdc, 0x4cdc, 0x4cdc, 0x4cdc,
    0x4cdd, 0x4cdd, 0x4cdd, 0x4cdd, 0x4cde, 0x4cde, 0x4cde, 0x4cde, 0x4cde, 0x4cdf, 0x4cdf, 0x4cdf, 0x4cdf, 0x4cdf, 0x4ce0, 0x4ce0,
    0x4ce0, 0x4ce0, 0x4ce1, 0x4ce1, 0x4ce1, 0x4ce1, 0x4ce1, 0x4ce2, 0x4ce2, 0x4ce2, 0x4ce2, 0x4ce2, 0x4ce3, 0x4ce3, 0x4ce3, 0x4ce3,
    0x4ce4, 0x4ce4, 0x4ce4, 0x4ce4, 0x4ce4, 0x4ce5, 0x4ce5, 0x4ce5, 0x4ce5, 0x4ce5, 0x4ce6, 0x4ce6, 0x4ce6, 0x4ce6, 0x4ce6, 0x4ce7,
    0x4ce7, 0x4ce7, 0x4ce7, 0x4ce7, 0x4ce8, 0x4ce8, 0x4ce8, 0x4ce8, 0x4ce8, 0x4ce9, 0x4ce9, 0x4ce9, 0x4ce9, 0x4cea, 0x4cea, 0x4cea,
    0x4cea, 0x4cea, 0x4ceb, 0x4ceb, 0x4ceb, 0x4ceb, 0x4ceb, 0x4cec, 0x4cec, 0x4cec, 0x4cec, 0x4cec, 0x4ced, 0x4ced, 0x4ced, 0x4ced,
    0x4ced, 0x4cee, 0x4cee, 0x4cee, 0x4cee, 0x4cee, 0x4cef, 0x4cef, 0x4cef, 0x4cef, 0x4cef, 0x4cef, 0x4cf0, 0x4cf0, 0x4cf0, 0x4cf0,
    0x4cf0, 0x4cf1, 0x4cf1, 0x4cf1, 0x4cf1, 0x4cf1, 0x4cf2, 0x4cf2, 0x4cf2, 0x4cf2, 0x4cf2, 0x4cf3, 0x4cf3, 0x4cf3, 0x4cf3, 0x4cf3,
    0x4cf4, 0x4cf4, 0x4cf4, 0x4cf4, 0x4cf4, 0x4cf5, 0x4cf5, 0x4cf5, 0x4cf5, 0x4cf5, 0x4cf5, 0x4cf6, 0x4cf6, 0x4cf6, 0x4cf6, 0x4cf6,
    0x4cf7, 0x4cf7, 0x4cf7, 0x4cf7, 0x4cf7, 0x4cf8, 0x4cf8, 0x4cf8, 0x4cf8, 0x4cf8, 0x4cf9, 0x4cf9, 0x4cf9, 0x4cf9, 0x4cf9, 0x4cf9,
    0x4cfa, 0x4cfa, 0x4cfa, 0x4cfa, 0x4cfa, 0x4cfb, 0x4cfb, 0x4cfb, 0x4cfb, 0x4cfb, 0x4cfb, 0x4cfc, 0x4cfc, 0x4cfc, 0x4cfc, 0x4cfc,
    0x4cfd, 0x4cfd, 0x4cfd, 0x4cfd, 0x4cfd, 0x4cfe, 0x4cfe, 0x4cfe, 0x4cfe, 0x4cfe, 0x4cfe, 0x4cff, 0x4cff, 0x4cff, 0x4cff, 0x4cff,
    0x4d00, 0x4d00, 0x4d00, 0x4d01, 0x4d01, 0x4d01, 0x4d02, 0x4d02, 0x4d02, 0x4d03, 0x4d03, 0x4d03, 0x4d04, 0x4d04, 0x4d04, 0x4d05,
    0x4d05, 0x4d06, 0x4d06, 0x4d06, 0x4d07, 0x4d07, 0x4d07, 0x4d08, 0x4d08, 0x4d08, 0x4d09, 0x4d09, 0x4d09, 0x4d0a, 0x4d0a, 0x4d0a,
    0x4d0b, 0x4d0b, 0x4d0b, 0x4d0c, 0x4d0c, 0x4d0c, 0x4d0d, 0x4d0d, 0x4d0d, 0x4d0e, 0x4d0e, 0x4d0e, 0x4d0f, 0x4d0f, 0x4d0f, 0x4d10,
    0x4d10, 0x4d10, 0x4d11, 0x4d11, 0x4d11, 0x4d12, 0x4d12, 0x4d12, 0x4d13, 0x4d13, 0x4d13, 0x4d14, 0x4d14, 0x4d14, 0x4d15, 0x4d15,
    0x4d15, 0x4d16, 0x4d16, 0x4d16, 0x4d17, 0x4d17, 0x4d17, 0x4d17, 0x4d18, 0x4d18, 0x4d18, 0x4d19, 0x4d19, 0x4d19, 0x4d1a, 0x4d1a,
    0x4d1a, 0x4d1b, 0x4d1b, 0x4d1b, 0x4d1c, 0x4d1c, 0x4d1c, 0x4d1c, 0x4d1d, 0x4d1d, 0x4d1d, 0x4d1e, 0x4d1e, 0x4d1e, 0x4d1f, 0x4d1f,
    0x4d1f, 0x4d20, 0x4d20, 0x4d20, 0x4d20, 0x4d21, 0x4d21, 0x4d21, 0x4d22, 0x4d22, 0x4d22, 0x4d23, 0x4d23, 0x4d23, 0x4d23, 0x4d24,
    0x4d24, 0x4d24, 0x4d25, 0x4d25, 0x4d25, 0x4d26, 0x4d26, 0x4d26, 0x4d26, 0x4d27, 0x4d27, 0x4d27, 0x4d28, 0x4d28, 0x4d28, 0x4d28,
    0x4d29, 0x4d29, 0x4d29, 0x4d2a, 0x4d2a, 0x4d2a, 0x4d2a, 0x4d2b, 0x4d2b, 0x4d2b, 0x4d2c, 0x4d2c, 0x4d2c, 0x4d2c, 0x4d2d, 0x4d2d,
    0x4d2d, 0x4d2e, 0x4d2e, 0x4d2e, 0x4d2e, 0x4d2f, 0x4d2f, 0x4d2f, 0x4d30, 0x4d30, 0x4d30, 0x4d30, 0x4d31, 0x4d31, 0x4d31, 0x4d31,
    0x4d32, 0x4d32, 0x4d32, 0x4d33, 0x4d33, 0x4d33, 0x4d33, 0x4d34, 0x4d34, 0x4d34, 0x4d34, 0x4d35, 0x4d35, 0x4d35, 0x4d36, 0x4d36,
    0x4d36, 0x4d36, 0x4d37, 0x4d37, 0x4d37, 0x4d37, 0x4d38, 0x4d38, 0x4d38, 0x4d38, 0x4d39, 0x4d39, 0x4d39, 0x4d3a, 0x4d3a, 0x4d3a,
    0x4d3a, 0x4d3b, 0x4d3b, 0x4d3b, 0x4d3b, 0x4d3c, 0x4d3c, 0x4d3c, 0x4d3c, 0x4d3d, 0x4d3d, 0x4d3d, 0x4d3d, 0x4d3e, 0x4d3e, 0x4d3e,
    0x4d3e, 0x4d3f, 0x4d3f, 0x4d3f, 0x4d3f, 0x4d40, 0x4d40, 0x4d40, 0x4d40, 0x4d41, 0x4d41, 0x4d41, 0x4d42, 0x4d42, 0x4d42, 0x4d42,
    0x4d43, 0x4d43, 0x4d43, 0x4d43, 0x4d44, 0x4d44, 0x4d44, 0x4d44, 0x4d45, 0x4d45, 0x4d45, 0x4d45, 0x4d46, 0x4d46, 0x4d46, 0x4d46,
    0x4d46, 0x4d47, 0x4d47, 0x4d47, 0x4d47, 0x4d48, 0x4d48, 0x4d48, 0x4d48, 0x4d49, 0x4d49, 0x4d49, 0x4d49, 0x4d4a, 0x4d4a, 0x4d4a,
    0x4d4a, 0x4d4b, 0x4d4b, 0x4d4b, 0x4d4b, 0x4d4c, 0x4d4c, 0x4d4c, 0x4d4c, 0x4d4d, 0x4d4d, 0x4d4d, 0x4d4d, 0x4d4d, 0x4d4e, 0x4d4e,
    0x4d4e, 0x4d4e, 0x4d4f, 0x4d4f, 0x4d4f, 0x4d4f, 0x4d50, 0x4d50, 0x4d50, 0x4d50, 0x4d51, 0x4d51, 0x4d51, 0x4d51, 0x4d51, 0x4d52,
    0x4d52, 0x4d52, 0x4d52, 0x4d53, 0x4d53, 0x4d53, 0x4d53, 0x4d54, 0x4d54, 0x4d54, 0x4d54, 0x4d54, 0x4d55, 0x4d55, 0x4d55, 0x4d55,
    0x4d56, 0x4d56, 0x4d56, 0x4d56, 0x4d56, 0x4d57, 0x4d57, 0x4d57, 0x4d57, 0x4d58, 0x4d58, 0x4d58, 0x4d58, 0x4d58, 0x4d59, 0x4d59,
    0x4d59, 0x4d59, 0x4d5a, 0x4d5a, 0x4d5a, 0x4d5a, 0x4d5a, 0x4d5b, 0x4d5b, 0x4d5b, 0x4d5b, 0x4d5c, 0x4d5c, 0x4d5c, 0x4d5c, 0x4d5c,
    0x4d5d, 0x4d5d, 0x4d5d, 0x4d5d, 0x4d5e, 0x4d5e, 0x4d5e, 0x4d5e, 0x4d5e, 0x4d5f, 0x4d5f, 0x4d5f, 0x4d5f, 0x4d5f, 0x4d60, 0x4d60,
    0x4d60, 0x4d60, 0x4d61, 0x4d61, 0x4d61, 0x4d61, 0x4d61, 0x4d62, 0x4d62, 0x4d62, 0x4d62, 0x4d62, 0x4d63, 0x4d63, 0x4d63, 0x4d63,
    0x4d64, 0x4d64, 0x4d64, 0x4d64, 0x4d64, 0x4d65, 0x4d65, 0x4d65, 0x4d65, 0x4d65, 0x4d66, 0x4d66, 0x4d66, 0x4d66, 0x4d66, 0x4d67,
    0x4d67, 0x4d67, 0x4d67, 0x4d67, 0x4d68, 0x4d68, 0x4d68, 0x4d68, 0x4d68, 0x4d69, 0x4d69, 0x4d69, 0x4d69, 0x4d6a, 0x4d6a, 0x4d6a,
    0x4d6a, 0x4d6a, 0x4d6b, 0x4d6b, 0x4d6b, 0x4d6b, 0x4d6b, 0x4d6c, 0x4d6c, 0x4d6c, 0x4d6c, 0x4d6c, 0x4d6d, 0x4d6d, 0x4d6d, 0x4d6d,
    0x4d6d, 0x4d6e, 0x4d6e, 0x4d6e, 0x4d6e, 0x4d6e, 0x4d6f, 0x4d6f, 0x4d6f, 0x4d6f, 0x4d6f, 0x4d6f, 0x4d70, 0x4d70, 0x4d70, 0x4d70,
    0x4d70, 0x4d71, 0x4d71, 0x4d71, 0x4d71, 0x4d71, 0x4d72, 0x4d72, 0x4d72, 0x4d72, 0x4d72, 0x4d73, 0x4d73, 0x4d73, 0x4d73, 0x4d73,
    0x4d74, 0x4d74, 0x4d74, 0x4d74, 0x4d74, 0x4d75, 0x4d75, 0x4d75, 0x4d75, 0x4d75, 0x4d75, 0x4d76, 0x4d76, 0x4d76, 0x4d76, 0x4d76,
    0x4d77, 0x4d77, 0x4d77, 0x4d77, 0x4d77, 0x4d78, 0x4d78, 0x4d78, 0x4d78, 0x4d78, 0x4d79, 0x4d79, 0x4d79, 0x4d79, 0x4d79, 0x4d79,
    0x4d7a, 0x4d7a, 0x4d7a, 0x4d7a, 0x4d7a, 0x4d7b, 0x4d7b, 0x4d7b, 0x4d7b, 0x4d7b, 0x4d7b, 0x4d7c, 0x4d7c, 0x4d7c, 0x4d7c, 0x4d7c,
    0x4d7d, 0x4d7d, 0x4d7d, 0x4d7d, 0x4d7d, 0x4d7e, 0x4d7e, 0x4d7e, 0x4d7e, 0x4d7e, 0x4d7e, 0x4d7f, 0x4d7f, 0x4d7f, 0x4d7f, 0x4d7f,
    0x4d80, 0x4d80, 0x4d80, 0x4d81, 0x4d81, 0x4d81, 0x4d82, 0x4d82, 0x4d82, 0x4d83, 0x4d83, 0x4d83, 0x4d84, 0x4d84, 0x4d84, 0x4d85,
    0x4d85, 0x4d86, 0x4d86, 0x4d86, 0x4d87, 0x4d87, 0x4d87, 0x4d88, 0x4d88, 0x4d88, 0x4d89, 0x4d89, 0x4d89, 0x4d8a, 0x4d8a, 0x4d8a,
    0x4d8b, 0x4d8b, 0x4d8b, 0x4d8c, 0x4d8c, 0x4d8c, 0x4d8d, 0x4d8d, 0x4d8d, 0x4d8e, 0x4d8e, 0x4d8e, 0x4d8f, 0x4d8f, 0x4d8f, 0x4d90,
    0x4d90, 0x4d90, 0x4d91, 0x4d91, 0x4d91, 0x4d92, 0x4d92, 0x4d92, 0x4d93, 0x4d93, 0x4d93, 0x4d94, 0x4d94, 0x4d94, 0x4d95, 0x4d95,
    0x4d95, 0x4d96, 0x4d96, 0x4d96, 0x4d97, 0x4d97, 0x4d97, 0x4d97, 0x4d98, 0x4d98, 0x4d98, 0x4d99, 0x4d99, 0x4d99, 0x4d9a, 0x4d9a,
    0x4d9a, 0x4d9b, 0x4d9b, 0x4d9b, 0x4d9c, 0x4d9c, 0x4d9c, 0x4d9c, 0x4d9d, 0x4d9d, 0x4d9d, 0x4d9e, 0x4d9e, 0x4d9e, 0x4d9f, 0x4d9f,
    0x4d9f, 0x4da0, 0x4da0, 0x4da0, 0x4da0, 0x4da1, 0x4da1, 0x4da1, 0x4da2, 0x4da2, 0x4da2, 0x4da3, 0x4da3, 0x4da3, 0x4da3, 0x4da4,
    0x4da4, 0x4da4, 0x4da5, 0x4da5, 0x4da5, 0x4da6, 0x4da6, 0x4da6, 0x4da6, 0x4da7, 0x4da7, 0x4da7, 0x4da8, 0x4da8, 0x4da8, 0x4da8,
    0x4da9, 0x4da9, 0x4da9, 0x4daa, 0x4daa, 0x4daa, 0x4daa, 0x4dab, 0x4dab, 0x4dab, 0x4dac, 0x4dac, 0x4dac, 0x4dac, 0x4dad, 0x4dad,
    0x4dad, 0x4dae, 0x4dae, 0x4dae, 0x4dae, 0x4daf, 0x4daf, 0x4daf, 0x4db0, 0x4db0, 0x4db0, 0x4db0, 0x4db1, 0x4db1, 0x4db1, 0x4db1,
    0x4db2, 0x4db2, 0x4db2, 0x4db3, 0x4db3, 0x4db3, 0x4db3, 0x4db4, 0x4db4, 0x4db4, 0x4db4, 0x4db5, 0x4db5, 0x4db5, 0x4db6, 0x4db6,
    0x4db6, 0x4db6, 0x4db7, 0x4db7, 0x4db7, 0x4db7, 0x4db8, 0x4db8, 0x4db8, 0x4db8, 0x4db9, 0x4db9, 0x4db9, 0x4dba, 0x4dba, 0x4dba,
    0x4dba, 0x4dbb, 0x4dbb, 0x4dbb, 0x4dbb, 0x4dbc, 0x4dbc, 0x4dbc, 0x4dbc, 0x4dbd, 0x4dbd, 0x4dbd, 0x4dbd, 0x4dbe, 0x4dbe, 0x4dbe,
    0x4dbe, 0x4dbf, 0x4dbf, 0x4dbf, 0x4dbf, 0x4dc0, 0x4dc0, 0x4dc0, 0x4dc0, 0x4dc1, 0x4dc1, 0x4dc1, 0x4dc2, 0x4dc2, 0x4dc2, 0x4dc2,
    0x4dc3, 0x4dc3, 0x4dc3, 0x4dc3, 0x4dc4, 0x4dc4, 0x4dc4, 0x4dc4, 0x4dc5, 0x4dc5, 0x4dc5, 0x4dc5, 0x4dc6, 0x4dc6, 0x4dc6, 0x4dc6,
    0x4dc6, 0x4dc7, 0x4dc7, 0x4dc7, 0x4dc7, 0x4dc8, 0x4dc8, 0x4dc8, 0x4dc8, 0x4dc9, 0x4dc9, 0x4dc9, 0x4dc9, 0x4dca, 0x4dca, 0x4dca,
    0x4dca, 0x4dcb, 0x4dcb, 0x4dcb, 0x4dcb, 0x4dcc, 0x4dcc, 0x4dcc, 0x4dcc, 0x4dcd, 0x4dcd, 0x4dcd, 0x4dcd, 0x4dcd, 0x4dce, 0x4dce,
    0x4dce, 0x4dce, 0x4dcf, 0x4dcf, 0x4dcf, 0x4dcf, 0x4dd0, 0x4dd0, 0x4dd0, 0x4dd0, 0x4dd1, 0x4dd1, 0x4dd1, 0x4dd1, 0x4dd1, 0x4dd2,
    0x4dd2, 0x4dd2, 0x4dd2, 0x4dd3, 0x4dd3, 0x4dd3, 0x4dd3, 0x4dd4, 0x4dd4, 0x4dd4, 0x4dd4, 0x4dd4, 0x4dd5, 0x4dd5, 0x4dd5, 0x4dd5,
    0x4dd6, 0x4dd6, 0x4dd6, 0x4dd6, 0x4dd6, 0x4dd7, 0x4dd7, 0x4dd7, 0x4dd7, 0x4dd8, 0x4dd8, 0x4dd8, 0x4dd8, 0x4dd8, 0x4dd9, 0x4dd9,
    0x4dd9, 0x4dd9, 0x4dda, 0x4dda, 0x4dda, 0x4dda, 0x4dda, 0x4ddb, 0x4ddb, 0x4ddb, 0x4ddb, 0x4ddc, 0x4ddc, 0x4ddc, 0x4ddc, 0x4ddc,
    0x4ddd, 0x4ddd, 0x4ddd, 0x4ddd, 0x4dde, 0x4dde, 0x4dde, 0x4dde, 0x4dde, 0x4ddf, 0x4ddf, 0x4ddf, 0x4ddf, 0x4ddf, 0x4de0, 0x4de0,
    0x4de0, 0x4de0, 0x4de1, 0x4de1, 0x4de1, 0x4de1, 0x4de1, 0x4de2, 0x4de2, 0x4de2, 0x4de2, 0x4de2, 0x4de3, 0x4de3, 0x4de3, 0x4de3,
    0x4de4, 0x4de4, 0x4de4, 0x4de4, 0x4de4, 0x4de5, 0x4de5, 0x4de5, 0x4de5, 0x4de5, 0x4de6, 0x4de6, 0x4de6, 0x4de6, 0x4de6, 0x4de7,
    0x4de7, 0x4de7, 0x4de7, 0x4de7, 0x4de8, 0x4de8, 0x4de8, 0x4de8, 0x4de8, 0x4de9, 0x4de9, 0x4de9, 0x4de9, 0x4dea, 0x4dea, 0x4dea,
    0x4dea, 0x4dea, 0x4deb, 0x4deb, 0x4deb, 0x4deb, 0x4deb, 0x4dec, 0x4dec, 0x4dec, 0x4dec, 0x4dec, 0x4ded, 0x4ded, 0x4ded, 0x4ded,
    0x4ded, 0x4dee, 0x4dee, 0x4dee, 0x4dee, 0x4dee, 0x4def, 0x4def, 0x4def, 0x4def, 0x4def, 0x4def, 0x4df0, 0x4df0, 0x4df0, 0x4df0,
    0x4df0, 0x4df1, 0x4df1, 0x4df1, 0x4df1, 0x4df1, 0x4df2, 0x4df2, 0x4df2, 0x4df2, 0x4df2, 0x4df3, 0x4df3, 0x4df3, 0x4df3, 0x4df3,
    0x4df4, 0x4df4, 0x4df4, 0x4df4, 0x4df4, 0x4df5, 0x4df5, 0x4df5, 0x4df5, 0x4df5, 0x4df5, 0x4df6, 0x4df6, 0x4df6, 0x4df6, 0x4df6,
    0x4df7, 0x4df7, 0x4df7, 0x4df7, 0x4df7, 0x4df8, 0x4df8, 0x4df8, 0x4df8, 0x4df8, 0x4df9, 0x4df9, 0x4df9, 0x4df9, 0x4df9, 0x4df9,
    0x4dfa, 0x4dfa, 0x4dfa, 0x4dfa, 0x4dfa, 0x4dfb, 0x4dfb, 0x4dfb, 0x4dfb, 0x4dfb, 0x4dfb, 0x4dfc, 0x4dfc, 0x4dfc, 0x4dfc, 0x4dfc,
    0x4dfd, 0x4dfd, 0x4dfd, 0x4dfd, 0x4dfd, 0x4dfe, 0x4dfe, 0x4dfe, 0x4dfe, 0x4dfe, 0x4dfe, 0x4dff, 0x4dff, 0x4dff, 0x4dff, 0x4dff,
    0x4e00, 0x4e00, 0x4e00, 0x4e01, 0x4e01, 0x4e01, 0x4e02, 0x4e02, 0x4e02, 0x4e03, 0x4e03, 0x4e03, 0x4e04, 0x4e04, 0x4e04, 0x4e05,
    0x4e05, 0x4e06, 0x4e06, 0x4e06, 0x4e07, 0x4e07, 0x4e07, 0x4e08, 0x4e08, 0x4e08, 0x4e09, 0x4e09, 0x4e09, 0x4e0a, 0x4e0a, 0x4e0a,
    0x4e0b, 0x4e0b, 0x4e0b, 0x4e0c, 0x4e0c, 0x4e0c, 0x4e0d, 0x4e0d, 0x4e0d, 0x4e0e, 0x4e0e, 0x4e0e, 0x4e0f, 0x4e0f, 0x4e0f, 0x4e10,
    0x4e10, 0x4e10, 0x4e11, 0x4e11, 0x4e11, 0x4e12, 0x4e12, 0x4e12, 0x4e13, 0x4e13, 0x4e13, 0x4e14, 0x4e14, 0x4e14, 0x4e15, 0x4e15,
    0x4e15, 0x4e16, 0x4e16, 0x4e16, 0x4e17, 0x4e17, 0x4e17, 0x4e17, 0x4e18, 0x4e18, 0x4e18, 0x4e19, 0x4e19, 0x4e19, 0x4e1a, 0x4e1a,
    0x4e1a, 0x4e1b, 0x4e1b, 0x4e1b, 0x4e1c, 0x4e1c, 0x4e1c, 0x4e1c, 0x4e1d, 0x4e1d, 0x4e1d, 0x4e1e, 0x4e1e, 0x4e1e, 0x4e1f, 0x4e1f,
    0x4e1f, 0x4e20, 0x4e20, 0x4e20, 0x4e20, 0x4e21, 0x4e21, 0x4e21, 0x4e22, 0x4e22, 0x4e22, 0x4e23, 0x4e23, 0x4e23, 0x4e23, 0x4e24,
    0x4e24, 0x4e24, 0x4e25, 0x4e25, 0x4e25, 0x4e26, 0x4e26, 0x4e26, 0x4e26, 0x4e27, 0x4e27, 0x4e27, 0x4e28, 0x4e28, 0x4e28, 0x4e28,
    0x4e29, 0x4e29, 0x4e29, 0x4e2a, 0x4e2a, 0x4e2a, 0x4e2a, 0x4e2b, 0x4e2b, 0x4e2b, 0x4e2c, 0x4e2c, 0x4e2c, 0x4e2c, 0x4e2d, 0x4e2d,
    0x4e2d, 0x4e2e, 0x4e2e, 0x4e2e, 0x4e2e, 0x4e2f, 0x4e2f, 0x4e2f, 0x4e30, 0x4e30, 0x4e30, 0x4e30, 0x4e31, 0x4e31, 0x4e31, 0x4e31,
    0x4e32, 0x4e32, 0x4e32, 0x4e33, 0x4e33, 0x4e33, 0x4e33, 0x4e34, 0x4e34, 0x4e34, 0x4e34, 0x4e35, 0x4e35, 0x4e35, 0x4e36, 0x4e36,
    0x4e36, 0x4e36, 0x4e37, 0x4e37, 0x4e37, 0x4e37, 0x4e38, 0x4e38, 0x4e38, 0x4e38, 0x4e39, 0x4e39, 0x4e39, 0x4e3a, 0x4e3a, 0x4e3a,
    0x4e3a, 0x4e3b, 0x4e3b, 0x4e3b, 0x4e3b, 0x4e3c, 0x4e3c, 0x4e3c, 0x4e3c, 0x4e3d, 0x4e3d, 0x4e3d, 0x4e3d, 0x4e3e, 0x4e3e, 0x4e3e,
    0x4e3e, 0x4e3f, 0x4e3f, 0x4e3f, 0x4e3f, 0x4e40, 0x4e40, 0x4e40, 0x4e40, 0x4e41, 0x4e41, 0x4e41, 0x4e42, 0x4e42, 0x4e42, 0x4e42,
    0x4e43, 0x4e43, 0x4e43, 0x4e43, 0x4e44, 0x4e44, 0x4e44, 0x4e44, 0x4e45, 0x4e45, 0x4e45, 0x4e45, 0x4e46, 0x4e46, 0x4e46, 0x4e46,
    0x4e46, 0x4e47, 0x4e47, 0x4e47, 0x4e47, 0x4e48, 0x4e48, 0x4e48, 0x4e48, 0x4e49, 0x4e49, 0x4e49, 0x4e49, 0x4e4a, 0x4e4a, 0x4e4a,
    0x4e4a, 0x4e4b, 0x4e4b, 0x4e4b, 0x4e4b, 0x4e4c, 0x4e4c, 0x4e4c, 0x4e4c, 0x4e4d, 0x4e4d, 0x4e4d, 0x4e4d, 0x4e4d, 0x4e4e, 0x4e4e,
    0x4e4e, 0x4e4e, 0x4e4f, 0x4e4f, 0x4e4f, 0x4e4f, 0x4e50, 0x4e50, 0x4e50, 0x4e50, 0x4e51, 0x4e51, 0x4e51, 0x4e51, 0x4e51, 0x4e52,
    0x4e52, 0x4e52, 0x4e52, 0x4e53, 0x4e53, 0x4e53, 0x4e53, 0x4e54, 0x4e54, 0x4e54, 0x4e54, 0x4e54, 0x4e55, 0x4e55, 0x4e55, 0x4e55,
    0x4e56, 0x4e56, 0x4e56, 0x4e56, 0x4e56, 0x4e57, 0x4e57, 0x4e57, 0x4e57, 0x4e58, 0x4e58, 0x4e58, 0x4e58, 0x4e58, 0x4e59, 0x4e59,
    0x4e59, 0x4e59, 0x4e5a, 0x4e5a, 0x4e5a, 0x4e5a, 0x4e5a, 0x4e5b, 0x4e5b, 0x4e5b, 0x4e5b, 0x4e5c, 0x4e5c, 0x4e5c, 0x4e5c, 0x4e5c,
    0x4e5d, 0x4e5d, 0x4e5d, 0x4e5d, 0x4e5e, 0x4e5e, 0x4e5e, 0x4e5e, 0x4e5e, 0x4e5f, 0x4e5f, 0x4e5f, 0x4e5f, 0x4e5f, 0x4e60, 0x4e60,
    0x4e60, 0x4e60, 0x4e61, 0x4e61, 0x4e61, 0x4e61, 0x4e61, 0x4e62, 0x4e62, 0x4e62, 0x4e62, 0x4e62, 0x4e63, 0x4e63, 0x4e63, 0x4e63,
    0x4e64, 0x4e64, 0x4e64, 0x4e64, 0x4e64, 0x4e65, 0x4e65, 0x4e65, 0x4e65, 0x4e65, 0x4e66, 0x4e66, 0x4e66, 0x4e66, 0x4e66, 0x4e67,
    0x4e67, 0x4e67, 0x4e67, 0x4e67, 0x4e68, 0x4e68, 0x4e68, 0x4e68, 0x4e68, 0x4e69, 0x4e69, 0x4e69, 0x4e69, 0x4e6a, 0x4e6a, 0x4e6a,
    0x4e6a, 0x4e6a, 0x4e6b, 0x4e6b, 0x4e6b, 0x4e6b, 0x4e6b, 0x4e6c, 0x4e6c, 0x4e6c, 0x4e6c, 0x4e6c, 0x4e6d, 0x4e6d, 0x4e6d, 0x4e6d,
    0x4e6d, 0x4e6e, 0x4e6e, 0x4e6e, 0x4e6e, 0x4e6e, 0x4e6f, 0x4e6f, 0x4e6f, 0x4e6f, 0x4e6f, 0x4e6f, 0x4e70, 0x4e70, 0x4e70, 0x4e70,
    0x4e70, 0x4e71, 0x4e71, 0x4e71, 0x4e71, 0x4e71, 0x4e72, 0x4e72, 0x4e72, 0x4e72, 0x4e72, 0x4e73, 0x4e73, 0x4e73, 0x4e73, 0x4e73,
    0x4e74, 0x4e74, 0x4e74, 0x4e74, 0x4e74, 0x4e75, 0x4e75, 0x4e75, 0x4e75, 0x4e75, 0x4e75, 0x4e76, 0x4e76, 0x4e76, 0x4e76, 0x4e76,
    0x4e77, 0x4e77, 0x4e77, 0x4e77, 0x4e77, 0x4e78, 0x4e78, 0x4e78, 0x4e78, 0x4e78, 0x4e79, 0x4e79, 0x4e79, 0x4e79, 0x4e79, 0x4e79,
    0x4e7a, 0x4e7a, 0x4e7a, 0x4e7a, 0x4e7a, 0x4e7b, 0x4e7b, 0x4e7b, 0x4e7b, 0x4e7b, 0x4e7b, 0x4e7c, 0x4e7c, 0x4e7c, 0x4e7c, 0x4e7c,
    0x4e7d, 0x4e7d, 0x4e7d, 0x4e7d, 0x4e7d, 0x4e7e, 0x4e7e, 0x4e7e, 0x4e7e, 0x4e7e, 0x4e7e, 0x4e7f, 0x4e7f, 0x4e7f, 0x4e7f, 0x4e7f,
    0x4e80, 0x4e80, 0x4e80, 0x4e81, 0x4e81, 0x4e81, 0x4e82, 0x4e82, 0x4e82, 0x4e83, 0x4e83, 0x4e83, 0x4e84, 0x4e84, 0x4e84, 0x4e85,
    0x4e85, 0x4e86, 0x4e86, 0x4e86, 0x4e87, 0x4e87, 0x4e87, 0x4e88, 0x4e88, 0x4e88, 0x4e89, 0x4e89, 0x4e89, 0x4e8a, 0x4e8a, 0x4e8a,
    0x4e8b, 0x4e8b, 0x4e8b, 0x4e8c, 0x4e8c, 0x4e8c, 0x4e8d, 0x4e8d, 0x4e8d, 0x4e8e, 0x4e8e, 0x4e8e, 0x4e8f, 0x4e8f, 0x4e8f, 0x4e90,
    0x4e90, 0x4e90, 0x4e91, 0x4e91, 0x4e91, 0x4e92, 0x4e92, 0x4e92, 0x4e93, 0x4e93, 0x4e93, 0x4e94, 0x4e94, 0x4e94, 0x4e95, 0x4e95,
    0x4e95, 0x4e96, 0x4e96, 0x4e96, 0x4e97, 0x4e97, 0x4e97, 0x4e97, 0x4e98, 0x4e98, 0x4e98, 0x4e99, 0x4e99, 0x4e99, 0x4e9a, 0x4e9a,
    0x4e9a, 0x4e9b, 0x4e9b, 0x4e9b, 0x4e9c, 0x4e9c, 0x4e9c, 0x4e9c, 0x4e9d, 0x4e9d, 0x4e9d, 0x4e9e, 0x4e9e, 0x4e9e, 0x4e9f, 0x4e9f,
    0x4e9f, 0x4ea0, 0x4ea0, 0x4ea0, 0x4ea0, 0x4ea1, 0x4ea1, 0x4ea1, 0x4ea2, 0x4ea2, 0x4ea2, 0x4ea3, 0x4ea3, 0x4ea3, 0x4ea3, 0x4ea4,
    0x4ea4, 0x4ea4, 0x4ea5, 0x4ea5, 0x4ea5, 0x4ea6, 0x4ea6, 0x4ea6, 0x4ea6, 0x4ea7, 0x4ea7, 0x4ea7, 0x4ea8, 0x4ea8, 0x4ea8, 0x4ea8,
    0x4ea9, 0x4ea9, 0x4ea9, 0x4eaa, 0x4eaa, 0x4eaa, 0x4eaa, 0x4eab, 0x4eab, 0x4eab, 0x4eac, 0x4eac, 0x4eac, 0x4eac, 0x4ead, 0x4ead,
    0x4ead, 0x4eae, 0x4eae, 0x4eae, 0x4eae, 0x4eaf, 0x4eaf, 0x4eaf, 0x4eb0, 0x4eb0, 0x4eb0, 0x4eb0, 0x4eb1, 0x4eb1, 0x4eb1, 0x4eb1,
    0x4eb2, 0x4eb2, 0x4eb2, 0x4eb3, 0x4eb3, 0x4eb3, 0x4eb3, 0x4eb4, 0x4eb4, 0x4eb4, 0x4eb4, 0x4eb5, 0x4eb5, 0x4eb5, 0x4eb6, 0x4eb6,
    0x4eb6, 0x4eb6, 0x4eb7, 0x4eb7, 0x4eb7, 0x4eb7, 0x4eb8, 0x4eb8, 0x4eb8, 0x4eb8, 0x4eb9, 0x4eb9, 0x4eb9, 0x4eba, 0x4eba, 0x4eba,
    0x4eba, 0x4ebb, 0x4ebb, 0x4ebb, 0x4ebb, 0x4ebc, 0x4ebc, 0x4ebc, 0x4ebc, 0x4ebd, 0x4ebd, 0x4ebd, 0x4ebd, 0x4ebe, 0x4ebe, 0x4ebe,
    0x4ebe, 0x4ebf, 0x4ebf, 0x4ebf, 0x4ebf, 0x4ec0, 0x4ec0, 0x4ec0, 0x4ec0, 0x4ec1, 0x4ec1, 0x4ec1, 0x4ec2, 0x4ec2, 0x4ec2, 0x4ec2,
    0x4ec3, 0x4ec3, 0x4ec3, 0x4ec3, 0x4ec4, 0x4ec4, 0x4ec4, 0x4ec4, 0x4ec5, 0x4ec5, 0x4ec5, 0x4ec5, 0x4ec6, 0x4ec6, 0x4ec6, 0x4ec6,
    0x4ec6, 0x4ec7, 0x4ec7, 0x4ec7, 0x4ec7, 0x4ec8, 0x4ec8, 0x4ec8, 0x4ec8, 0x4ec9, 0x4ec9, 0x4ec9, 0x4ec9, 0x4eca, 0x4eca, 0x4eca,
    0x4eca, 0x4ecb, 0x4ecb, 0x4ecb, 0x4ecb, 0x4ecc, 0x4ecc, 0x4ecc, 0x4ecc, 0x4ecd, 0x4ecd, 0x4ecd, 0x4ecd, 0x4ecd, 0x4ece, 0x4ece,
    0x4ece, 0x4ece, 0x4ecf, 0x4ecf, 0x4ecf, 0x4ecf, 0x4ed0, 0x4ed0, 0x4ed0, 0x4ed0, 0x4ed1, 0x4ed1, 0x4ed1, 0x4ed1, 0x4ed1, 0x4ed2,
    0x4ed2, 0x4ed2, 0x4ed2, 0x4ed3, 0x4ed3, 0x4ed3, 0x4ed3, 0x4ed4, 0x4ed4, 0x4ed4, 0x4ed4, 0x4ed4, 0x4ed5, 0x4ed5, 0x4ed5, 0x4ed5,
    0x4ed6, 0x4ed6, 0x4ed6, 0x4ed6, 0x4ed6, 0x4ed7, 0x4ed7, 0x4ed7, 0x4ed7, 0x4ed8, 0x4ed8, 0x4ed8, 0x4ed8, 0x4ed8, 0x4ed9, 0x4ed9,
    0x4ed9, 0x4ed9, 0x4eda, 0x4eda, 0x4eda, 0x4eda, 0x4eda, 0x4edb, 0x4edb, 0x4edb, 0x4edb, 0x4edc, 0x4edc, 0x4edc, 0x4edc, 0x4edc,
    0x4edd, 0x4edd, 0x4edd, 0x4edd, 0x4ede, 0x4ede, 0x4ede, 0x4ede, 0x4ede, 0x4edf, 0x4edf, 0x4edf, 0x4edf, 0x4edf, 0x4ee0, 0x4ee0,
    0x4ee0, 0x4ee0, 0x4ee1, 0x4ee1, 0x4ee1, 0x4ee1, 0x4ee1, 0x4ee2, 0x4ee2, 0x4ee2, 0x4ee2, 0x4ee2, 0x4ee3, 0x4ee3, 0x4ee3, 0x4ee3,
    0x4ee4, 0x4ee4, 0x4ee4, 0x4ee4, 0x4ee4, 0x4ee5, 0x4ee5, 0x4ee5, 0x4ee5, 0x4ee5, 0x4ee6, 0x4ee6, 0x4ee6, 0x4ee6, 0x4ee6, 0x4ee7,
    0x4ee7, 0x4ee7, 0x4ee7, 0x4ee7, 0x4ee8, 0x4ee8, 0x4ee8, 0x4ee8, 0x4ee8, 0x4ee9, 0x4ee9, 0x4ee9, 0x4ee9, 0x4eea, 0x4eea, 0x4eea,
    0x4eea, 0x4eea, 0x4eeb, 0x4eeb, 0x4eeb, 0x4eeb, 0x4eeb, 0x4eec, 0x4eec, 0x4eec, 0x4eec, 0x4eec, 0x4eed, 0x4eed, 0x4eed, 0x4eed,
    0x4eed, 0x4eee, 0x4eee, 0x4eee, 0x4eee, 0x4eee, 0x4eef, 0x4eef, 0x4eef, 0x4eef, 0x4eef, 0x4eef, 0x4ef0, 0x4ef0, 0x4ef0, 0x4ef0,
    0x4ef0, 0x4ef1, 0x4ef1, 0x4ef1, 0x4ef1, 0x4ef1, 0x4ef2, 0x4ef2, 0x4ef2, 0x4ef2, 0x4ef2, 0x4ef3, 0x4ef3, 0x4ef3, 0x4ef3, 0x4ef3,
    0x4ef4, 0x4ef4, 0x4ef4, 0x4ef4, 0x4ef4, 0x4ef5, 0x4ef5, 0x4ef5, 0x4ef5, 0x4ef5, 0x4ef5, 0x4ef6, 0x4ef6, 0x4ef6, 0x4ef6, 0x4ef6,
    0x4ef7, 0x4ef7, 0x4ef7, 0x4ef7, 0x4ef7, 0x4ef8, 0x4ef8, 0x4ef8, 0x4ef8, 0x4ef8, 0x4ef9, 0x4ef9, 0x4ef9, 0x4ef9, 0x4ef9, 0x4ef9,
    0x4efa, 0x4efa, 0x4efa, 0x4efa, 0x4efa, 0x4efb, 0x4efb, 0x4efb, 0x4efb, 0x4efb, 0x4efb, 0x4efc, 0x4efc, 0x4efc, 0x4efc, 0x4efc,
    0x4efd, 0x4efd, 0x4efd, 0x4efd, 0x4efd, 0x4efe, 0x4efe, 0x4efe, 0x4efe, 0x4efe, 0x4efe, 0x4eff, 0x4eff, 0x4eff, 0x4eff, 0x4eff,
    0x4f00, 0x4f00, 0x4f00, 0x4f01, 0x4f01, 0x4f01, 0x4f02, 0x4f02, 0x4f02, 0x4f03, 0x4f03, 0x4f03, 0x4f04, 0x4f04, 0x4f04, 0x4f05,
    0x4f05, 0x4f06, 0x4f06, 0x4f06, 0x4f07, 0x4f07, 0x4f07, 0x4f08, 0x4f08, 0x4f08, 0x4f09, 0x4f09, 0x4f09, 0x4f0a, 0x4f0a, 0x4f0a,
    0x4f0b, 0x4f0b, 0x4f0b, 0x4f0c, 0x4f0c, 0x4f0c, 0x4f0d, 0x4f0d, 0x4f0d, 0x4f0e, 0x4f0e, 0x4f0e, 0x4f0f, 0x4f0f, 0x4f0f, 0x4f10,
    0x4f10, 0x4f10, 0x4f11, 0x4f11, 0x4f11, 0x4f12, 0x4f12, 0x4f12, 0x4f13, 0x4f13, 0x4f13, 0x4f14, 0x4f14, 0x4f14, 0x4f15, 0x4f15,
    0x4f15, 0x4f16, 0x4f16, 0x4f16, 0x4f17, 0x4f17, 0x4f17, 0x4f17, 0x4f18, 0x4f18, 0x4f18, 0x4f19, 0x4f19, 0x4f19, 0x4f1a, 0x4f1a,
    0x4f1a, 0x4f1b, 0x4f1b, 0x4f1b, 0x4f1c, 0x4f1c, 0x4f1c, 0x4f1c, 0x4f1d, 0x4f1d, 0x4f1d, 0x4f1e, 0x4f1e, 0x4f1e, 0x4f1f, 0x4f1f,
    0x4f1f, 0x4f20, 0x4f20, 0x4f20, 0x4f20, 0x4f21, 0x4f21, 0x4f21, 0x4f22, 0x4f22, 0x4f22, 0x4f23, 0x4f23, 0x4f23, 0x4f23, 0x4f24,
    0x4f24, 0x4f24, 0x4f25, 0x4f25, 0x4f25, 0x4f26, 0x4f26, 0x4f26, 0x4f26, 0x4f27, 0x4f27, 0x4f27, 0x4f28, 0x4f28, 0x4f28, 0x4f28,
    0x4f29, 0x4f29, 0x4f29, 0x4f2a, 0x4f2a, 0x4f2a, 0x4f2a, 0x4f2b, 0x4f2b, 0x4f2b, 0x4f2c, 0x4f2c, 0x4f2c, 0x4f2c, 0x4f2d, 0x4f2d,
    0x4f2d, 0x4f2e, 0x4f2e, 0x4f2e, 0x4f2e, 0x4f2f, 0x4f2f, 0x4f2f, 0x4f30, 0x4f30, 0x4f30, 0x4f30, 0x4f31, 0x4f31, 0x4f31, 0x4f31,
    0x4f32, 0x4f32, 0x4f32, 0x4f33, 0x4f33, 0x4f33, 0x4f33, 0x4f34, 0x4f34, 0x4f34, 0x4f34, 0x4f35, 0x4f35, 0x4f35, 0x4f36, 0x4f36,
    0x4f36, 0x4f36, 0x4f37, 0x4f37, 0x4f37, 0x4f37, 0x4f38, 0x4f38, 0x4f38, 0x4f38, 0x4f39, 0x4f39, 0x4f39, 0x4f3a, 0x4f3a, 0x4f3a,
    0x4f3a, 0x4f3b, 0x4f3b, 0x4f3b, 0x4f3b, 0x4f3c, 0x4f3c, 0x4f3c, 0x4f3c, 0x4f3d, 0x4f3d, 0x4f3d, 0x4f3d, 0x4f3e, 0x4f3e, 0x4f3e,
    0x4f3e, 0x4f3f, 0x4f3f, 0x4f3f, 0x4f3f, 0x4f40, 0x4f40, 0x4f40, 0x4f40, 0x4f41, 0x4f41, 0x4f41, 0x4f42, 0x4f42, 0x4f42, 0x4f42,
    0x4f43, 0x4f43, 0x4f43, 0x4f43, 0x4f44, 0x4f44, 0x4f44, 0x4f44, 0x4f45, 0x4f45, 0x4f45, 0x4f45, 0x4f46, 0x4f46, 0x4f46, 0x4f46,
    0x4f46, 0x4f47, 0x4f47, 0x4f47, 0x4f47, 0x4f48, 0x4f48, 0x4f48, 0x4f48, 0x4f49, 0x4f49, 0x4f49, 0x4f49, 0x4f4a, 0x4f4a, 0x4f4a,
    0x4f4a, 0x4f4b, 0x4f4b, 0x4f4b, 0x4f4b, 0x4f4c, 0x4f4c, 0x4f4c, 0x4f4c, 0x4f4d, 0x4f4d, 0x4f4d, 0x4f4d, 0x4f4d, 0x4f4e, 0x4f4e,
    0x4f4e, 0x4f4e, 0x4f4f, 0x4f4f, 0x4f4f, 0x4f4f, 0x4f50, 0x4f50, 0x4f50, 0x4f50, 0x4f51, 0x4f51, 0x4f51, 0x4f51, 0x4f51, 0x4f52,
    0x4f52, 0x4f52, 0x4f52, 0x4f53, 0x4f53, 0x4f53, 0x4f53, 0x4f54, 0x4f54, 0x4f54, 0x4f54, 0x4f54, 0x4f55, 0x4f55, 0x4f55, 0x4f55,
    0x4f56, 0x4f56, 0x4f56, 0x4f56, 0x4f56, 0x4f57, 0x4f57, 0x4f57, 0x4f57, 0x4f58, 0x4f58, 0x4f58, 0x4f58, 0x4f58, 0x4f59, 0x4f59,
    0x4f59, 0x4f59, 0x4f5a, 0x4f5a, 0x4f5a, 0x4f5a, 0x4f5a, 0x4f5b, 0x4f5b, 0x4f5b, 0x4f5b, 0x4f5c, 0x4f5c, 0x4f5c, 0x4f5c, 0x4f5c,
    0x4f5d, 0x4f5d, 0x4f5d, 0x4f5d, 0x4f5e, 0x4f5e, 0x4f5e, 0x4f5e, 0x4f5e, 0x4f5f, 0x4f5f, 0x4f5f, 0x4f5f, 0x4f5f, 0x4f60, 0x4f60,
    0x4f60, 0x4f60, 0x4f61, 0x4f61, 0x4f61, 0x4f61, 0x4f61, 0x4f62, 0x4f62, 0x4f62, 0x4f62, 0x4f62, 0x4f63, 0x4f63, 0x4f63, 0x4f63,
    0x4f64, 0x4f64, 0x4f64, 0x4f64, 0x4f64, 0x4f65, 0x4f65, 0x4f65, 0x4f65, 0x4f65, 0x4f66, 0x4f66, 0x4f66, 0x4f66, 0x4f66, 0x4f67,
    0x4f67, 0x4f67, 0x4f67, 0x4f67, 0x4f68, 0x4f68, 0x4f68, 0x4f68, 0x4f68, 0x4f69, 0x4f69, 0x4f69, 0x4f69, 0x4f6a, 0x4f6a, 0x4f6a,
    0x4f6a, 0x4f6a, 0x4f6b, 0x4f6b, 0x4f6b, 0x4f6b, 0x4f6b, 0x4f6c, 0x4f6c, 0x4f6c, 0x4f6c, 0x4f6c, 0x4f6d, 0x4f6d, 0x4f6d, 0x4f6d,
    0x4f6d, 0x4f6e, 0x4f6e, 0x4f6e, 0x4f6e, 0x4f6e, 0x4f6f, 0x4f6f, 0x4f6f, 0x4f6f, 0x4f6f, 0x4f6f, 0x4f70, 0x4f70, 0x4f70, 0x4f70,
    0x4f70, 0x4f71, 0x4f71, 0x4f71, 0x4f71, 0x4f71, 0x4f72, 0x4f72, 0x4f72, 0x4f72, 0x4f72, 0x4f73, 0x4f73, 0x4f73, 0x4f73, 0x4f73,
    0x4f74, 0x4f74, 0x4f74, 0x4f74, 0x4f74, 0x4f75, 0x4f75, 0x4f75, 0x4f75, 0x4f75, 0x4f75, 0x4f76, 0x4f76, 0x4f76, 0x4f76, 0x4f76,
    0x4f77, 0x4f77, 0x4f77, 0x4f77, 0x4f77, 0x4f78, 0x4f78, 0x4f78, 0x4f78, 0x4f78, 0x4f79, 0x4f79, 0x4f79, 0x4f79, 0x4f79, 0x4f79,
    0x4f7a, 0x4f7a, 0x4f7a, 0x4f7a, 0x4f7a, 0x4f7b, 0x4f7b, 0x4f7b, 0x4f7b, 0x4f7b, 0x4f7b, 0x4f7c, 0x4f7c, 0x4f7c, 0x4f7c, 0x4f7c,
    0x4f7d, 0x4f7d, 0x4f7d, 0x4f7d, 0x4f7d, 0x4f7e, 0x4f7e, 0x4f7e, 0x4f7e, 0x4f7e, 0x4f7e, 0x4f7f, 0x4f7f, 0x4f7f, 0x4f7f, 0x4f7f,
    0x4f80, 0x4f80, 0x4f80, 0x4f81, 0x4f81, 0x4f81, 0x4f82, 0x4f82, 0x4f82, 0x4f83, 0x4f83, 0x4f83, 0x4f84, 0x4f84, 0x4f84, 0x4f85,
    0x4f85, 0x4f86, 0x4f86, 0x4f86, 0x4f87, 0x4f87, 0x4f87, 0x4f88, 0x4f88, 0x4f88, 0x4f89, 0x4f89, 0x4f89, 0x4f8a, 0x4f8a, 0x4f8a,
    0x4f8b, 0x4f8b, 0x4f8b, 0x4f8c, 0x4f8c, 0x4f8c, 0x4f8d, 0x4f8d, 0x4f8d, 0x4f8e, 0x4f8e, 0x4f8e, 0x4f8f, 0x4f8f, 0x4f8f, 0x4f90,
    0x4f90, 0x4f90, 0x4f91, 0x4f91, 0x4f91, 0x4f92, 0x4f92, 0x4f92, 0x4f93, 0x4f93, 0x4f93, 0x4f94, 0x4f94, 0x4f94, 0x4f95, 0x4f95,
    0x4f95, 0x4f96, 0x4f96, 0x4f96, 0x4f97, 0x4f97, 0x4f97, 0x4f97, 0x4f98, 0x4f98, 0x4f98, 0x4f99, 0x4f99, 0x4f99, 0x4f9a, 0x4f9a,
    0x4f9a, 0x4f9b, 0x4f9b, 0x4f9b, 0x4f9c, 0x4f9c, 0x4f9c, 0x4f9c, 0x4f9d, 0x4f9d, 0x4f9d, 0x4f9e, 0x4f9e, 0x4f9e, 0x4f9f, 0x4f9f,
    0x4f9f, 0x4fa0, 0x4fa0, 0x4fa0, 0x4fa0, 0x4fa1, 0x4fa1, 0x4fa1, 0x4fa2, 0x4fa2, 0x4fa2, 0x4fa3, 0x4fa3, 0x4fa3, 0x4fa3, 0x4fa4,
    0x4fa4, 0x4fa4, 0x4fa5, 0x4fa5, 0x4fa5, 0x4fa6, 0x4fa6, 0x4fa6, 0x4fa6, 0x4fa7, 0x4fa7, 0x4fa7, 0x4fa8, 0x4fa8, 0x4fa8, 0x4fa8,
    0x4fa9, 0x4fa9, 0x4fa9, 0x4faa, 0x4faa, 0x4faa, 0x4faa, 0x4fab, 0x4fab, 0x4fab, 0x4fac, 0x4fac, 0x4fac, 0x4fac, 0x4fad, 0x4fad,
    0x4fad, 0x4fae, 0x4fae, 0x4fae, 0x4fae, 0x4faf, 0x4faf, 0x4faf, 0x4fb0, 0x4fb0, 0x4fb0, 0x4fb0, 0x4fb1, 0x4fb1, 0x4fb1, 0x4fb1,
    0x4fb2, 0x4fb2, 0x4fb2, 0x4fb3, 0x4fb3, 0x4fb3, 0x4fb3, 0x4fb4, 0x4fb4, 0x4fb4, 0x4fb4, 0x4fb5, 0x4fb5, 0x4fb5, 0x4fb6, 0x4fb6,
    0x4fb6, 0x4fb6, 0x4fb7, 0x4fb7, 0x4fb7, 0x4fb7, 0x4fb8, 0x4fb8, 0x4fb8, 0x4fb8, 0x4fb9, 0x4fb9, 0x4fb9, 0x4fba, 0x4fba, 0x4fba,
    0x4fba, 0x4fbb, 0x4fbb, 0x4fbb, 0x4fbb, 0x4fbc, 0x4fbc, 0x4fbc, 0x4fbc, 0x4fbd, 0x4fbd, 0x4fbd, 0x4fbd, 0x4fbe, 0x4fbe, 0x4fbe,
    0x4fbe, 0x4fbf, 0x4fbf, 0x4fbf, 0x4fbf, 0x4fc0, 0x4fc0, 0x4fc0, 0x4fc0, 0x4fc1, 0x4fc1, 0x4fc1, 0x4fc2, 0x4fc2, 0x4fc2, 0x4fc2,
    0x4fc3, 0x4fc3, 0x4fc3, 0x4fc3, 0x4fc4, 0x4fc4, 0x4fc4, 0x4fc4, 0x4fc5, 0x4fc5, 0x4fc5, 0x4fc5, 0x4fc6, 0x4fc6, 0x4fc6, 0x4fc6,
    0x4fc6, 0x4fc7, 0x4fc7, 0x4fc7, 0x4fc7, 0x4fc8, 0x4fc8, 0x4fc8, 0x4fc8, 0x4fc9, 0x4fc9, 0x4fc9, 0x4fc9, 0x4fca, 0x4fca, 0x4fca,
    0x4fca, 0x4fcb, 0x4fcb, 0x4fcb, 0x4fcb, 0x4fcc, 0x4fcc, 0x4fcc, 0x4fcc, 0x4fcd, 0x4fcd, 0x4fcd, 0x4fcd, 0x4fcd, 0x4fce, 0x4fce,
    0x4fce, 0x4fce, 0x4fcf, 0x4fcf, 0x4fcf, 0x4fcf, 0x4fd0, 0x4fd0, 0x4fd0, 0x4fd0, 0x4fd1, 0x4fd1, 0x4fd1, 0x4fd1, 0x4fd1, 0x4fd2,
    0x4fd2, 0x4fd2, 0x4fd2, 0x4fd3, 0x4fd3, 0x4fd3, 0x4fd3, 0x4fd4, 0x4fd4, 0x4fd4, 0x4fd4, 0x4fd4, 0x4fd5, 0x4fd5, 0x4fd5, 0x4fd5,
    0x4fd6, 0x4fd6, 0x4fd6, 0x4fd6, 0x4fd6, 0x4fd7, 0x4fd7, 0x4fd7, 0x4fd7, 0x4fd8, 0x4fd8, 0x4fd8, 0x4fd8, 0x4fd8, 0x4fd9, 0x4fd9,
    0x4fd9, 0x4fd9, 0x4fda, 0x4fda, 0x4fda, 0x4fda, 0x4fda, 0x4fdb, 0x4fdb, 0x4fdb, 0x4fdb, 0x4fdc, 0x4fdc, 0x4fdc, 0x4fdc, 0x4fdc,
    0x4fdd, 0x4fdd, 0x4fdd, 0x4fdd, 0x4fde, 0x4fde, 0x4fde, 0x4fde, 0x4fde, 0x4fdf, 0x4fdf, 0x4fdf, 0x4fdf, 0x4fdf, 0x4fe0, 0x4fe0,
    0x4fe0, 0x4fe0, 0x4fe1, 0x4fe1, 0x4fe1, 0x4fe1, 0x4fe1, 0x4fe2, 0x4fe2, 0x4fe2, 0x4fe2, 0x4fe2, 0x4fe3, 0x4fe3, 0x4fe3, 0x4fe3,
    0x4fe4, 0x4fe4, 0x4fe4, 0x4fe4, 0x4fe4, 0x4fe5, 0x4fe5, 0x4fe5, 0x4fe5, 0x4fe5, 0x4fe6, 0x4fe6, 0x4fe6, 0x4fe6, 0x4fe6, 0x4fe7,
    0x4fe7, 0x4fe7, 0x4fe7, 0x4fe7, 0x4fe8, 0x4fe8, 0x4fe8, 0x4fe8, 0x4fe8, 0x4fe9, 0x4fe9, 0x4fe9, 0x4fe9, 0x4fea, 0x4fea, 0x4fea,
    0x4fea, 0x4fea, 0x4feb, 0x4feb, 0x4feb, 0x4feb, 0x4feb, 0x4fec, 0x4fec, 0x4fec, 0x4fec, 0x4fec, 0x4fed, 0x4fed, 0x4fed, 0x4fed,
    0x4fed, 0x4fee, 0x4fee, 0x4fee, 0x4fee, 0x4fee, 0x4fef, 0x4fef, 0x4fef, 0x4fef, 0x4fef, 0x4fef, 0x4ff0, 0x4ff0, 0x4ff0, 0x4ff0,
    0x4ff0, 0x4ff1, 0x4ff1, 0x4ff1, 0x4ff1, 0x4ff1, 0x4ff2, 0x4ff2, 0x4ff2, 0x4ff2, 0x4ff2, 0x4ff3, 0x4ff3, 0x4ff3, 0x4ff3, 0x4ff3,
    0x4ff4, 0x4ff4, 0x4ff4, 0x4ff4, 0x4ff4, 0x4ff5, 0x4ff5, 0x4ff5, 0x4ff5, 0x4ff5, 0x4ff5, 0x4ff6, 0x4ff6, 0x4ff6, 0x4ff6, 0x4ff6,
    0x4ff7, 0x4ff7, 0x4ff7, 0x4ff7, 0x4ff7, 0x4ff8, 0x4ff8, 0x4ff8, 0x4ff8, 0x4ff8, 0x4ff9, 0x4ff9, 0x4ff9, 0x4ff9, 0x4ff9, 0x4ff9,
    0x4ffa, 0x4ffa, 0x4ffa, 0x4ffa, 0x4ffa, 0x4ffb, 0x4ffb, 0x4ffb, 0x4ffb, 0x4ffb, 0x4ffb, 0x4ffc, 0x4ffc, 0x4ffc, 0x4ffc, 0x4ffc,
    0x4ffd, 0x4ffd, 0x4ffd, 0x4ffd, 0x4ffd, 0x4ffe, 0x4ffe, 0x4ffe, 0x4ffe, 0x4ffe, 0x4ffe, 0x4fff, 0x4fff, 0x4fff, 0x4fff, 0x4fff,
    0x5000, 0x5000, 0x5000, 0x5001, 0x5001, 0x5001, 0x5002, 0x5002, 0x5002, 0x5003, 0x5003, 0x5003, 0x5004, 0x5004, 0x5004, 0x5005,
    0x5005, 0x5005, 0x5006, 0x5006, 0x5006, 0x5007, 0x5007, 0x5007, 0x5008, 0x5008, 0x5008, 0x5009, 0x5009, 0x5009, 0x500a, 0x500a,
    0x500a, 0x500b, 0x500b, 0x500b, 0x500c, 0x500c, 0x500c, 0x500d, 0x500d, 0x500d, 0x500e, 0x500e, 0x500e, 0x500e, 0x500f, 0x500f,
    0x500f, 0x5010, 0x5010, 0x5010, 0x5011, 0x5011, 0x5011, 0x5011, 0x5012, 0x5012, 0x5012, 0x5013, 0x5013, 0x5013, 0x5014, 0x5014,
    0x5014, 0x5014, 0x5015, 0x5015, 0x5015, 0x5016, 0x5016, 0x5016, 0x5016, 0x5017, 0x5017, 0x5017, 0x5018, 0x5018, 0x5018, 0x5018,
    0x5019, 0x5019, 0x5019, 0x5019, 0x501a, 0x501a, 0x501a, 0x501b, 0x501b, 0x501b, 0x501b, 0x501c, 0x501c, 0x501c, 0x501c, 0x501d,
    0x501d, 0x501d, 0x501d, 0x501e, 0x501e, 0x501e, 0x501e, 0x501f, 0x501f, 0x501f, 0x501f, 0x5020, 0x5020, 0x5020, 0x5021, 0x5021,
    0x5021, 0x5021, 0x5022, 0x5022, 0x5022, 0x5022, 0x5023, 0x5023, 0x5023, 0x5023, 0x5023, 0x5024, 0x5024, 0x5024, 0x5024, 0x5025,
    0x5025, 0x5025, 0x5025, 0x5026, 0x5026, 0x5026, 0x5026, 0x5027, 0x5027, 0x5027, 0x5027, 0x5028, 0x5028, 0x5028, 0x5028, 0x5028,
    0x5029, 0x5029, 0x5029, 0x5029, 0x502a, 0x502a, 0x502a, 0x502a, 0x502b, 0x502b, 0x502b, 0x502b, 0x502b, 0x502c, 0x502c, 0x502c,
    0x502c, 0x502d, 0x502d, 0x502d, 0x502d, 0x502d, 0x502e, 0x502e, 0x502e, 0x502e, 0x502f, 0x502f, 0x502f, 0x502f, 0x502f, 0x5030,
    0x5030, 0x5030, 0x5030, 0x5030, 0x5031, 0x5031, 0x5031, 0x5031, 0x5032, 0x5032, 0x5032, 0x5032, 0x5032, 0x5033, 0x5033, 0x5033,
    0x5033, 0x5033, 0x5034, 0x5034, 0x5034, 0x5034, 0x5034, 0x5035, 0x5035, 0x5035, 0x5035, 0x5035, 0x5036, 0x5036, 0x5036, 0x5036,
    0x5036, 0x5037, 0x5037, 0x5037, 0x5037, 0x5037, 0x5038, 0x5038, 0x5038, 0x5038, 0x5038, 0x5039, 0x5039, 0x5039, 0x5039, 0x5039,
    0x503a, 0x503a, 0x503a, 0x503a, 0x503a, 0x503a, 0x503b, 0x503b, 0x503b, 0x503b, 0x503b, 0x503c, 0x503c, 0x503c, 0x503c, 0x503c,
    0x503d, 0x503d, 0x503d, 0x503d, 0x503d, 0x503d, 0x503e, 0x503e, 0x503e, 0x503e, 0x503e, 0x503f, 0x503f, 0x503f, 0x503f, 0x503f,
    0x5040, 0x5040, 0x5040, 0x5041, 0x5041, 0x5041, 0x5042, 0x5042, 0x5042, 0x5043, 0x5043, 0x5043, 0x5044, 0x5044, 0x5044, 0x5045,
    0x5045, 0x5045, 0x5046, 0x5046, 0x5046, 0x5047, 0x5047, 0x5047, 0x5048, 0x5048, 0x5048, 0x5049, 0x5049, 0x5049, 0x504a, 0x504a,
    0x504a, 0x504b, 0x504b, 0x504b, 0x504c, 0x504c, 0x504c, 0x504d, 0x504d, 0x504d, 0x504e, 0x504e, 0x504e, 0x504e, 0x504f, 0x504f,
    0x504f, 0x5050, 0x5050, 0x5050, 0x5051, 0x5051, 0x5051, 0x5051, 0x5052, 0x5052, 0x5052, 0x5053, 0x5053, 0x5053, 0x5054, 0x5054,
    0x5054, 0x5054, 0x5055, 0x5055, 0x5055, 0x5056, 0x5056, 0x5056, 0x5056, 0x5057, 0x5057, 0x5057, 0x5058, 0x5058, 0x5058, 0x5058,
    0x5059, 0x5059, 0x5059, 0x5059, 0x505a, 0x505a, 0x505a, 0x505b, 0x505b, 0x505b, 0x505b, 0x505c, 0x505c, 0x505c, 0x505c, 0x505d,
    0x505d, 0x505d, 0x505d, 0x505e, 0x505e, 0x505e, 0x505e, 0x505f, 0x505f, 0x505f, 0x505f, 0x5060, 0x5060, 0x5060, 0x5061, 0x5061,
    0x5061, 0x5061, 0x5062, 0x5062, 0x5062, 0x5062, 0x5063, 0x5063, 0x5063, 0x5063, 0x5063, 0x5064, 0x5064, 0x5064, 0x5064, 0x5065,
    0x5065, 0x5065, 0x5065, 0x5066, 0x5066, 0x5066, 0x5066, 0x5067, 0x5067, 0x5067, 0x5067, 0x5068, 0x5068, 0x5068, 0x5068, 0x5068,
    0x5069, 0x5069, 0x5069, 0x5069, 0x506a, 0x506a, 0x506a, 0x506a, 0x506b, 0x506b, 0x506b, 0x506b, 0x506b, 0x506c, 0x506c, 0x506c,
    0x506c, 0x506d, 0x506d, 0x506d, 0x506d, 0x506d, 0x506e, 0x506e, 0x506e, 0x506e, 0x506f, 0x506f, 0x506f, 0x506f, 0x506f, 0x5070,
    0x5070, 0x5070, 0x5070, 0x5070, 0x5071, 0x5071, 0x5071, 0x5071, 0x5072, 0x5072, 0x5072, 0x5072, 0x5072, 0x5073, 0x5073, 0x5073,
    0x5073, 0x5073, 0x5074, 0x5074, 0x5074, 0x5074, 0x5074, 0x5075, 0x5075, 0x5075, 0x5075, 0x5075, 0x5076, 0x5076, 0x5076, 0x5076,
    0x5076, 0x5077, 0x5077, 0x5077, 0x5077, 0x5077, 0x5078, 0x5078, 0x5078, 0x5078, 0x5078, 0x5079, 0x5079, 0x5079, 0x5079, 0x5079,
    0x507a, 0x507a, 0x507a, 0x507a, 0x507a, 0x507a, 0x507b, 0x507b, 0x507b, 0x507b, 0x507b, 0x507c, 0x507c, 0x507c, 0x507c, 0x507c,
    0x507d, 0x507d, 0x507d, 0x507d, 0x507d, 0x507d, 0x507e, 0x507e, 0x507e, 0x507e, 0x507e, 0x507f, 0x507f, 0x507f, 0x507f, 0x507f,
    0x5080, 0x5080, 0x5080, 0x5081, 0x5081, 0x5081, 0x5082, 0x5082, 0x5082, 0x5083, 0x5083, 0x5083, 0x5084, 0x5084, 0x5084, 0x5085,
    0x5085, 0x5085, 0x5086, 0x5086, 0x5086, 0x5087, 0x5087, 0x5087, 0x5088, 0x5088, 0x5088, 0x5089, 0x5089, 0x5089, 0x508a, 0x508a,
    0x508a, 0x508b, 0x508b, 0x508b, 0x508c, 0x508c, 0x508c, 0x508d, 0x508d, 0x508d, 0x508e, 0x508e, 0x508e, 0x508e, 0x508f, 0x508f,
    0x508f, 0x5090, 0x5090, 0x5090, 0x5091, 0x5091, 0x5091, 0x5091, 0x5092, 0x5092, 0x5092, 0x5093, 0x5093, 0x5093, 0x5094, 0x5094,
    0x5094, 0x5094, 0x5095, 0x5095, 0x5095, 0x5096, 0x5096, 0x5096, 0x5096, 0x5097, 0x5097, 0x5097, 0x5098, 0x5098, 0x5098, 0x5098,
    0x5099, 0x5099, 0x5099, 0x5099, 0x509a, 0x509a, 0x509a, 0x509b, 0x509b, 0x509b, 0x509b, 0x509c, 0x509c, 0x509c, 0x509c, 0x509d,
    0x509d, 0x509d, 0x509d, 0x509e, 0x509e, 0x509e, 0x509e, 0x509f, 0x509f, 0x509f, 0x509f, 0x50a0, 0x50a0, 0x50a0, 0x50a1, 0x50a1,
    0x50a1, 0x50a1, 0x50a2, 0x50a2, 0x50a2, 0x50a2, 0x50a3, 0x50a3, 0x50a3, 0x50a3, 0x50a3, 0x50a4, 0x50a4, 0x50a4, 0x50a4, 0x50a5,
    0x50a5, 0x50a5, 0x50a5, 0x50a6, 0x50a6, 0x50a6, 0x50a6, 0x50a7, 0x50a7, 0x50a7, 0x50a7, 0x50a8, 0x50a8, 0x50a8, 0x50a8, 0x50a8,
    0x50a9, 0x50a9, 0x50a9, 0x50a9, 0x50aa, 0x50aa, 0x50aa, 0x50aa, 0x50ab, 0x50ab, 0x50ab, 0x50ab, 0x50ab, 0x50ac, 0x50ac, 0x50ac,
    0x50ac, 0x50ad, 0x50ad, 0x50ad, 0x50ad, 0x50ad, 0x50ae, 0x50ae, 0x50ae, 0x50ae, 0x50af, 0x50af, 0x50af, 0x50af, 0x50af, 0x50b0,
    0x50b0, 0x50b0, 0x50b0, 0x50b0, 0x50b1, 0x50b1, 0x50b1, 0x50b1, 0x50b2, 0x50b2, 0x50b2, 0x50b2, 0x50b2, 0x50b3, 0x50b3, 0x50b3,
    0x50b3, 0x50b3, 0x50b4, 0x50b4, 0x50b4, 0x50b4, 0x50b4, 0x50b5, 0x50b5, 0x50b5, 0x50b5, 0x50b5, 0x50b6, 0x50b6, 0x50b6, 0x50b6,
    0x50b6, 0x50b7, 0x50b7, 0x50b7, 0x50b7, 0x50b7, 0x50b8, 0x50b8, 0x50b8, 0x50b8, 0x50b8, 0x50b9, 0x50b9, 0x50b9, 0x50b9, 0x50b9,
    0x50ba, 0x50ba, 0x50ba, 0x50ba, 0x50ba, 0x50ba, 0x50bb, 0x50bb, 0x50bb, 0x50bb, 0x50bb, 0x50bc, 0x50bc, 0x50bc, 0x50bc, 0x50bc,
    0x50bd, 0x50bd, 0x50bd, 0x50bd, 0x50bd, 0x50bd, 0x50be, 0x50be, 0x50be, 0x50be, 0x50be, 0x50bf, 0x50bf, 0x50bf, 0x50bf, 0x50bf,
    0x50c0, 0x50c0, 0x50c0, 0x50c1, 0x50c1, 0x50c1, 0x50c2, 0x50c2, 0x50c2, 0x50c3, 0x50c3, 0x50c3, 0x50c4, 0x50c4, 0x50c4, 0x50c5,
    0x50c5, 0x50c5, 0x50c6, 0x50c6, 0x50c6, 0x50c7, 0x50c7, 0x50c7, 0x50c8, 0x50c8, 0x50c8, 0x50c9, 0x50c9, 0x50c9, 0x50ca, 0x50ca,
    0x50ca, 0x50cb, 0x50cb, 0x50cb, 0x50cc, 0x50cc, 0x50cc, 0x50cd, 0x50cd, 0x50cd, 0x50ce, 0x50ce, 0x50ce, 0x50ce, 0x50cf, 0x50cf,
    0x50cf, 0x50d0, 0x50d0, 0x50d0, 0x50d1, 0x50d1, 0x50d1, 0x50d1, 0x50d2, 0x50d2, 0x50d2, 0x50d3, 0x50d3, 0x50d3, 0x50d4, 0x50d4,
    0x50d4, 0x50d4, 0x50d5, 0x50d5, 0x50d5, 0x50d6, 0x50d6, 0x50d6, 0x50d6, 0x50d7, 0x50d7, 0x50d7, 0x50d8, 0x50d8, 0x50d8, 0x50d8,
    0x50d9, 0x50d9, 0x50d9, 0x50d9, 0x50da, 0x50da, 0x50da, 0x50db, 0x50db, 0x50db, 0x50db, 0x50dc, 0x50dc, 0x50dc, 0x50dc, 0x50dd,
    0x50dd, 0x50dd, 0x50dd, 0x50de, 0x50de, 0x50de, 0x50de, 0x50df, 0x50df, 0x50df, 0x50df, 0x50e0, 0x50e0, 0x50e0, 0x50e1, 0x50e1,
    0x50e1, 0x50e1, 0x50e2, 0x50e2, 0x50e2, 0x50e2, 0x50e3, 0x50e3, 0x50e3, 0x50e3, 0x50e3, 0x50e4, 0x50e4, 0x50e4, 0x50e4, 0x50e5,
    0x50e5, 0x50e5, 0x50e5, 0x50e6, 0x50e6, 0x50e6, 0x50e6, 0x50e7, 0x50e7, 0x50e7, 0x50e7, 0x50e8, 0x50e8, 0x50e8, 0x50e8, 0x50e8,
    0x50e9, 0x50e9, 0x50e9, 0x50e9, 0x50ea, 0x50ea, 0x50ea, 0x50ea, 0x50eb, 0x50eb, 0x50eb, 0x50eb, 0x50eb, 0x50ec, 0x50ec, 0x50ec,
    0x50ec, 0x50ed, 0x50ed, 0x50ed, 0x50ed, 0x50ed, 0x50ee, 0x50ee, 0x50ee, 0x50ee, 0x50ef, 0x50ef, 0x50ef, 0x50ef, 0x50ef, 0x50f0,
    0x50f0, 0x50f0, 0x50f0, 0x50f0, 0x50f1, 0x50f1, 0x50f1, 0x50f1, 0x50f2, 0x50f2, 0x50f2, 0x50f2, 0x50f2, 0x50f3, 0x50f3, 0x50f3,
    0x50f3, 0x50f3, 0x50f4, 0x50f4, 0x50f4, 0x50f4, 0x50f4, 0x50f5, 0x50f5, 0x50f5, 0x50f5, 0x50f5, 0x50f6, 0x50f6, 0x50f6, 0x50f6,
    0x50f6, 0x50f7, 0x50f7, 0x50f7, 0x50f7, 0x50f7, 0x50f8, 0x50f8, 0x50f8, 0x50f8, 0x50f8, 0x50f9, 0x50f9, 0x50f9, 0x50f9, 0x50f9,
    0x50fa, 0x50fa, 0x50fa, 0x50fa, 0x50fa, 0x50fa, 0x50fb, 0x50fb, 0x50fb, 0x50fb, 0x50fb, 0x50fc, 0x50fc, 0x50fc, 0x50fc, 0x50fc,
    0x50fd, 0x50fd, 0x50fd, 0x50fd, 0x50fd, 0x50fd, 0x50fe, 0x50fe, 0x50fe, 0x50fe, 0x50fe, 0x50ff, 0x50ff, 0x50ff, 0x50ff, 0x50ff,
    0x5100, 0x5100, 0x5100, 0x5101, 0x5101, 0x5101, 0x5102, 0x5102, 0x5102, 0x5103, 0x5103, 0x5103, 0x5104, 0x5104, 0x5104, 0x5105,
    0x5105, 0x5105, 0x5106, 0x5106, 0x5106, 0x5107, 0x5107, 0x5107, 0x5108, 0x5108, 0x5108, 0x5109, 0x5109, 0x5109, 0x510a, 0x510a,
    0x510a, 0x510b, 0x510b, 0x510b, 0x510c, 0x510c, 0x510c, 0x510d, 0x510d, 0x510d, 0x510e, 0x510e, 0x510e, 0x510e, 0x510f, 0x510f,
    0x510f, 0x5110, 0x5110, 0x5110, 0x5111, 0x5111, 0x5111, 0x5111, 0x5112, 0x5112, 0x5112, 0x5113, 0x5113, 0x5113, 0x5114, 0x5114,
    0x5114, 0x5114, 0x5115, 0x5115, 0x5115, 0x5116, 0x5116, 0x5116, 0x5116, 0x5117, 0x5117, 0x5117, 0x5118, 0x5118, 0x5118, 0x5118,
    0x5119, 0x5119, 0x5119, 0x5119, 0x511a, 0x511a, 0x511a, 0x511b, 0x511b, 0x511b, 0x511b, 0x511c, 0x511c, 0x511c, 0x511c, 0x511d,
    0x511d, 0x511d, 0x511d, 0x511e, 0x511e, 0x511e, 0x511e, 0x511f, 0x511f, 0x511f, 0x511f, 0x5120, 0x5120, 0x5120, 0x5121, 0x5121,
    0x5121, 0x5121, 0x5122, 0x5122, 0x5122, 0x5122, 0x5123, 0x5123, 0x5123, 0x5123, 0x5123, 0x5124, 0x5124, 0x5124, 0x5124, 0x5125,
    0x5125, 0x5125, 0x5125, 0x5126, 0x5126, 0x5126, 0x5126, 0x5127, 0x5127, 0x5127, 0x5127, 0x5128, 0x5128, 0x5128, 0x5128, 0x5128,
    0x5129, 0x5129, 0x5129, 0x5129, 0x512a, 0x512a, 0x512a, 0x512a, 0x512b, 0x512b, 0x512b, 0x512b, 0x512b, 0x512c, 0x512c, 0x512c,
    0x512c, 0x512d, 0x512d, 0x512d, 0x512d, 0x512d, 0x512e, 0x512e, 0x512e, 0x512e, 0x512f, 0x512f, 0x512f, 0x512f, 0x512f, 0x5130,
    0x5130, 0x5130, 0x5130, 0x5130, 0x5131, 0x5131, 0x5131, 0x5131, 0x5132, 0x5132, 0x5132, 0x5132, 0x5132, 0x5133, 0x5133, 0x5133,
    0x5133, 0x5133, 0x5134, 0x5134, 0x5134, 0x5134, 0x5134, 0x5135, 0x5135, 0x5135, 0x5135, 0x5135, 0x5136, 0x5136, 0x5136, 0x5136,
    0x5136, 0x5137, 0x5137, 0x5137, 0x5137, 0x5137, 0x5138, 0x5138, 0x5138, 0x5138, 0x5138, 0x5139, 0x5139, 0x5139, 0x5139, 0x5139,
    0x513a, 0x513a, 0x513a, 0x513a, 0x513a, 0x513a, 0x513b, 0x513b, 0x513b, 0x513b, 0x513b, 0x513c, 0x513c, 0x513c, 0x513c, 0x513c,
    0x513d, 0x513d, 0x513d, 0x513d, 0x513d, 0x513d, 0x513e, 0x513e, 0x513e, 0x513e, 0x513e, 0x513f, 0x513f, 0x513f, 0x513f, 0x513f,
    0x5140, 0x5140, 0x5140, 0x5141, 0x5141, 0x5141, 0x5142, 0x5142, 0x5142, 0x5143, 0x5143, 0x5143, 0x5144, 0x5144, 0x5144, 0x5145,
    0x5145, 0x5145, 0x5146, 0x5146, 0x5146, 0x5147, 0x5147, 0x5147, 0x5148, 0x5148, 0x5148, 0x5149, 0x5149, 0x5149, 0x514a, 0x514a,
    0x514a, 0x514b, 0x514b, 0x514b, 0x514c, 0x514c, 0x514c, 0x514d, 0x514d, 0x514d, 0x514e, 0x514e, 0x514e, 0x514e, 0x514f, 0x514f,
    0x514f, 0x5150, 0x5150, 0x5150, 0x5151, 0x5151, 0x5151, 0x5151, 0x5152, 0x5152, 0x5152, 0x5153, 0x5153, 0x5153, 0x5154, 0x5154,
    0x5154, 0x5154, 0x5155, 0x5155, 0x5155, 0x5156, 0x5156, 0x5156, 0x5156, 0x5157, 0x5157, 0x5157, 0x5158, 0x5158, 0x5158, 0x5158,
    0x5159, 0x5159, 0x5159, 0x5159, 0x515a, 0x515a, 0x515a, 0x515b, 0x515b, 0x515b, 0x515b, 0x515c, 0x515c, 0x515c, 0x515c, 0x515d,
    0x515d, 0x515d, 0x515d, 0x515e, 0x515e, 0x515e, 0x515e, 0x515f, 0x515f, 0x515f, 0x515f, 0x5160, 0x5160, 0x5160, 0x5161, 0x5161,
    0x5161, 0x5161, 0x5162, 0x5162, 0x5162, 0x5162, 0x5163, 0x5163, 0x5163, 0x5163, 0x5163, 0x5164, 0x5164, 0x5164, 0x5164, 0x5165,
    0x5165, 0x5165, 0x5165, 0x5166, 0x5166, 0x5166, 0x5166, 0x5167, 0x5167, 0x5167, 0x5167, 0x5168, 0x5168, 0x5168, 0x5168, 0x5168,
    0x5169, 0x5169, 0x5169, 0x5169, 0x516a, 0x516a, 0x516a, 0x516a, 0x516b, 0x516b, 0x516b, 0x516b, 0x516b, 0x516c, 0x516c, 0x516c,
    0x516c, 0x516d, 0x516d, 0x516d, 0x516d, 0x516d, 0x516e, 0x516e, 0x516e, 0x516e, 0x516f, 0x516f, 0x516f, 0x516f, 0x516f, 0x5170,
    0x5170, 0x5170, 0x5170, 0x5170, 0x5171, 0x5171, 0x5171, 0x5171, 0x5172, 0x5172, 0x5172, 0x5172, 0x5172, 0x5173, 0x5173, 0x5173,
    0x5173, 0x5173, 0x5174, 0x5174, 0x5174, 0x5174, 0x5174, 0x5175, 0x5175, 0x5175, 0x5175, 0x5175, 0x5176, 0x5176, 0x5176, 0x5176,
    0x5176, 0x5177, 0x5177, 0x5177, 0x5177, 0x5177, 0x5178, 0x5178, 0x5178, 0x5178, 0x5178, 0x5179, 0x5179, 0x5179, 0x5179, 0x5179,
    0x517a, 0x517a, 0x517a, 0x517a, 0x517a, 0x517a, 0x517b, 0x517b, 0x517b, 0x517b, 0x517b, 0x517c, 0x517c, 0x517c, 0x517c, 0x517c,
    0x517d, 0x517d, 0x517d, 0x517d, 0x517d, 0x517d, 0x517e, 0x517e, 0x517e, 0x517e, 0x517e, 0x517f, 0x517f, 0x517f, 0x517f, 0x517f,
    0x5180, 0x5180, 0x5180, 0x5181, 0x5181, 0x5181, 0x5182, 0x5182, 0x5182, 0x5183, 0x5183, 0x5183, 0x5184, 0x5184, 0x5184, 0x5185,
    0x5185, 0x5185, 0x5186, 0x5186, 0x5186, 0x5187, 0x5187, 0x5187, 0x5188, 0x5188, 0x5188, 0x5189, 0x5189, 0x5189, 0x518a, 0x518a,
    0x518a, 0x518b, 0x518b, 0x518b, 0x518c, 0x518c, 0x518c, 0x518d, 0x518d, 0x518d, 0x518e, 0x518e, 0x518e, 0x518e, 0x518f, 0x518f,
    0x518f, 0x5190, 0x5190, 0x5190, 0x5191, 0x5191, 0x5191, 0x5191, 0x5192, 0x5192, 0x5192, 0x5193, 0x5193, 0x5193, 0x5194, 0x5194,
    0x5194, 0x5194, 0x5195, 0x5195, 0x5195, 0x5196, 0x5196, 0x5196, 0x5196, 0x5197, 0x5197, 0x5197, 0x5198, 0x5198, 0x5198, 0x5198,
    0x5199, 0x5199, 0x5199, 0x5199, 0x519a, 0x519a, 0x519a, 0x519b, 0x519b, 0x519b, 0x519b, 0x519c, 0x519c, 0x519c, 0x519c, 0x519d,
    0x519d, 0x519d, 0x519d, 0x519e, 0x519e, 0x519e, 0x519e, 0x519f, 0x519f, 0x519f, 0x519f, 0x51a0, 0x51a0, 0x51a0, 0x51a1, 0x51a1,
    0x51a1, 0x51a1, 0x51a2, 0x51a2, 0x51a2, 0x51a2, 0x51a3, 0x51a3, 0x51a3, 0x51a3, 0x51a3, 0x51a4, 0x51a4, 0x51a4, 0x51a4, 0x51a5,
    0x51a5, 0x51a5, 0x51a5, 0x51a6, 0x51a6, 0x51a6, 0x51a6, 0x51a7, 0x51a7, 0x51a7, 0x51a7, 0x51a8, 0x51a8, 0x51a8, 0x51a8, 0x51a8,
    0x51a9, 0x51a9, 0x51a9, 0x51a9, 0x51aa, 0x51aa, 0x51aa, 0x51aa, 0x51ab, 0x51ab, 0x51ab, 0x51ab, 0x51ab, 0x51ac, 0x51ac, 0x51ac,
    0x51ac, 0x51ad, 0x51ad, 0x51ad, 0x51ad, 0x51ad, 0x51ae, 0x51ae, 0x51ae, 0x51ae, 0x51af, 0x51af, 0x51af, 0x51af, 0x51af, 0x51b0,
    0x51b0, 0x51b0, 0x51b0, 0x51b0, 0x51b1, 0x51b1, 0x51b1, 0x51b1, 0x51b2, 0x51b2, 0x51b2, 0x51b2, 0x51b2, 0x51b3, 0x51b3, 0x51b3,
    0x51b3, 0x51b3, 0x51b4, 0x51b4, 0x51b4, 0x51b4, 0x51b4, 0x51b5, 0x51b5, 0x51b5, 0x51b5, 0x51b5, 0x51b6, 0x51b6, 0x51b6, 0x51b6,
    0x51b6, 0x51b7, 0x51b7, 0x51b7, 0x51b7, 0x51b7, 0x51b8, 0x51b8, 0x51b8, 0x51b8, 0x51b8, 0x51b9, 0x51b9, 0x51b9, 0x51b9, 0x51b9,
    0x51ba, 0x51ba, 0x51ba, 0x51ba, 0x51ba, 0x51ba, 0x51bb, 0x51bb, 0x51bb, 0x51bb, 0x51bb, 0x51bc, 0x51bc, 0x51bc, 0x51bc, 0x51bc,
    0x51bd, 0x51bd, 0x51bd, 0x51bd, 0x51bd, 0x51bd, 0x51be, 0x51be, 0x51be, 0x51be, 0x51be, 0x51bf, 0x51bf, 0x51bf, 0x51bf, 0x51bf,
    0x51c0, 0x51c0, 0x51c0, 0x51c1, 0x51c1, 0x51c1, 0x51c2, 0x51c2, 0x51c2, 0x51c3, 0x51c3, 0x51c3, 0x51c4, 0x51c4, 0x51c4, 0x51c5,
    0x51c5, 0x51c5, 0x51c6, 0x51c6, 0x51c6, 0x51c7, 0x51c7, 0x51c7, 0x51c8, 0x51c8, 0x51c8, 0x51c9, 0x51c9, 0x51c9, 0x51ca, 0x51ca,
    0x51ca, 0x51cb, 0x51cb, 0x51cb, 0x51cc, 0x51cc, 0x51cc, 0x51cd, 0x51cd, 0x51cd, 0x51ce, 0x51ce, 0x51ce, 0x51ce, 0x51cf, 0x51cf,
    0x51cf, 0x51d0, 0x51d0, 0x51d0, 0x51d1, 0x51d1, 0x51d1, 0x51d1, 0x51d2, 0x51d2, 0x51d2, 0x51d3, 0x51d3, 0x51d3, 0x51d4, 0x51d4,
    0x51d4, 0x51d4, 0x51d5, 0x51d5, 0x51d5, 0x51d6, 0x51d6, 0x51d6, 0x51d6, 0x51d7, 0x51d7, 0x51d7, 0x51d8, 0x51d8, 0x51d8, 0x51d8,
    0x51d9, 0x51d9, 0x51d9, 0x51d9, 0x51da, 0x51da, 0x51da, 0x51db, 0x51db, 0x51db, 0x51db, 0x51dc, 0x51dc, 0x51dc, 0x51dc, 0x51dd,
    0x51dd, 0x51dd, 0x51dd, 0x51de, 0x51de, 0x51de, 0x51de, 0x51df, 0x51df, 0x51df, 0x51df, 0x51e0, 0x51e0, 0x51e0, 0x51e1, 0x51e1,
    0x51e1, 0x51e1, 0x51e2, 0x51e2, 0x51e2, 0x51e2, 0x51e3, 0x51e3, 0x51e3, 0x51e3, 0x51e3, 0x51e4, 0x51e4, 0x51e4, 0x51e4, 0x51e5,
    0x51e5, 0x51e5, 0x51e5, 0x51e6, 0x51e6, 0x51e6, 0x51e6, 0x51e7, 0x51e7, 0x51e7, 0x51e7, 0x51e8, 0x51e8, 0x51e8, 0x51e8, 0x51e8,
    0x51e9, 0x51e9, 0x51e9, 0x51e9, 0x51ea, 0x51ea, 0x51ea, 0x51ea, 0x51eb, 0x51eb, 0x51eb, 0x51eb, 0x51eb, 0x51ec, 0x51ec, 0x51ec,
    0x51ec, 0x51ed, 0x51ed, 0x51ed, 0x51ed, 0x51ed, 0x51ee, 0x51ee, 0x51ee, 0x51ee, 0x51ef, 0x51ef, 0x51ef, 0x51ef, 0x51ef, 0x51f0,
    0x51f0, 0x51f0, 0x51f0, 0x51f0, 0x51f1, 0x51f1, 0x51f1, 0x51f1, 0x51f2, 0x51f2, 0x51f2, 0x51f2, 0x51f2, 0x51f3, 0x51f3, 0x51f3,
    0x51f3, 0x51f3, 0x51f4, 0x51f4, 0x51f4, 0x51f4, 0x51f4, 0x51f5, 0x51f5, 0x51f5, 0x51f5, 0x51f5, 0x51f6, 0x51f6, 0x51f6, 0x51f6,
    0x51f6, 0x51f7, 0x51f7, 0x51f7, 0x51f7, 0x51f7, 0x51f8, 0x51f8, 0x51f8, 0x51f8, 0x51f8, 0x51f9, 0x51f9, 0x51f9, 0x51f9, 0x51f9,
    0x51fa, 0x51fa, 0x51fa, 0x51fa, 0x51fa, 0x51fa, 0x51fb, 0x51fb, 0x51fb, 0x51fb, 0x51fb, 0x51fc, 0x51fc, 0x51fc, 0x51fc, 0x51fc,
    0x51fd, 0x51fd, 0x51fd, 0x51fd, 0x51fd, 0x51fd, 0x51fe, 0x51fe, 0x51fe, 0x51fe, 0x51fe, 0x51ff, 0x51ff, 0x51ff, 0x51ff, 0x51ff,
    0x5200, 0x5200, 0x5201, 0x5202, 0x5202, 0x5203, 0x5204, 0x5204, 0x5205, 0x5206, 0x5206, 0x5207, 0x5208, 0x5208, 0x5209, 0x520a,
    0x520a, 0x520b, 0x520c, 0x520c, 0x520d, 0x520e, 0x520e, 0x520f, 0x520f, 0x5210, 0x5211, 0x5211, 0x5212, 0x5212, 0x5213, 0x5214,
    0x5214, 0x5215, 0x5215, 0x5216, 0x5216, 0x5217, 0x5218, 0x5218, 0x5219, 0x5219, 0x521a, 0x521a, 0x521b, 0x521b, 0x521c, 0x521c,
    0x521d, 0x521d, 0x521e, 0x521e, 0x521f, 0x521f, 0x5220, 0x5221, 0x5221, 0x5222, 0x5222, 0x5223, 0x5223, 0x5223, 0x5224, 0x5224,
    0x5225, 0x5225, 0x5226, 0x5226, 0x5227, 0x5227, 0x5228, 0x5228, 0x5229, 0x5229, 0x522a, 0x522a, 0x522b, 0x522b, 0x522b, 0x522c,
    0x522c, 0x522d, 0x522d, 0x522e, 0x522e, 0x522f, 0x522f, 0x522f, 0x5230, 0x5230, 0x5231, 0x5231, 0x5232, 0x5232, 0x5232, 0x5233,
    0x5233, 0x5234, 0x5234, 0x5234, 0x5235, 0x5235, 0x5236, 0x5236, 0x5236, 0x5237, 0x5237, 0x5238, 0x5238, 0x5238, 0x5239, 0x5239,
    0x523a, 0x523a, 0x523a, 0x523b, 0x523b, 0x523b, 0x523c, 0x523c, 0x523d, 0x523d, 0x523d, 0x523e, 0x523e, 0x523e, 0x523f, 0x523f,
    0x5240, 0x5240, 0x5241, 0x5242, 0x5242, 0x5243, 0x5244, 0x5244, 0x5245, 0x5246, 0x5246, 0x5247, 0x5248, 0x5248, 0x5249, 0x524a,
    0x524a, 0x524b, 0x524c, 0x524c, 0x524d, 0x524e, 0x524e, 0x524f, 0x524f, 0x5250, 0x5251, 0x5251, 0x5252, 0x5252, 0x5253, 0x5254,
    0x5254, 0x5255, 0x5255, 0x5256, 0x5256, 0x5257, 0x5258, 0x5258, 0x5259, 0x5259, 0x525a, 0x525a, 0x525b, 0x525b, 0x525c, 0x525c,
    0x525d, 0x525d, 0x525e, 0x525e, 0x525f, 0x525f, 0x5260, 0x5261, 0x5261, 0x5262, 0x5262, 0x5263, 0x5263, 0x5263, 0x5264, 0x5264,
    0x5265, 0x5265, 0x5266, 0x5266, 0x5267, 0x5267, 0x5268, 0x5268, 0x5269, 0x5269, 0x526a, 0x526a, 0x526b, 0x526b, 0x526b, 0x526c,
    0x526c, 0x526d, 0x526d, 0x526e, 0x526e, 0x526f, 0x526f, 0x526f, 0x5270, 0x5270, 0x5271, 0x5271, 0x5272, 0x5272, 0x5272, 0x5273,
    0x5273, 0x5274, 0x5274, 0x5274, 0x5275, 0x5275, 0x5276, 0x5276, 0x5276, 0x5277, 0x5277, 0x5278, 0x5278, 0x5278, 0x5279, 0x5279,
    0x527a, 0x527a, 0x527a, 0x527b, 0x527b, 0x527b, 0x527c, 0x527c, 0x527d, 0x527d, 0x527d, 0x527e, 0x527e, 0x527e, 0x527f, 0x527f,
    0x5280, 0x5280, 0x5281, 0x5282, 0x5282, 0x5283, 0x5284, 0x5284, 0x5285, 0x5286, 0x5286, 0x5287, 0x5288, 0x5288, 0x5289, 0x528a,
    0x528a, 0x528b, 0x528c, 0x528c, 0x528d, 0x528e, 0x528e, 0x528f, 0x528f, 0x5290, 0x5291, 0x5291, 0x5292, 0x5292, 0x5293, 0x5294,
    0x5294, 0x5295, 0x5295, 0x5296, 0x5296, 0x5297, 0x5298, 0x5298, 0x5299, 0x5299, 0x529a, 0x529a, 0x529b, 0x529b, 0x529c, 0x529c,
    0x529d, 0x529d, 0x529e, 0x529e, 0x529f, 0x529f, 0x52a0, 0x52a1, 0x52a1, 0x52a2, 0x52a2, 0x52a3, 0x52a3, 0x52a3, 0x52a4, 0x52a4,
    0x52a5, 0x52a5, 0x52a6, 0x52a6, 0x52a7, 0x52a7, 0x52a8, 0x52a8, 0x52a9, 0x52a9, 0x52aa, 0x52aa, 0x52ab, 0x52ab, 0x52ab, 0x52ac,
    0x52ac, 0x52ad, 0x52ad, 0x52ae, 0x52ae, 0x52af, 0x52af, 0x52af, 0x52b0, 0x52b0, 0x52b1, 0x52b1, 0x52b2, 0x52b2, 0x52b2, 0x52b3,
    0x52b3, 0x52b4, 0x52b4, 0x52b4, 0x52b5, 0x52b5, 0x52b6, 0x52b6, 0x52b6, 0x52b7, 0x52b7, 0x52b8, 0x52b8, 0x52b8, 0x52b9, 0x52b9,
    0x52ba, 0x52ba, 0x52ba, 0x52bb, 0x52bb, 0x52bb, 0x52bc, 0x52bc, 0x52bd, 0x52bd, 0x52bd, 0x52be, 0x52be, 0x52be, 0x52bf, 0x52bf,
    0x52c0, 0x52c0, 0x52c1, 0x52c2, 0x52c2, 0x52c3, 0x52c4, 0x52c4, 0x52c5, 0x52c6, 0x52c6, 0x52c7, 0x52c8, 0x52c8, 0x52c9, 0x52ca,
    0x52ca, 0x52cb, 0x52cc, 0x52cc, 0x52cd, 0x52ce, 0x52ce, 0x52cf, 0x52cf, 0x52d0, 0x52d1, 0x52d1, 0x52d2, 0x52d2, 0x52d3, 0x52d4,
    0x52d4, 0x52d5, 0x52d5, 0x52d6, 0x52d6, 0x52d7, 0x52d8, 0x52d8, 0x52d9, 0x52d9, 0x52da, 0x52da, 0x52db, 0x52db, 0x52dc, 0x52dc,
    0x52dd, 0x52dd, 0x52de, 0x52de, 0x52df, 0x52df, 0x52e0, 0x52e1, 0x52e1, 0x52e2, 0x52e2, 0x52e3, 0x52e3, 0x52e3, 0x52e4, 0x52e4,
    0x52e5, 0x52e5, 0x52e6, 0x52e6, 0x52e7, 0x52e7, 0x52e8, 0x52e8, 0x52e9, 0x52e9, 0x52ea, 0x52ea, 0x52eb, 0x52eb, 0x52eb, 0x52ec,
    0x52ec, 0x52ed, 0x52ed, 0x52ee, 0x52ee, 0x52ef, 0x52ef, 0x52ef, 0x52f0, 0x52f0, 0x52f1, 0x52f1, 0x52f2, 0x52f2, 0x52f2, 0x52f3,
    0x52f3, 0x52f4, 0x52f4, 0x52f4, 0x52f5, 0x52f5, 0x52f6, 0x52f6, 0x52f6, 0x52f7, 0x52f7, 0x52f8, 0x52f8, 0x52f8, 0x52f9, 0x52f9,
    0x52fa, 0x52fa, 0x52fa, 0x52fb, 0x52fb, 0x52fb, 0x52fc, 0x52fc, 0x52fd, 0x52fd, 0x52fd, 0x52fe, 0x52fe, 0x52fe, 0x52ff, 0x52ff,
    0x5300, 0x5300, 0x5301, 0x5302, 0x5302, 0x5303, 0x5304, 0x5304, 0x5305, 0x5306, 0x5306, 0x5307, 0x5308, 0x5308, 0x5309, 0x530a,
    0x530a, 0x530b, 0x530c, 0x530c, 0x530d, 0x530e, 0x530e, 0x530f, 0x530f, 0x5310, 0x5311, 0x5311, 0x5312, 0x5312, 0x5313, 0x5314,
    0x5314, 0x5315, 0x5315, 0x5316, 0x5316, 0x5317, 0x5318, 0x5318, 0x5319, 0x5319, 0x531a, 0x531a, 0x531b, 0x531b, 0x531c, 0x531c,
    0x531d, 0x531d, 0x531e, 0x531e, 0x531f, 0x531f, 0x5320, 0x5321, 0x5321, 0x5322, 0x5322, 0x5323, 0x5323, 0x5323, 0x5324, 0x5324,
    0x5325, 0x5325, 0x5326, 0x5326, 0x5327, 0x5327, 0x5328, 0x5328, 0x5329, 0x5329, 0x532a, 0x532a, 0x532b, 0x532b, 0x532b, 0x532c,
    0x532c, 0x532d, 0x532d, 0x532e, 0x532e, 0x532f, 0x532f, 0x532f, 0x5330, 0x5330, 0x5331, 0x5331, 0x5332, 0x5332, 0x5332, 0x5333,
    0x5333, 0x5334, 0x5334, 0x5334, 0x5335, 0x5335, 0x5336, 0x5336, 0x5336, 0x5337, 0x5337, 0x5338, 0x5338, 0x5338, 0x5339, 0x5339,
    0x533a, 0x533a, 0x533a, 0x533b, 0x533b, 0x533b, 0x533c, 0x533c, 0x533d, 0x533d, 0x533d, 0x533e, 0x533e, 0x533e, 0x533f, 0x533f,
    0x5340, 0x5340, 0x5341, 0x5342, 0x5342, 0x5343, 0x5344, 0x5344, 0x5345, 0x5346, 0x5346, 0x5347, 0x5348, 0x5348, 0x5349, 0x534a,
    0x534a, 0x534b, 0x534c, 0x534c, 0x534d, 0x534e, 0x534e, 0x534f, 0x534f, 0x5350, 0x5351, 0x5351, 0x5352, 0x5352, 0x5353, 0x5354,
    0x5354, 0x5355, 0x5355, 0x5356, 0x5356, 0x5357, 0x5358, 0x5358, 0x5359, 0x5359, 0x535a, 0x535a, 0x535b, 0x535b, 0x535c, 0x535c,
    0x535d, 0x535d, 0x535e, 0x535e, 0x535f, 0x535f, 0x5360, 0x5361, 0x5361, 0x5362, 0x5362, 0x5363, 0x5363, 0x5363, 0x5364, 0x5364,
    0x5365, 0x5365, 0x5366, 0x5366, 0x5367, 0x5367, 0x5368, 0x5368, 0x5369, 0x5369, 0x536a, 0x536a, 0x536b, 0x536b, 0x536b, 0x536c,
    0x536c, 0x536d, 0x536d, 0x536e, 0x536e, 0x536f, 0x536f, 0x536f, 0x5370, 0x5370, 0x5371, 0x5371, 0x5372, 0x5372, 0x5372, 0x5373,
    0x5373, 0x5374, 0x5374, 0x5374, 0x5375, 0x5375, 0x5376, 0x5376, 0x5376, 0x5377, 0x5377, 0x5378, 0x5378, 0x5378, 0x5379, 0x5379,
    0x537a, 0x537a, 0x537a, 0x537b, 0x537b, 0x537b, 0x537c, 0x537c, 0x537d, 0x537d, 0x537d, 0x537e, 0x537e, 0x537e, 0x537f, 0x537f,
    0x5380, 0x5380, 0x5381, 0x5382, 0x5382, 0x5383, 0x5384, 0x5384, 0x5385, 0x5386, 0x5386, 0x5387, 0x5388, 0x5388, 0x5389, 0x538a,
    0x538a, 0x538b, 0x538c, 0x538c, 0x538d, 0x538e, 0x538e, 0x538f, 0x538f, 0x5390, 0x5391, 0x5391, 0x5392, 0x5392, 0x5393, 0x5394,
    0x5394, 0x5395, 0x5395, 0x5396, 0x5396, 0x5397, 0x5398, 0x5398, 0x5399, 0x5399, 0x539a, 0x539a, 0x539b, 0x539b, 0x539c, 0x539c,
    0x539d, 0x539d, 0x539e, 0x539e, 0x539f, 0x539f, 0x53a0, 0x53a1, 0x53a1, 0x53a2, 0x53a2, 0x53a3, 0x53a3, 0x53a3, 0x53a4, 0x53a4,
    0x53a5, 0x53a5, 0x53a6, 0x53a6, 0x53a7, 0x53a7, 0x53a8, 0x53a8, 0x53a9, 0x53a9, 0x53aa, 0x53aa, 0x53ab, 0x53ab, 0x53ab, 0x53ac,
    0x53ac, 0x53ad, 0x53ad, 0x53ae, 0x53ae, 0x53af, 0x53af, 0x53af, 0x53b0, 0x53b0, 0x53b1, 0x53b1, 0x53b2, 0x53b2, 0x53b2, 0x53b3,
    0x53b3, 0x53b4, 0x53b4, 0x53b4, 0x53b5, 0x53b5, 0x53b6, 0x53b6, 0x53b6, 0x53b7, 0x53b7, 0x53b8, 0x53b8, 0x53b8, 0x53b9, 0x53b9,
    0x53ba, 0x53ba, 0x53ba, 0x53bb, 0x53bb, 0x53bb, 0x53bc, 0x53bc, 0x53bd, 0x53bd, 0x53bd, 0x53be, 0x53be, 0x53be, 0x53bf, 0x53bf,
    0x53c0, 0x53c0, 0x53c1, 0x53c2, 0x53c2, 0x53c3, 0x53c4, 0x53c4, 0x53c5, 0x53c6, 0x53c6, 0x53c7, 0x53c8, 0x53c8, 0x53c9, 0x53ca,
    0x53ca, 0x53cb, 0x53cc, 0x53cc, 0x53cd, 0x53ce, 0x53ce, 0x53cf, 0x53cf, 0x53d0, 0x53d1, 0x53d1, 0x53d2, 0x53d2, 0x53d3, 0x53d4,
    0x53d4, 0x53d5, 0x53d5, 0x53d6, 0x53d6, 0x53d7, 0x53d8, 0x53d8, 0x53d9, 0x53d9, 0x53da, 0x53da, 0x53db, 0x53db, 0x53dc, 0x53dc,
    0x53dd, 0x53dd, 0x53de, 0x53de, 0x53df, 0x53df, 0x53e0, 0x53e1, 0x53e1, 0x53e2, 0x53e2, 0x53e3, 0x53e3, 0x53e3, 0x53e4, 0x53e4,
    0x53e5, 0x53e5, 0x53e6, 0x53e6, 0x53e7, 0x53e7, 0x53e8, 0x53e8, 0x53e9, 0x53e9, 0x53ea, 0x53ea, 0x53eb, 0x53eb, 0x53eb, 0x53ec,
    0x53ec, 0x53ed, 0x53ed, 0x53ee, 0x53ee, 0x53ef, 0x53ef, 0x53ef, 0x53f0, 0x53f0, 0x53f1, 0x53f1, 0x53f2, 0x53f2, 0x53f2, 0x53f3,
    0x53f3, 0x53f4, 0x53f4, 0x53f4, 0x53f5, 0x53f5, 0x53f6, 0x53f6, 0x53f6, 0x53f7, 0x53f7, 0x53f8, 0x53f8, 0x53f8, 0x53f9, 0x53f9,
    0x53fa, 0x53fa, 0x53fa, 0x53fb, 0x53fb, 0x53fb, 0x53fc, 0x53fc, 0x53fd, 0x53fd, 0x53fd, 0x53fe, 0x53fe, 0x53fe, 0x53ff, 0x53ff,
    0x5400, 0x5400, 0x5401, 0x5402, 0x5402, 0x5403, 0x5404, 0x5404, 0x5405, 0x5406, 0x5406, 0x5407, 0x5407, 0x5408, 0x5409, 0x5409,
    0x540a, 0x540a, 0x540b, 0x540c, 0x540c, 0x540d, 0x540d, 0x540e, 0x540e, 0x540f, 0x540f, 0x5410, 0x5410, 0x5411, 0x5411, 0x5412,
    0x5412, 0x5413, 0x5413, 0x5414, 0x5414, 0x5415, 0x5415, 0x5415, 0x5416, 0x5416, 0x5417, 0x5417, 0x5418, 0x5418, 0x5419, 0x5419,
    0x5419, 0x541a, 0x541a, 0x541b, 0x541b, 0x541b, 0x541c, 0x541c, 0x541d, 0x541d, 0x541d, 0x541e, 0x541e, 0x541e, 0x541f, 0x541f,
    0x5420, 0x5420, 0x5421, 0x5422, 0x5422, 0x5423, 0x5424, 0x5424, 0x5425, 0x5426, 0x5426, 0x5427, 0x5427, 0x5428, 0x5429, 0x5429,
    0x542a, 0x542a, 0x542b, 0x542c, 0x542c, 0x542d, 0x542d, 0x542e, 0x542e, 0x542f, 0x542f, 0x5430, 0x5430, 0x5431, 0x5431, 0x5432,
    0x5432, 0x5433, 0x5433, 0x5434, 0x5434, 0x5435, 0x5435, 0x5435, 0x5436, 0x5436, 0x5437, 0x5437, 0x5438, 0x5438, 0x5439, 0x5439,
    0x5439, 0x543a, 0x543a, 0x543b, 0x543b, 0x543b, 0x543c, 0x543c, 0x543d, 0x543d, 0x543d, 0x543e, 0x543e, 0x543e, 0x543f, 0x543f,
    0x5440, 0x5440, 0x5441, 0x5442, 0x5442, 0x5443, 0x5444, 0x5444, 0x5445, 0x5446, 0x5446, 0x5447, 0x5447, 0x5448, 0x5449, 0x5449,
    0x544a, 0x544a, 0x544b, 0x544c, 0x544c, 0x544d, 0x544d, 0x544e, 0x544e, 0x544f, 0x544f, 0x5450, 0x5450, 0x5451, 0x5451, 0x5452,
    0x5452, 0x5453, 0x5453, 0x5454, 0x5454, 0x5455, 0x5455, 0x5455, 0x5456, 0x5456, 0x5457, 0x5457, 0x5458, 0x5458, 0x5459, 0x5459,
    0x5459, 0x545a, 0x545a, 0x545b, 0x545b, 0x545b, 0x545c, 0x545c, 0x545d, 0x545d, 0x545d, 0x545e, 0x545e, 0x545e, 0x545f, 0x545f,
    0x5460, 0x5460, 0x5461, 0x5462, 0x5462, 0x5463, 0x5464, 0x5464, 0x5465, 0x5466, 0x5466, 0x5467, 0x5467, 0x5468, 0x5469, 0x5469,
    0x546a, 0x546a, 0x546b, 0x546c, 0x546c, 0x546d, 0x546d, 0x546e, 0x546e, 0x546f, 0x546f, 0x5470, 0x5470, 0x5471, 0x5471, 0x5472,
    0x5472, 0x5473, 0x5473, 0x5474, 0x5474, 0x5475, 0x5475, 0x5475, 0x5476, 0x5476, 0x5477, 0x5477, 0x5478, 0x5478, 0x5479, 0x5479,
    0x5479, 0x547a, 0x547a, 0x547b, 0x547b, 0x547b, 0x547c, 0x547c, 0x547d, 0x547d, 0x547d, 0x547e, 0x547e, 0x547e, 0x547f, 0x547f,
    0x5480, 0x5480, 0x5481, 0x5482, 0x5482, 0x5483, 0x5484, 0x5484, 0x5485, 0x5486, 0x5486, 0x5487, 0x5487, 0x5488, 0x5489, 0x5489,
    0x548a, 0x548a, 0x548b, 0x548c, 0x548c, 0x548d, 0x548d, 0x548e, 0x548e, 0x548f, 0x548f, 0x5490, 0x5490, 0x5491, 0x5491, 0x5492,
    0x5492, 0x5493, 0x5493, 0x5494, 0x5494, 0x5495, 0x5495, 0x5495, 0x5496, 0x5496, 0x5497, 0x5497, 0x5498, 0x5498, 0x5499, 0x5499,
    0x5499, 0x549a, 0x549a, 0x549b, 0x549b, 0x549b, 0x549c, 0x549c, 0x549d, 0x549d, 0x549d, 0x549e, 0x549e, 0x549e, 0x549f, 0x549f,
    0x54a0, 0x54a0, 0x54a1, 0x54a2, 0x54a2, 0x54a3, 0x54a4, 0x54a4, 0x54a5, 0x54a6, 0x54a6, 0x54a7, 0x54a7, 0x54a8, 0x54a9, 0x54a9,
    0x54aa, 0x54aa, 0x54ab, 0x54ac, 0x54ac, 0x54ad, 0x54ad, 0x54ae, 0x54ae, 0x54af, 0x54af, 0x54b0, 0x54b0, 0x54b1, 0x54b1, 0x54b2,
    0x54b2, 0x54b3, 0x54b3, 0x54b4, 0x54b4, 0x54b5, 0x54b5, 0x54b5, 0x54b6, 0x54b6, 0x54b7, 0x54b7, 0x54b8, 0x54b8, 0x54b9, 0x54b9,
    0x54b9, 0x54ba, 0x54ba, 0x54bb, 0x54bb, 0x54bb, 0x54bc, 0x54bc, 0x54bd, 0x54bd, 0x54bd, 0x54be, 0x54be, 0x54be, 0x54bf, 0x54bf,
    0x54c0, 0x54c0, 0x54c1, 0x54c2, 0x54c2, 0x54c3, 0x54c4, 0x54c4, 0x54c5, 0x54c6, 0x54c6, 0x54c7, 0x54c7, 0x54c8, 0x54c9, 0x54c9,
    0x54ca, 0x54ca, 0x54cb, 0x54cc, 0x54cc, 0x54cd, 0x54cd, 0x54ce, 0x54ce, 0x54cf, 0x54cf, 0x54d0, 0x54d0, 0x54d1, 0x54d1, 0x54d2,
    0x54d2, 0x54d3, 0x54d3, 0x54d4, 0x54d4, 0x54d5, 0x54d5, 0x54d5, 0x54d6, 0x54d6, 0x54d7, 0x54d7, 0x54d8, 0x54d8, 0x54d9, 0x54d9,
    0x54d9, 0x54da, 0x54da, 0x54db, 0x54db, 0x54db, 0x54dc, 0x54dc, 0x54dd, 0x54dd, 0x54dd, 0x54de, 0x54de, 0x54de, 0x54df, 0x54df,
    0x54e0, 0x54e0, 0x54e1, 0x54e2, 0x54e2, 0x54e3, 0x54e4, 0x54e4, 0x54e5, 0x54e6, 0x54e6, 0x54e7, 0x54e7, 0x54e8, 0x54e9, 0x54e9,
    0x54ea, 0x54ea, 0x54eb, 0x54ec, 0x54ec, 0x54ed, 0x54ed, 0x54ee, 0x54ee, 0x54ef, 0x54ef, 0x54f0, 0x54f0, 0x54f1, 0x54f1, 0x54f2,
    0x54f2, 0x54f3, 0x54f3, 0x54f4, 0x54f4, 0x54f5, 0x54f5, 0x54f5, 0x54f6, 0x54f6, 0x54f7, 0x54f7, 0x54f8, 0x54f8, 0x54f9, 0x54f9,
    0x54f9, 0x54fa, 0x54fa, 0x54fb, 0x54fb, 0x54fb, 0x54fc, 0x54fc, 0x54fd, 0x54fd, 0x54fd, 0x54fe, 0x54fe, 0x54fe, 0x54ff, 0x54ff,
    0x5500, 0x5501, 0x5502, 0x5504, 0x5505, 0x5506, 0x5507, 0x5509, 0x550a, 0x550b, 0x550c, 0x550d, 0x550e, 0x550f, 0x5510, 0x5511,
    0x5512, 0x5513, 0x5514, 0x5515, 0x5516, 0x5517, 0x5518, 0x5519, 0x5519, 0x551a, 0x551b, 0x551c, 0x551d, 0x551d, 0x551e, 0x551f,
    0x5520, 0x5521, 0x5522, 0x5524, 0x5525, 0x5526, 0x5527, 0x5529, 0x552a, 0x552b, 0x552c, 0x552d, 0x552e, 0x552f, 0x5530, 0x5531,
    0x5532, 0x5533, 0x5534, 0x5535, 0x5536, 0x5537, 0x5538, 0x5539, 0x5539, 0x553a, 0x553b, 0x553c, 0x553d, 0x553d, 0x553e, 0x553f,
    0x5540, 0x5541, 0x5542, 0x5544, 0x5545, 0x5546, 0x5547, 0x5549, 0x554a, 0x554b, 0x554c, 0x554d, 0x554e, 0x554f, 0x5550, 0x5551,
    0x5552, 0x5553, 0x5554, 0x5555, 0x5556, 0x5557, 0x5558, 0x5559, 0x5559, 0x555a, 0x555b, 0x555c, 0x555d, 0x555d, 0x555e, 0x555f,
    0x5560, 0x5561, 0x5562, 0x5564, 0x5565, 0x5566, 0x5567, 0x5569, 0x556a, 0x556b, 0x556c, 0x556d, 0x556e, 0x556f, 0x5570, 0x5571,
    0x5572, 0x5573, 0x5574, 0x5575, 0x5576, 0x5577, 0x5578, 0x5579, 0x5579, 0x557a, 0x557b, 0x557c, 0x557d, 0x557d, 0x557e, 0x557f,
    0x5580, 0x5581, 0x5582, 0x5584, 0x5585, 0x5586, 0x5587, 0x5589, 0x558a, 0x558b, 0x558c, 0x558d, 0x558e, 0x558f, 0x5590, 0x5591,
    0x5592, 0x5593, 0x5594, 0x5595, 0x5596, 0x5597, 0x5598, 0x5599, 0x5599, 0x559a, 0x559b, 0x559c, 0x559d, 0x559d, 0x559e, 0x559f,
    0x55a0, 0x55a1, 0x55a2, 0x55a4, 0x55a5, 0x55a6, 0x55a7, 0x55a9, 0x55aa, 0x55ab, 0x55ac, 0x55ad, 0x55ae, 0x55af, 0x55b0, 0x55b1,
    0x55b2, 0x55b3, 0x55b4, 0x55b5, 0x55b6, 0x55b7, 0x55b8, 0x55b9, 0x55b9, 0x55ba, 0x55bb, 0x55bc, 0x55bd, 0x55bd, 0x55be, 0x55bf,
    0x55c0, 0x55c1, 0x55c2, 0x55c4, 0x55c5, 0x55c6, 0x55c7, 0x55c9, 0x55ca, 0x55cb, 0x55cc, 0x55cd, 0x55ce, 0x55cf, 0x55d0, 0x55d1,
    0x55d2, 0x55d3, 0x55d4, 0x55d5, 0x55d6, 0x55d7, 0x55d8, 0x55d9, 0x55d9, 0x55da, 0x55db, 0x55dc, 0x55dd, 0x55dd, 0x55de, 0x55df,
    0x55e0, 0x55e1, 0x55e2, 0x55e4, 0x55e5, 0x55e6, 0x55e7, 0x55e9, 0x55ea, 0x55eb, 0x55ec, 0x55ed, 0x55ee, 0x55ef, 0x55f0, 0x55f1,
    0x55f2, 0x55f3, 0x55f4, 0x55f5, 0x55f6, 0x55f7, 0x55f8, 0x55f9, 0x55f9, 0x55fa, 0x55fb, 0x55fc, 0x55fd, 0x55fd, 0x55fe, 0x55ff,
    0x5600, 0x5602, 0x5605, 0x5607, 0x560a, 0x560c, 0x560e, 0x5610, 0x5612, 0x5614, 0x5616, 0x5618, 0x5619, 0x561b, 0x561d, 0x561e,
    0x5620, 0x5622, 0x5625, 0x5627, 0x562a, 0x562c, 0x562e, 0x5630, 0x5632, 0x5634, 0x5636, 0x5638, 0x5639, 0x563b, 0x563d, 0x563e,
    0x5640, 0x5642, 0x5645, 0x5647, 0x564a, 0x564c, 0x564e, 0x5650, 0x5652, 0x5654, 0x5656, 0x5658, 0x5659, 0x565b, 0x565d, 0x565e,
    0x5660, 0x5662, 0x5665, 0x5667, 0x566a, 0x566c, 0x566e, 0x5670, 0x5672, 0x5674, 0x5676, 0x5678, 0x5679, 0x567b, 0x567d, 0x567e,
    0x5680, 0x5682, 0x5685, 0x5687, 0x568a, 0x568c, 0x568e, 0x5690, 0x5692, 0x5694, 0x5696, 0x5698, 0x5699, 0x569b, 0x569d, 0x569e,
    0x56a0, 0x56a2, 0x56a5, 0x56a7, 0x56aa, 0x56ac, 0x56ae, 0x56b0, 0x56b2, 0x56b4, 0x56b6, 0x56b8, 0x56b9, 0x56bb, 0x56bd, 0x56be,
    0x56c0, 0x56c2, 0x56c5, 0x56c7, 0x56ca, 0x56cc, 0x56ce, 0x56d0, 0x56d2, 0x56d4, 0x56d6, 0x56d8, 0x56d9, 0x56db, 0x56dd, 0x56de,
    0x56e0, 0x56e2, 0x56e5, 0x56e7, 0x56ea, 0x56ec, 0x56ee, 0x56f0, 0x56f2, 0x56f4, 0x56f6, 0x56f8, 0x56f9, 0x56fb, 0x56fd, 0x56fe,
    0x5700, 0x5705, 0x570a, 0x570e, 0x5712, 0x5716, 0x5719, 0x571d, 0x5720, 0x5725, 0x572a, 0x572e, 0x5732, 0x5736, 0x5739, 0x573d,
    0x5740, 0x5745, 0x574a, 0x574e, 0x5752, 0x5756, 0x5759, 0x575d, 0x5760, 0x5765, 0x576a, 0x576e, 0x5772, 0x5776, 0x5779, 0x577d,
    0x5780, 0x5785, 0x578a, 0x578e, 0x5792, 0x5796, 0x5799, 0x579d, 0x57a0, 0x57a5, 0x57aa, 0x57ae, 0x57b2, 0x57b6, 0x57b9, 0x57bd,
    0x57c0, 0x57c5, 0x57ca, 0x57ce, 0x57d2, 0x57d6, 0x57d9, 0x57dd, 0x57e0, 0x57e5, 0x57ea, 0x57ee, 0x57f2, 0x57f6, 0x57f9, 0x57fd,
    0x5800, 0x5805, 0x5809, 0x580c, 0x5810, 0x5815, 0x5819, 0x581c, 0x5820, 0x5825, 0x5829, 0x582c, 0x5830, 0x5835, 0x5839, 0x583c,
    0x5840, 0x5845, 0x5849, 0x584c, 0x5850, 0x5855, 0x5859, 0x585c, 0x5860, 0x5865, 0x5869, 0x586c, 0x5870, 0x5875, 0x5879, 0x587c,
    0x5880, 0x5889, 0x5890, 0x5899, 0x58a0, 0x58a9, 0x58b0, 0x58b9, 0x58c0, 0x58c9, 0x58d0, 0x58d9, 0x58e0, 0x58e9, 0x58f0, 0x58f9,
    0x5900, 0x5910, 0x5920, 0x5930, 0x5940, 0x5950, 0x5960, 0x5970, 0x5980, 0x59a0, 0x59c0, 0x59e0, 0x5a00, 0x5a40, 0x5a80, 0x5b00,
    0x8000, 0x8000, 0x8000, 0x8000, 0x8000, 0x8000, 0x8000, 0x8000, 0x8000, 0x8000, 0x8000, 0x8000, 0x8000, 0x8000, 0x8000, 0x8000,
    0x8000, 0x8000, 0x8000, 0x8000, 0x8000, 0x8000, 0x8000, 0x8000, 0x8000, 0x8000, 0x8000, 0x8000, 0x8000, 0x8000, 0x8000, 0x8000,
    0x8000, 0x8000, 0x8000, 0x8000, 0x8000, 0x8000, 0x8000, 0x8000, 0x8000, 0x8000, 0x8000, 0x8000, 0x8000, 0x8000, 0x8000, 0x8000,
    0x8000, 0x8000, 0x8000, 0x8000, 0x8000, 0x8000, 0x8000, 0x8000, 0x8000, 0x8000, 0x8000, 0x8000, 0x8000, 0x8000, 0x8000, 0x8000,
    0x8000, 0x8000, 0x8000, 0x8000, 0x8000, 0x8000, 0x8000, 0x8000, 0x8000, 0x8000, 0x8000, 0x8000, 0x8000, 0x8000, 0x8000, 0x8000,
    0x8000, 0x8000, 0x8000, 0x8000, 0x8000, 0x8000, 0x8000, 0x8000, 0x8000, 0x8000, 0x8000, 0x8000, 0x8000, 0x8000, 0x8000, 0x8000,
    0x8000, 0x8000, 0x8000, 0x8000, 0x8000, 0x8000, 0x8000, 0x8000, 0x8000, 0x8000, 0x8000, 0x8000, 0x8000, 0x8000, 0x8000, 0x8000,
    0x8000, 0x8000, 0x8000, 0x8000, 0x8000, 0x8000, 0x8000, 0x8000, 0x8000, 0x8000, 0x8000, 0x8000, 0x8000, 0x8000, 0x8000, 0x8000,
    0x8000, 0x8000, 0x8000, 0x8000, 0x8000, 0x8000, 0x8000, 0x8000, 0x8000, 0x8000, 0x8000, 0x8000, 0x8000, 0x8000, 0x8000, 0x8000,
    0x8000, 0x8000, 0x8000, 0x8000, 0x8000, 0x8000, 0x8000, 0x8000, 0x8000, 0x8000, 0x8000, 0x8000, 0x8000, 0x8000, 0x8000, 0x8000,
    0x8000, 0x8000, 0x8000, 0x8000, 0x8000, 0x8000, 0x8000, 0x8000, 0x8000, 0x8000, 0x8000, 0x8000, 0x8000, 0x8000, 0x8000, 0x8000,
    0x8000, 0x8000, 0x8000, 0x8000, 0x8000, 0x8000, 0x8000, 0x8000, 0x8000, 0x8000, 0x8000, 0x8000, 0x8000, 0x8000, 0x8000, 0x8000,
    0x8000, 0x8000, 0x8000, 0x8000, 0x8000, 0x8000, 0x8000, 0x8000, 0x8000, 0x8000, 0x8000, 0x8000, 0x8000, 0x8000, 0x8000, 0x8000,
    0x8000, 0x8000, 0x8000, 0x8000, 0x8000, 0x8000, 0x8000, 0x8000, 0x8000, 0x8000, 0x8000, 0x8000, 0x8000, 0x8000, 0x8000, 0x8000,
    0x8000, 0x8000, 0x8000, 0x8000, 0x8000, 0x8000, 0x8000, 0x8000, 0x8000, 0x8000, 0x8000, 0x8000, 0x8000, 0x8000, 0x8000, 0x8000,
    0x8000, 0x8000, 0x8000, 0x8000, 0x8000, 0x8000, 0x8000, 0x8000, 0x8000, 0x8000, 0x8000, 0x8000, 0x8000, 0x8000, 0x8000, 0x8000,
    0x8000, 0x8000, 0x8000, 0x8000, 0x8000, 0x8000, 0x8000, 0x8000, 0x8000, 0x8000, 0x8000, 0x8000, 0x8000, 0x8000, 0x8000, 0x8000,
    0x8000, 0x8000, 0x8000, 0x8000, 0x8000, 0x8000, 0x8000, 0x8000, 0x8000, 0x8000, 0x8000, 0x8000, 0x8000, 0x8000, 0x8000, 0x8000,
    0x8000, 0x8000, 0x8000, 0x8000, 0x8000, 0x8000, 0x8000, 0x8000, 0x8000, 0x8000, 0x8000, 0x8000, 0x8000, 0x8000, 0x8000, 0x8000,
    0x8000, 0x8000, 0x8000, 0x8000, 0x8000, 0x8000, 0x8000, 0x8000, 0x8000, 0x8000, 0x8000, 0x8000, 0x8000, 0x8000, 0x8000, 0x8000,
    0x8000, 0x8000, 0x8000, 0x8000, 0x8000, 0x8000, 0x8000, 0x8000, 0x8000, 0x8000, 0x8000, 0x8000, 0x8000, 0x8000, 0x8000, 0x8000,
    0x8000, 0x8000, 0x8000, 0x8000, 0x8000, 0x8000, 0x8000, 0x8000, 0x8000, 0x8000, 0x8000, 0x8000, 0x8000, 0x8000, 0x8000, 0x8000,
    0x8000, 0x8000, 0x8000, 0x8000, 0x8000, 0x8000, 0x8000, 0x8000, 0x8000, 0x8000, 0x8000, 0x8000, 0x8000, 0x8000, 0x8000, 0x8000,
    0x8000, 0x8000, 0x8000, 0x8000, 0x8000, 0x8000, 0x8000, 0x8000, 0x8000, 0x8000, 0x8000, 0x8000, 0x8000, 0x8000, 0x8000, 0x8000,
    0x8000, 0x8000, 0x8000, 0x8000, 0x8000, 0x8000, 0x8000, 0x8000, 0x8000, 0x8000, 0x8000, 0x8000, 0x8000, 0x8000, 0x8000, 0x8000,
    0x8000, 0x8000, 0x8000, 0x8000, 0x8000, 0x8000, 0x8000, 0x8000, 0x8000, 0x8000, 0x8000, 0x8000, 0x8000, 0x8000, 0x8000, 0x8000,
    0x8000, 0x8000, 0x8000, 0x8000, 0x8000, 0x8000, 0x8000, 0x8000, 0x8000, 0x8000, 0x8000, 0x8000, 0x8000, 0x8000, 0x8000, 0x8000,
    0x8000, 0x8000, 0x8000, 0x8000, 0x8000, 0x8000, 0x8000, 0x8000, 0x8000, 0x8000, 0x8000, 0x8000, 0x8000, 0x8000, 0x8000, 0x8000,
    0x8000, 0x8000, 0x8000, 0x8000, 0x8000, 0x8000, 0x8000, 0x8000, 0x8000, 0x8000, 0x8000, 0x8000, 0x8000, 0x8000, 0x8000, 0x8000,
    0x8000, 0x8000, 0x8000, 0x8000, 0x8000, 0x8000, 0x8000, 0x8000, 0x8000, 0x8000, 0x8000, 0x8000, 0x8000, 0x8000, 0x8000, 0x8000,
    0x8000, 0x8000, 0x8000, 0x8000, 0x8000, 0x8000, 0x8000, 0x8000, 0x8000, 0x8000, 0x8000, 0x8000, 0x8000, 0x8000, 0x8000, 0x8000,
    0x8000, 0x8000, 0x8000, 0x8000, 0x8000, 0x8000, 0x8000, 0x8000, 0x8000, 0x8000, 0x8000, 0x8000, 0x8000, 0x8000, 0x8000, 0x8000,
    0x8000, 0x8000, 0x8000, 0x8000, 0x8000, 0x8000, 0x8000, 0x8000, 0x8000, 0x8000, 0x8000, 0x8000, 0x8000, 0x8000, 0x8000, 0x8000,
    0x8000, 0x8000, 0x8000, 0x8000, 0x8000, 0x8000, 0x8000, 0x8000, 0x8000, 0x8000, 0x8000, 0x8000, 0x8000, 0x8000, 0x8000, 0x8000,
    0x8000, 0x8000, 0x8000, 0x8000, 0x8000, 0x8000, 0x8000, 0x8000, 0x8000, 0x8000, 0x8000, 0x8000, 0x8000, 0x8000, 0x8000, 0x8000,
    0x8000, 0x8000, 0x8000, 0x8000, 0x8000, 0x8000, 0x8000, 0x8000, 0x8000, 0x8000, 0x8000, 0x8000, 0x8000, 0x8000, 0x8000, 0x8000,
    0x8000, 0x8000, 0x8000, 0x8000, 0x8000, 0x8000, 0x8000, 0x8000, 0x8000, 0x8000, 0x8000, 0x8000, 0x8000, 0x8000, 0x8000, 0x8000,
    0x8000, 0x8000, 0x8000, 0x8000, 0x8000, 0x8000, 0x8000, 0x8000, 0x8000, 0x8000, 0x8000, 0x8000, 0x8000, 0x8000, 0x8000, 0x8000,
    0x8000, 0x8000, 0x8000, 0x8000, 0x8000, 0x8000, 0x8000, 0x8000, 0x8000, 0x8000, 0x8000, 0x8000, 0x8000, 0x8000, 0x8000, 0x8000,
    0x8000, 0x8000, 0x8000, 0x8000, 0x8000, 0x8000, 0x8000, 0x8000, 0x8000, 0x8000, 0x8000, 0x8000, 0x8000, 0x8000, 0x8000, 0x8000,
    0x8000, 0x8000, 0x8000, 0x8000, 0x8000, 0x8000, 0x8000, 0x8000, 0x8000, 0x8000, 0x8000, 0x8000, 0x8000, 0x8000, 0x8000, 0x8000,
    0x8000, 0x8000, 0x8000, 0x8000, 0x8000, 0x8000, 0x8000, 0x8000, 0x8000, 0x8000, 0x8000, 0x8000, 0x8000, 0x8000, 0x8000, 0x8000,
    0x8000, 0x8000, 0x8000, 0x8000, 0x8000, 0x8000, 0x8000, 0x8000, 0x8000, 0x8000, 0x8000, 0x8000, 0x8000, 0x8000, 0x8000, 0x8000,
    0x8000, 0x8000, 0x8000, 0x8000, 0x8000, 0x8000, 0x8000, 0x8000, 0x8000, 0x8000, 0x8000, 0x8000, 0x8000, 0x8000, 0x8000, 0x8000,
    0x8000, 0x8000, 0x8000, 0x8000, 0x8000, 0x8000, 0x8000, 0x8000, 0x8000, 0x8000, 0x8000, 0x8000, 0x8000, 0x8000, 0x8000, 0x8000,
    0x8000, 0x8000, 0x8000, 0x8000, 0x8000, 0x8000, 0x8000, 0x8000, 0x8000, 0x8000, 0x8000, 0x8000, 0x8000, 0x8000, 0x8000, 0x8000,
    0x8000, 0x8000, 0x8000, 0x8000, 0x8000, 0x8000, 0x8000, 0x8000, 0x8000, 0x8000, 0x8000, 0x8000, 0x8000, 0x8000, 0x8000, 0x8000,
    0x8000, 0x8000, 0x8000, 0x8000, 0x8000, 0x8000, 0x8000, 0x8000, 0x8000, 0x8000, 0x8000, 0x8000, 0x8000, 0x8000, 0x8000, 0x8000,
    0x8000, 0x8000, 0x8000, 0x8000, 0x8000, 0x8000, 0x8000, 0x8000, 0x8000, 0x8000, 0x8000, 0x8000, 0x8000, 0x8000, 0x8000, 0x8000,
    0x8000, 0x8000, 0x8000, 0x8000, 0x8000, 0x8000, 0x8000, 0x8000, 0x8000, 0x8000, 0x8000, 0x8000, 0x8000, 0x8000, 0x8000, 0x8000,
    0x8000, 0x8000, 0x8000, 0x8000, 0x8000, 0x8000, 0x8000, 0x8000, 0x8000, 0x8000, 0x8000, 0x8000, 0x8000, 0x8000, 0x8000, 0x8000,
    0x8000, 0x8000, 0x8000, 0x8000, 0x8000, 0x8000, 0x8000, 0x8000, 0x8000, 0x8000, 0x8000, 0x8000, 0x8000, 0x8000, 0x8000, 0x8000,
    0x8000, 0x8000, 0x8000, 0x8000, 0x8000, 0x8000, 0x8000, 0x8000, 0x8000, 0x8000, 0x8000, 0x8000, 0x8000, 0x8000, 0x8000, 0x8000,
    0x8000, 0x8000, 0x8000, 0x8000, 0x8000, 0x8000, 0x8000, 0x8000, 0x8000, 0x8000, 0x8000, 0x8000, 0x8000, 0x8000, 0x8000, 0x8000,
    0x8000, 0x8000, 0x8000, 0x8000, 0x8000, 0x8000, 0x8000, 0x8000, 0x8000, 0x8000, 0x8000, 0x8000, 0x8000, 0x8000, 0x8000, 0x8000,
    0x8000, 0x8000, 0x8000, 0x8000, 0x8000, 0x8000, 0x8000, 0x8000, 0x8000, 0x8000, 0x8000, 0x8000, 0x8000, 0x8000, 0x8000, 0x8000,
    0x8000, 0x8000, 0x8000, 0x8000, 0x8000, 0x8000, 0x8000, 0x8000, 0x8000, 0x8000, 0x8000, 0x8000, 0x8000, 0x8000, 0x8000, 0x8000,
    0x8000, 0x8000, 0x8000, 0x8000, 0x8000, 0x8000, 0x8000, 0x8000, 0x8000, 0x8000, 0x8000, 0x8000, 0x8000, 0x8000, 0x8000, 0x8000,
    0x8000, 0x8000, 0x8000, 0x8000, 0x8000, 0x8000, 0x8000, 0x8000, 0x8000, 0x8000, 0x8000, 0x8000, 0x8000, 0x8000, 0x8000, 0x8000,
    0x8000, 0x8000, 0x8000, 0x8000, 0x8000, 0x8000, 0x8000, 0x8000, 0x8000, 0x8000, 0x8000, 0x8000, 0x8000, 0x8000, 0x8000, 0x8000,
    0x8000, 0x8000, 0x8000, 0x8000, 0x8000, 0x8000, 0x8000, 0x8000, 0x8000, 0x8000, 0x8000, 0x8000, 0x8000, 0x8000, 0x8000, 0x8000,
    0x8000, 0x8000, 0x8000, 0x8000, 0x8000, 0x8000, 0x8000, 0x8000, 0x8000, 0x8000, 0x8000, 0x8000, 0x8000, 0x8000, 0x8000, 0x8000,
    0x8000, 0x8000, 0x8000, 0x8000, 0x8000, 0x8000, 0x8000, 0x8000, 0x8000, 0x8000, 0x8000, 0x8000, 0x8000, 0x8000, 0x8000, 0x8000,
    0x8000, 0x8000, 0x8000, 0x8000, 0x8000, 0x8000, 0x8000, 0x8000, 0x8000, 0x8000, 0x8000, 0x8000, 0x8000, 0x8000, 0x8000, 0x8000,
    0x8000, 0x8000, 0x8000, 0x8000, 0x8000, 0x8000, 0x8000, 0x8000, 0x8000, 0x8000, 0x8000, 0x8000, 0x8000, 0x8000, 0x8000, 0x8000,
    0x8000, 0x8000, 0x8000, 0x8000, 0x8000, 0x8000, 0x8000, 0x8000, 0x8000, 0x8000, 0x8000, 0x8000, 0x8000, 0x8000, 0x8000, 0x8000,
    0x8000, 0x8000, 0x8000, 0x8000, 0x8000, 0x8000, 0x8000, 0x8000, 0x8000, 0x8000, 0x8000, 0x8000, 0x8000, 0x8000, 0x8000, 0x8000,
    0x8000, 0x8000, 0x8000, 0x8000, 0x8000, 0x8000, 0x8000, 0x8000, 0x8000, 0x8000, 0x8000, 0x8000, 0x8000, 0x8000, 0x8000, 0x8000,
    0x8000, 0x8000, 0x8000, 0x8000, 0x8000, 0x8000, 0x8000, 0x8000, 0x8000, 0x8000, 0x8000, 0x8000, 0x8000, 0x8000, 0x8000, 0x8000,
    0x8000, 0x8000, 0x8000, 0x8000, 0x8000, 0x8000, 0x8000, 0x8000, 0x8000, 0x8000, 0x8000, 0x8000, 0x8000, 0x8000, 0x8000, 0x8000,
    0x8000, 0x8000, 0x8000, 0x8000, 0x8000, 0x8000, 0x8000, 0x8000, 0x8000, 0x8000, 0x8000, 0x8000, 0x8000, 0x8000, 0x8000, 0x8000,
    0x8000, 0x8000, 0x8000, 0x8000, 0x8000, 0x8000, 0x8000, 0x8000, 0x8000, 0x8000, 0x8000, 0x8000, 0x8000, 0x8000, 0x8000, 0x8000,
    0x8000, 0x8000, 0x8000, 0x8000, 0x8000, 0x8000, 0x8000, 0x8000, 0x8000, 0x8000, 0x8000, 0x8000, 0x8000, 0x8000, 0x8000, 0x8000,
    0x8000, 0x8000, 0x8000, 0x8000, 0x8000, 0x8000, 0x8000, 0x8000, 0x8000, 0x8000, 0x8000, 0x8000, 0x8000, 0x8000, 0x8000, 0x8000,
    0x8000, 0x8000, 0x8000, 0x8000, 0x8000, 0x8000, 0x8000, 0x8000, 0x8000, 0x8000, 0x8000, 0x8000, 0x8000, 0x8000, 0x8000, 0x8000,
    0x8000, 0x8000, 0x8000, 0x8000, 0x8000, 0x8000, 0x8000, 0x8000, 0x8000, 0x8000, 0x8000, 0x8000, 0x8000, 0x8000, 0x8000, 0x8000,
    0x8000, 0x8000, 0x8000, 0x8000, 0x8000, 0x8000, 0x8000, 0x8000, 0x8000, 0x8000, 0x8000, 0x8000, 0x8000, 0x8000, 0x8000, 0x8000,
    0x8000, 0x8000, 0x8000, 0x8000, 0x8000, 0x8000, 0x8000, 0x8000, 0x8000, 0x8000, 0x8000, 0x8000, 0x8000, 0x8000, 0x8000, 0x8000,
    0x8000, 0x8000, 0x8000, 0x8000, 0x8000, 0x8000, 0x8000, 0x8000, 0x8000, 0x8000, 0x8000, 0x8000, 0x8000, 0x8000, 0x8000, 0x8000,
    0x8000, 0x8000, 0x8000, 0x8000, 0x8000, 0x8000, 0x8000, 0x8000, 0x8000, 0x8000, 0x8000, 0x8000, 0x8000, 0x8000, 0x8000, 0x8000,
    0x8000, 0x8000, 0x8000, 0x8000, 0x8000, 0x8000, 0x8000, 0x8000, 0x8000, 0x8000, 0x8000, 0x8000, 0x8000, 0x8000, 0x8000, 0x8000,
    0x8000, 0x8000, 0x8000, 0x8000, 0x8000, 0x8000, 0x8000, 0x8000, 0x8000, 0x8000, 0x8000, 0x8000, 0x8000, 0x8000, 0x8000, 0x8000,
    0x8000, 0x8000, 0x8000, 0x8000, 0x8000, 0x8000, 0x8000, 0x8000, 0x8000, 0x8000, 0x8000, 0x8000, 0x8000, 0x8000, 0x8000, 0x8000,
    0x8000, 0x8000, 0x8000, 0x8000, 0x8000, 0x8000, 0x8000, 0x8000, 0x8000, 0x8000, 0x8000, 0x8000, 0x8000, 0x8000, 0x8000, 0x8000,
    0x8000, 0x8000, 0x8000, 0x8000, 0x8000, 0x8000, 0x8000, 0x8000, 0x8000, 0x8000, 0x8000, 0x8000, 0x8000, 0x8000, 0x8000, 0x8000,
    0x8000, 0x8000, 0x8000, 0x8000, 0x8000, 0x8000, 0x8000, 0x8000, 0x8000, 0x8000, 0x8000, 0x8000, 0x8000, 0x8000, 0x8000, 0x8000,
    0x8000, 0x8000, 0x8000, 0x8000, 0x8000, 0x8000, 0x8000, 0x8000, 0x8000, 0x8000, 0x8000, 0x8000, 0x8000, 0x8000, 0x8000, 0x8000,
    0x8000, 0x8000, 0x8000, 0x8000, 0x8000, 0x8000, 0x8000, 0x8000, 0x8000, 0x8000, 0x8000, 0x8000, 0x8000, 0x8000, 0x8000, 0x8000,
    0x8000, 0x8000, 0x8000, 0x8000, 0x8000, 0x8000, 0x8000, 0x8000, 0x8000, 0x8000, 0x8000, 0x8000, 0x8000, 0x8000, 0x8000, 0x8000,
    0x8000, 0x8000, 0x8000, 0x8000, 0x8000, 0x8000, 0x8000, 0x8000, 0x8000, 0x8000, 0x8000, 0x8000, 0x8000, 0x8000, 0x8000, 0x8000,
    0x8000, 0x8000, 0x8000, 0x8000, 0x8000, 0x8000, 0x8000, 0x8000, 0x8000, 0x8000, 0x8000, 0x8000, 0x8000, 0x8000, 0x8000, 0x8000,
    0x8000, 0x8000, 0x8000, 0x8000, 0x8000, 0x8000, 0x8000, 0x8000, 0x8000, 0x8000, 0x8000, 0x8000, 0x8000, 0x8000, 0x8000, 0x8000,
    0x8000, 0x8000, 0x8000, 0x8000, 0x8000, 0x8000, 0x8000, 0x8000, 0x8000, 0x8000, 0x8000, 0x8000, 0x8000, 0x8000, 0x8000, 0x8000,
    0x8000, 0x8000, 0x8000, 0x8000, 0x8000, 0x8000, 0x8000, 0x8000, 0x8000, 0x8000, 0x8000, 0x8000, 0x8000, 0x8000, 0x8000, 0x8000,
    0x8000, 0x8000, 0x8000, 0x8000, 0x8000, 0x8000, 0x8000, 0x8000, 0x8000, 0x8000, 0x8000, 0x8000, 0x8000, 0x8000, 0x8000, 0x8000,
    0x8000, 0x8000, 0x8000, 0x8000, 0x8000, 0x8000, 0x8000, 0x8000, 0x8000, 0x8000, 0x8000, 0x8000, 0x8000, 0x8000, 0x8000, 0x8000,
    0x8000, 0x8000, 0x8000, 0x8000, 0x8000, 0x8000, 0x8000, 0x8000, 0x8000, 0x8000, 0x8000, 0x8000, 0x8000, 0x8000, 0x8000, 0x8000,
    0x8000, 0x8000, 0x8000, 0x8000, 0x8000, 0x8000, 0x8000, 0x8000, 0x8000, 0x8000, 0x8000, 0x8000, 0x8000, 0x8000, 0x8000, 0x8000,
    0x8000, 0x8000, 0x8000, 0x8000, 0x8000, 0x8000, 0x8000, 0x8000, 0x8000, 0x8000, 0x8000, 0x8000, 0x8000, 0x8000, 0x8000, 0x8000,
    0x8000, 0x8000, 0x8000, 0x8000, 0x8000, 0x8000, 0x8000, 0x8000, 0x8000, 0x8000, 0x8000, 0x8000, 0x8000, 0x8000, 0x8000, 0x8000,
    0x8000, 0x8000, 0x8000, 0x8000, 0x8000, 0x8000, 0x8000, 0x8000, 0x8000, 0x8000, 0x8000, 0x8000, 0x8000, 0x8000, 0x8000, 0x8000,
    0x8000, 0x8000, 0x8000, 0x8000, 0x8000, 0x8000, 0x8000, 0x8000, 0x8000, 0x8000, 0x8000, 0x8000, 0x8000, 0x8000, 0x8000, 0x8000,
    0x8000, 0x8000, 0x8000, 0x8000, 0x8000, 0x8000, 0x8000, 0x8000, 0x8000, 0x8000, 0x8000, 0x8000, 0x8000, 0x8000, 0x8000, 0x8000,
    0x8000, 0x8000, 0x8000, 0x8000, 0x8000, 0x8000, 0x8000, 0x8000, 0x8000, 0x8000, 0x8000, 0x8000, 0x8000, 0x8000, 0x8000, 0x8000,
    0x8000, 0x8000, 0x8000, 0x8000, 0x8000, 0x8000, 0x8000, 0x8000, 0x8000, 0x8000, 0x8000, 0x8000, 0x8000, 0x8000, 0x8000, 0x8000,
    0x8000, 0x8000, 0x8000, 0x8000, 0x8000, 0x8000, 0x8000, 0x8000, 0x8000, 0x8000, 0x8000, 0x8000, 0x8000, 0x8000, 0x8000, 0x8000,
    0x8000, 0x8000, 0x8000, 0x8000, 0x8000, 0x8000, 0x8000, 0x8000, 0x8000, 0x8000, 0x8000, 0x8000, 0x8000, 0x8000, 0x8000, 0x8000,
    0x8000, 0x8000, 0x8000, 0x8000, 0x8000, 0x8000, 0x8000, 0x8000, 0x8000, 0x8000, 0x8000, 0x8000, 0x8000, 0x8000, 0x8000, 0x8000,
    0x8000, 0x8000, 0x8000, 0x8000, 0x8000, 0x8000, 0x8000, 0x8000, 0x8000, 0x8000, 0x8000, 0x8000, 0x8000, 0x8000, 0x8000, 0x8000,
    0x8000, 0x8000, 0x8000, 0x8000, 0x8000, 0x8000, 0x8000, 0x8000, 0x8000, 0x8000, 0x8000, 0x8000, 0x8000, 0x8000, 0x8000, 0x8000,
    0x8000, 0x8000, 0x8000, 0x8000, 0x8000, 0x8000, 0x8000, 0x8000, 0x8000, 0x8000, 0x8000, 0x8000, 0x8000, 0x8000, 0x8000, 0x8000,
    0x8000, 0x8000, 0x8000, 0x8000, 0x8000, 0x8000, 0x8000, 0x8000, 0x8000, 0x8000, 0x8000, 0x8000, 0x8000, 0x8000, 0x8000, 0x8000,
    0x8000, 0x8000, 0x8000, 0x8000, 0x8000, 0x8000, 0x8000, 0x8000, 0x8000, 0x8000, 0x8000, 0x8000, 0x8000, 0x8000, 0x8000, 0x8000,
    0x8000, 0x8000, 0x8000, 0x8000, 0x8000, 0x8000, 0x8000, 0x8000, 0x8000, 0x8000, 0x8000, 0x8000, 0x8000, 0x8000, 0x8000, 0x8000,
    0x8000, 0x8000, 0x8000, 0x8000, 0x8000, 0x8000, 0x8000, 0x8000, 0x8000, 0x8000, 0x8000, 0x8000, 0x8000, 0x8000, 0x8000, 0x8000,
    0x8000, 0x8000, 0x8000, 0x8000, 0x8000, 0x8000, 0x8000, 0x8000, 0x8000, 0x8000, 0x8000, 0x8000, 0x8000, 0x8000, 0x8000, 0x8000,
    0x8000, 0x8000, 0x8000, 0x8000, 0x8000, 0x8000, 0x8000, 0x8000, 0x8000, 0x8000, 0x8000, 0x8000, 0x8000, 0x8000, 0x8000, 0x8000,
    0x8000, 0x8000, 0x8000, 0x8000, 0x8000, 0x8000, 0x8000, 0x8000, 0x8000, 0x8000, 0x8000, 0x8000, 0x8000, 0x8000, 0x8000, 0x8000,
    0x8000, 0x8000, 0x8000, 0x8000, 0x8000, 0x8000, 0x8000, 0x8000, 0x8000, 0x8000, 0x8000, 0x8000, 0x8000, 0x8000, 0x8000, 0x8000,
    0x8000, 0x8000, 0x8000, 0x8000, 0x8000, 0x8000, 0x8000, 0x8000, 0x8000, 0x8000, 0x8000, 0x8000, 0x8000, 0x8000, 0x8000, 0x8000,
    0x8000, 0x8000, 0x8000, 0x8000, 0x8000, 0x8000, 0x8000, 0x8000, 0x8000, 0x8000, 0x8000, 0x8000, 0x8000, 0x8000, 0x8000, 0x8000,
    0x8000, 0x8000, 0x8000, 0x8000, 0x8000, 0x8000, 0x8000, 0x8000, 0x8000, 0x8000, 0x8000, 0x8000, 0x8000, 0x8000, 0x8000, 0x8000,
    0x8000, 0x8000, 0x8000, 0x8000, 0x8000, 0x8000, 0x8000, 0x8000, 0x8000, 0x8000, 0x8000, 0x8000, 0x8000, 0x8000, 0x8000, 0x8000,
    0x8000, 0x8000, 0x8000, 0x8000, 0x8000, 0x8000, 0x8000, 0x8000, 0x8000, 0x8000, 0x8000, 0x8000, 0x8000, 0x8000, 0x8000, 0x8000,
    0x8000, 0x8000, 0x8000, 0x8000, 0x8000, 0x8000, 0x8000, 0x8000, 0x8000, 0x8000, 0x8000, 0x8000, 0x8000, 0x8000, 0x8000, 0x8000,
    0x8000, 0x8000, 0x8000, 0x8000, 0x8000, 0x8000, 0x8000, 0x8000, 0x8000, 0x8000, 0x8000, 0x8000, 0x8000, 0x8000, 0x8000, 0x8000,
    0x8000, 0x8000, 0x8000, 0x8000, 0x8000, 0x8000, 0x8000, 0x8000, 0x8000, 0x8000, 0x8000, 0x8000, 0x8000, 0x8000, 0x8000, 0x8000,
    0x8000, 0x8000, 0x8000, 0x8000, 0x8000, 0x8000, 0x8000, 0x8000, 0x8000, 0x8000, 0x8000, 0x8000, 0x8000, 0x8000, 0x8000, 0x8000,
    0x8000, 0x8000, 0x8000, 0x8000, 0x8000, 0x8000, 0x8000, 0x8000, 0x8000, 0x8000, 0x8000, 0x8000, 0x8000, 0x8000, 0x8000, 0x8000,
    0x8000, 0x8000, 0x8000, 0x8000, 0x8000, 0x8000, 0x8000, 0x8000, 0x8000, 0x8000, 0x8000, 0x8000, 0x8000, 0x8000, 0x8000, 0x8000,
    0x8000, 0x8000, 0x8000, 0x8000, 0x8000, 0x8000, 0x8000, 0x8000, 0x8000, 0x8000, 0x8000, 0x8000, 0x8000, 0x8000, 0x8000, 0x8000,
    0x8000, 0x8000, 0x8000, 0x8000, 0x8000, 0x8000, 0x8000, 0x8000, 0x8000, 0x8000, 0x8000, 0x8000, 0x8000, 0x8000, 0x8000, 0x8000,
    0x8000, 0x8000, 0x8000, 0x8000, 0x8000, 0x8000, 0x8000, 0x8000, 0x8000, 0x8000, 0x8000, 0x8000, 0x8000, 0x8000, 0x8000, 0x8000,
    0x8000, 0x8000, 0x8000, 0x8000, 0x8000, 0x8000, 0x8000, 0x8000, 0x8000, 0x8000, 0x8000, 0x8000, 0x8000, 0x8000, 0x8000, 0x8000,
    0x8000, 0x8000, 0x8000, 0x8000, 0x8000, 0x8000, 0x8000, 0x8000, 0x8000, 0x8000, 0x8000, 0x8000, 0x8000, 0x8000, 0x8000, 0x8000,
    0x8000, 0x8000, 0x8000, 0x8000, 0x8000, 0x8000, 0x8000, 0x8000, 0x8000, 0x8000, 0x8000, 0x8000, 0x8000, 0x8000, 0x8000, 0x8000,
    0x8000, 0x8000, 0x8000, 0x8000, 0x8000, 0x8000, 0x8000, 0x8000, 0x8000, 0x8000, 0x8000, 0x8000, 0x8000, 0x8000, 0x8000, 0x8000,
    0x8000, 0x8000, 0x8000, 0x8000, 0x8000, 0x8000, 0x8000, 0x8000, 0x8000, 0x8000, 0x8000, 0x8000, 0x8000, 0x8000, 0x8000, 0x8000,
    0x8000, 0x8000, 0x8000, 0x8000, 0x8000, 0x8000, 0x8000, 0x8000, 0x8000, 0x8000, 0x8000, 0x8000, 0x8000, 0x8000, 0x8000, 0x8000,
    0x8000, 0x8000, 0x8000, 0x8000, 0x8000, 0x8000, 0x8000, 0x8000, 0x8000, 0x8000, 0x8000, 0x8000, 0x8000, 0x8000, 0x8000, 0x8000,
    0x8000, 0x8000, 0x8000, 0x8000, 0x8000, 0x8000, 0x8000, 0x8000, 0x8000, 0x8000, 0x8000, 0x8000, 0x8000, 0x8000, 0x8000, 0x8000,
    0x8000, 0x8000, 0x8000, 0x8000, 0x8000, 0x8000, 0x8000, 0x8000, 0x8000, 0x8000, 0x8000, 0x8000, 0x8000, 0x8000, 0x8000, 0x8000,
    0x8000, 0x8000, 0x8000, 0x8000, 0x8000, 0x8000, 0x8000, 0x8000, 0x8000, 0x8000, 0x8000, 0x8000, 0x8000, 0x8000, 0x8000, 0x8000,
    0x8000, 0x8000, 0x8000, 0x8000, 0x8000, 0x8000, 0x8000, 0x8000, 0x8000, 0x8000, 0x8000, 0x8000, 0x8000, 0x8000, 0x8000, 0x8000,
    0x8000, 0x8000, 0x8000, 0x8000, 0x8000, 0x8000, 0x8000, 0x8000, 0x8000, 0x8000, 0x8000, 0x8000, 0x8000, 0x8000, 0x8000, 0x8000,
    0x8000, 0x8000, 0x8000, 0x8000, 0x8000, 0x8000, 0x8000, 0x8000, 0x8000, 0x8000, 0x8000, 0x8000, 0x8000, 0x8000, 0x8000, 0x8000,
    0x8000, 0x8000, 0x8000, 0x8000, 0x8000, 0x8000, 0x8000, 0x8000, 0x8000, 0x8000, 0x8000, 0x8000, 0x8000, 0x8000, 0x8000, 0x8000,
    0x8000, 0x8000, 0x8000, 0x8000, 0x8000, 0x8000, 0x8000, 0x8000, 0x8000, 0x8000, 0x8000, 0x8000, 0x8000, 0x8000, 0x8000, 0x8000,
    0x8000, 0x8000, 0x8000, 0x8000, 0x8000, 0x8000, 0x8000, 0x8000, 0x8000, 0x8000, 0x8000, 0x8000, 0x8000, 0x8000, 0x8000, 0x8000,
    0x8000, 0x8000, 0x8000, 0x8000, 0x8000, 0x8000, 0x8000, 0x8000, 0x8000, 0x8000, 0x8000, 0x8000, 0x8000, 0x8000, 0x8000, 0x8000,
    0x8000, 0x8000, 0x8000, 0x8000, 0x8000, 0x8000, 0x8000, 0x8000, 0x8000, 0x8000, 0x8000, 0x8000, 0x8000, 0x8000, 0x8000, 0x8000,
    0x8000, 0x8000, 0x8000, 0x8000, 0x8000, 0x8000, 0x8000, 0x8000, 0x8000, 0x8000, 0x8000, 0x8000, 0x8000, 0x8000, 0x8000, 0x8000,
    0x8000, 0x8000, 0x8000, 0x8000, 0x8000, 0x8000, 0x8000, 0x8000, 0x8000, 0x8000, 0x8000, 0x8000, 0x8000, 0x8000, 0x8000, 0x8000,
    0x8000, 0x8000, 0x8000, 0x8000, 0x8000, 0x8000, 0x8000, 0x8000, 0x8000, 0x8000, 0x8000, 0x8000, 0x8000, 0x8000, 0x8000, 0x8000,
    0x8000, 0x8000, 0x8000, 0x8000, 0x8000, 0x8000, 0x8000, 0x8000, 0x8000, 0x8000, 0x8000, 0x8000, 0x8000, 0x8000, 0x8000, 0x8000,
    0x8000, 0x8000, 0x8000, 0x8000, 0x8000, 0x8000, 0x8000, 0x8000, 0x8000, 0x8000, 0x8000, 0x8000, 0x8000, 0x8000, 0x8000, 0x8000,
    0x8000, 0x8000, 0x8000, 0x8000, 0x8000, 0x8000, 0x8000, 0x8000, 0x8000, 0x8000, 0x8000, 0x8000, 0x8000, 0x8000, 0x8000, 0x8000,
    0x8000, 0x8000, 0x8000, 0x8000, 0x8000, 0x8000, 0x8000, 0x8000, 0x8000, 0x8000, 0x8000, 0x8000, 0x8000, 0x8000, 0x8000, 0x8000,
    0x8000, 0x8000, 0x8000, 0x8000, 0x8000, 0x8000, 0x8000, 0x8000, 0x8000, 0x8000, 0x8000, 0x8000, 0x8000, 0x8000, 0x8000, 0x8000,
    0x8000, 0x8000, 0x8000, 0x8000, 0x8000, 0x8000, 0x8000, 0x8000, 0x8000, 0x8000, 0x8000, 0x8000, 0x8000, 0x8000, 0x8000, 0x8000,
    0x8000, 0x8000, 0x8000, 0x8000, 0x8000, 0x8000, 0x8000, 0x8000, 0x8000, 0x8000, 0x8000, 0x8000, 0x8000, 0x8000, 0x8000, 0x8000,
    0x8000, 0x8000, 0x8000, 0x8000, 0x8000, 0x8000, 0x8000, 0x8000, 0x8000, 0x8000, 0x8000, 0x8000, 0x8000, 0x8000, 0x8000, 0x8000,
    0x8000, 0x8000, 0x8000, 0x8000, 0x8000, 0x8000, 0x8000, 0x8000, 0x8000, 0x8000, 0x8000, 0x8000, 0x8000, 0x8000, 0x8000, 0x8000,
    0x8000, 0x8000, 0x8000, 0x8000, 0x8000, 0x8000, 0x8000, 0x8000, 0x8000, 0x8000, 0x8000, 0x8000, 0x8000, 0x8000, 0x8000, 0x8000,
    0x8000, 0x8000, 0x8000, 0x8000, 0x8000, 0x8000, 0x8000, 0x8000, 0x8000, 0x8000, 0x8000, 0x8000, 0x8000, 0x8000, 0x8000, 0x8000,
    0x8000, 0x8000, 0x8000, 0x8000, 0x8000, 0x8000, 0x8000, 0x8000, 0x8000, 0x8000, 0x8000, 0x8000, 0x8000, 0x8000, 0x8000, 0x8000,
    0x8000, 0x8000, 0x8000, 0x8000, 0x8000, 0x8000, 0x8000, 0x8000, 0x8000, 0x8000, 0x8000, 0x8000, 0x8000, 0x8000, 0x8000, 0x8000,
    0x8000, 0x8000, 0x8000, 0x8000, 0x8000, 0x8000, 0x8000, 0x8000, 0x8000, 0x8000, 0x8000, 0x8000, 0x8000, 0x8000, 0x8000, 0x8000,
    0x8000, 0x8000, 0x8000, 0x8000, 0x8000, 0x8000, 0x8000, 0x8000, 0x8000, 0x8000, 0x8000, 0x8000, 0x8000, 0x8000, 0x8000, 0x8000,
    0x8000, 0x8000, 0x8000, 0x8000, 0x8000, 0x8000, 0x8000, 0x8000, 0x8000, 0x8000, 0x8000, 0x8000, 0x8000, 0x8000, 0x8000, 0x8000,
    0x8000, 0x8000, 0x8000, 0x8000, 0x8000, 0x8000, 0x8000, 0x8000, 0x8000, 0x8000, 0x8000, 0x8000, 0x8000, 0x8000, 0x8000, 0x8000,
    0x8000, 0x8000, 0x8000, 0x8000, 0x8000, 0x8000, 0x8000, 0x8000, 0x8000, 0x8000, 0x8000, 0x8000, 0x8000, 0x8000, 0x8000, 0x8000,
    0x8000, 0x8000, 0x8000, 0x8000, 0x8000, 0x8000, 0x8000, 0x8000, 0x8000, 0x8000, 0x8000, 0x8000, 0x8000, 0x8000, 0x8000, 0x8000,
    0x8000, 0x8000, 0x8000, 0x8000, 0x8000, 0x8000, 0x8000, 0x8000, 0x8000, 0x8000, 0x8000, 0x8000, 0x8000, 0x8000, 0x8000, 0x8000,
    0x8000, 0x8000, 0x8000, 0x8000, 0x8000, 0x8000, 0x8000, 0x8000, 0x8000, 0x8000, 0x8000, 0x8000, 0x8000, 0x8000, 0x8000, 0x8000,
    0x8000, 0x8000, 0x8000, 0x8000, 0x8000, 0x8000, 0x8000, 0x8000, 0x8000, 0x8000, 0x8000, 0x8000, 0x8000, 0x8000, 0x8000, 0x8000,
    0x8000, 0x8000, 0x8000, 0x8000, 0x8000, 0x8000, 0x8000, 0x8000, 0x8000, 0x8000, 0x8000, 0x8000, 0x8000, 0x8000, 0x8000, 0x8000,
    0x8000, 0x8000, 0x8000, 0x8000, 0x8000, 0x8000, 0x8000, 0x8000, 0x8000, 0x8000, 0x8000, 0x8000, 0x8000, 0x8000, 0x8000, 0x8000,
    0x8000, 0x8000, 0x8000, 0x8000, 0x8000, 0x8000, 0x8000, 0x8000, 0x8000, 0x8000, 0x8000, 0x8000, 0x8000, 0x8000, 0x8000, 0x8000,
    0x8000, 0x8000, 0x8000, 0x8000, 0x8000, 0x8000, 0x8000, 0x8000, 0x8000, 0x8000, 0x8000, 0x8000, 0x8000, 0x8000, 0x8000, 0x8000,
    0x8000, 0x8000, 0x8000, 0x8000, 0x8000, 0x8000, 0x8000, 0x8000, 0x8000, 0x8000, 0x8000, 0x8000, 0x8000, 0x8000, 0x8000, 0x8000,
    0x8000, 0x8000, 0x8000, 0x8000, 0x8000, 0x8000, 0x8000, 0x8000, 0x8000, 0x8000, 0x8000, 0x8000, 0x8000, 0x8000, 0x8000, 0x8000,
    0x8000, 0x8000, 0x8000, 0x8000, 0x8000, 0x8000, 0x8000, 0x8000, 0x8000, 0x8000, 0x8000, 0x8000, 0x8000, 0x8000, 0x8000, 0x8000,
    0x8000, 0x8000, 0x8000, 0x8000, 0x8000, 0x8000, 0x8000, 0x8000, 0x8000, 0x8000, 0x8000, 0x8000, 0x8000, 0x8000, 0x8000, 0x8000,
    0x8000, 0x8000, 0x8000, 0x8000, 0x8000, 0x8000, 0x8000, 0x8000, 0x8000, 0x8000, 0x8000, 0x8000, 0x8000, 0x8000, 0x8000, 0x8000,
    0x8000, 0x8000, 0x8000, 0x8000, 0x8000, 0x8000, 0x8000, 0x8000, 0x8000, 0x8000, 0x8000, 0x8000, 0x8000, 0x8000, 0x8000, 0x8000,
    0x8000, 0x8000, 0x8000, 0x8000, 0x8000, 0x8000, 0x8000, 0x8000, 0x8000, 0x8000, 0x8000, 0x8000, 0x8000, 0x8000, 0x8000, 0x8000,
    0x8000, 0x8000, 0x8000, 0x8000, 0x8000, 0x8000, 0x8000, 0x8000, 0x8000, 0x8000, 0x8000, 0x8000, 0x8000, 0x8000, 0x8000, 0x8000,
    0x8000, 0x8000, 0x8000, 0x8000, 0x8000, 0x8000, 0x8000, 0x8000, 0x8000, 0x8000, 0x8000, 0x8000, 0x8000, 0x8000, 0x8000, 0x8000,
    0x8000, 0x8000, 0x8000, 0x8000, 0x8000, 0x8000, 0x8000, 0x8000, 0x8000, 0x8000, 0x8000, 0x8000, 0x8000, 0x8000, 0x8000, 0x8000,
    0x8000, 0x8000, 0x8000, 0x8000, 0x8000, 0x8000, 0x8000, 0x8000, 0x8000, 0x8000, 0x8000, 0x8000, 0x8000, 0x8000, 0x8000, 0x8000,
    0x8000, 0x8000, 0x8000, 0x8000, 0x8000, 0x8000, 0x8000, 0x8000, 0x8000, 0x8000, 0x8000, 0x8000, 0x8000, 0x8000, 0x8000, 0x8000,
    0x8000, 0x8000, 0x8000, 0x8000, 0x8000, 0x8000, 0x8000, 0x8000, 0x8000, 0x8000, 0x8000, 0x8000, 0x8000, 0x8000, 0x8000, 0x8000,
    0x8000, 0x8000, 0x8000, 0x8000, 0x8000, 0x8000, 0x8000, 0x8000, 0x8000, 0x8000, 0x8000, 0x8000, 0x8000, 0x8000, 0x8000, 0x8000,
    0x8000, 0x8000, 0x8000, 0x8000, 0x8000, 0x8000, 0x8000, 0x8000, 0x8000, 0x8000, 0x8000, 0x8000, 0x8000, 0x8000, 0x8000, 0x8000,
    0x8000, 0x8000, 0x8000, 0x8000, 0x8000, 0x8000, 0x8000, 0x8000, 0x8000, 0x8000, 0x8000, 0x8000, 0x8000, 0x8000, 0x8000, 0x8000,
    0x8000, 0x8000, 0x8000, 0x8000, 0x8000, 0x8000, 0x8000, 0x8000, 0x8000, 0x8000, 0x8000, 0x8000, 0x8000, 0x8000, 0x8000, 0x8000,
    0x8000, 0x8000, 0x8000, 0x8000, 0x8000, 0x8000, 0x8000, 0x8000, 0x8000, 0x8000, 0x8000, 0x8000, 0x8000, 0x8000, 0x8000, 0x8000,
    0x8000, 0x8000, 0x8000, 0x8000, 0x8000, 0x8000, 0x8000, 0x8000, 0x8000, 0x8000, 0x8000, 0x8000, 0x8000, 0x8000, 0x8000, 0x8000,
    0x8000, 0x8000, 0x8000, 0x8000, 0x8000, 0x8000, 0x8000, 0x8000, 0x8000, 0x8000, 0x8000, 0x8000, 0x8000, 0x8000, 0x8000, 0x8000,
    0x8000, 0x8000, 0x8000, 0x8000, 0x8000, 0x8000, 0x8000, 0x8000, 0x8000, 0x8000, 0x8000, 0x8000, 0x8000, 0x8000, 0x8000, 0x8000,
    0x8000, 0x8000, 0x8000, 0x8000, 0x8000, 0x8000, 0x8000, 0x8000, 0x8000, 0x8000, 0x8000, 0x8000, 0x8000, 0x8000, 0x8000, 0x8000,
    0x8000, 0x8000, 0x8000, 0x8000, 0x8000, 0x8000, 0x8000, 0x8000, 0x8000, 0x8000, 0x8000, 0x8000, 0x8000, 0x8000, 0x8000, 0x8000,
    0x8000, 0x8000, 0x8000, 0x8000, 0x8000, 0x8000, 0x8000, 0x8000, 0x8000, 0x8000, 0x8000, 0x8000, 0x8000, 0x8000, 0x8000, 0x8000,
    0x8000, 0x8000, 0x8000, 0x8000, 0x8000, 0x8000, 0x8000, 0x8000, 0x8000, 0x8000, 0x8000, 0x8000, 0x8000, 0x8000, 0x8000, 0x8000,
    0x8000, 0x8000, 0x8000, 0x8000, 0x8000, 0x8000, 0x8000, 0x8000, 0x8000, 0x8000, 0x8000, 0x8000, 0x8000, 0x8000, 0x8000, 0x8000,
    0x8000, 0x8000, 0x8000, 0x8000, 0x8000, 0x8000, 0x8000, 0x8000, 0x8000, 0x8000, 0x8000, 0x8000, 0x8000, 0x8000, 0x8000, 0x8000,
    0x8000, 0x8000, 0x8000, 0x8000, 0x8000, 0x8000, 0x8000, 0x8000, 0x8000, 0x8000, 0x8000, 0x8000, 0x8000, 0x8000, 0x8000, 0x8000,
    0x8000, 0x8000, 0x8000, 0x8000, 0x8000, 0x8000, 0x8000, 0x8000, 0x8000, 0x8000, 0x8000, 0x8000, 0x8000, 0x8000, 0x8000, 0x8000,
    0x8000, 0x8000, 0x8000, 0x8000, 0x8000, 0x8000, 0x8000, 0x8000, 0x8000, 0x8000, 0x8000, 0x8000, 0x8000, 0x8000, 0x8000, 0x8000,
    0x8000, 0x8000, 0x8000, 0x8000, 0x8000, 0x8000, 0x8000, 0x8000, 0x8000, 0x8000, 0x8000, 0x8000, 0x8000, 0x8000, 0x8000, 0x8000,
    0x8000, 0x8000, 0x8000, 0x8000, 0x8000, 0x8000, 0x8000, 0x8000, 0x8000, 0x8000, 0x8000, 0x8000, 0x8000, 0x8000, 0x8000, 0x8000,
    0x8000, 0x8000, 0x8000, 0x8000, 0x8000, 0x8000, 0x8000, 0x8000, 0x8000, 0x8000, 0x8000, 0x8000, 0x8000, 0x8000, 0x8000, 0x8000,
    0x8000, 0x8000, 0x8000, 0x8000, 0x8000, 0x8000, 0x8000, 0x8000, 0x8000, 0x8000, 0x8000, 0x8000, 0x8000, 0x8000, 0x8000, 0x8000,
    0x8000, 0x8000, 0x8000, 0x8000, 0x8000, 0x8000, 0x8000, 0x8000, 0x8000, 0x8000, 0x8000, 0x8000, 0x8000, 0x8000, 0x8000, 0x8000,
    0x8000, 0x8000, 0x8000, 0x8000, 0x8000, 0x8000, 0x8000, 0x8000, 0x8000, 0x8000, 0x8000, 0x8000, 0x8000, 0x8000, 0x8000, 0x8000,
    0x8000, 0x8000, 0x8000, 0x8000, 0x8000, 0x8000, 0x8000, 0x8000, 0x8000, 0x8000, 0x8000, 0x8000, 0x8000, 0x8000, 0x8000, 0x8000,
    0x8000, 0x8000, 0x8000, 0x8000, 0x8000, 0x8000, 0x8000, 0x8000, 0x8000, 0x8000, 0x8000, 0x8000, 0x8000, 0x8000, 0x8000, 0x8000,
    0x8000, 0x8000, 0x8000, 0x8000, 0x8000, 0x8000, 0x8000, 0x8000, 0x8000, 0x8000, 0x8000, 0x8000, 0x8000, 0x8000, 0x8000, 0x8000,
    0x8000, 0x8000, 0x8000, 0x8000, 0x8000, 0x8000, 0x8000, 0x8000, 0x8000, 0x8000, 0x8000, 0x8000, 0x8000, 0x8000, 0x8000, 0x8000,
    0x8000, 0x8000, 0x8000, 0x8000, 0x8000, 0x8000, 0x8000, 0x8000, 0x8000, 0x8000, 0x8000, 0x8000, 0x8000, 0x8000, 0x8000, 0x8000,
    0x8000, 0x8000, 0x8000, 0x8000, 0x8000, 0x8000, 0x8000, 0x8000, 0x8000, 0x8000, 0x8000, 0x8000, 0x8000, 0x8000, 0x8000, 0x8000,
    0x8000, 0x8000, 0x8000, 0x8000, 0x8000, 0x8000, 0x8000, 0x8000, 0x8000, 0x8000, 0x8000, 0x8000, 0x8000, 0x8000, 0x8000, 0x8000,
    0x8000, 0x8000, 0x8000, 0x8000, 0x8000, 0x8000, 0x8000, 0x8000, 0x8000, 0x8000, 0x8000, 0x8000, 0x8000, 0x8000, 0x8000, 0x8000,
    0x8000, 0x8000, 0x8000, 0x8000, 0x8000, 0x8000, 0x8000, 0x8000, 0x8000, 0x8000, 0x8000, 0x8000, 0x8000, 0x8000, 0x8000, 0x8000,
    0x8000, 0x8000, 0x8000, 0x8000, 0x8000, 0x8000, 0x8000, 0x8000, 0x8000, 0x8000, 0x8000, 0x8000, 0x8000, 0x8000, 0x8000, 0x8000,
    0x8000, 0x8000, 0x8000, 0x8000, 0x8000, 0x8000, 0x8000, 0x8000, 0x8000, 0x8000, 0x8000, 0x8000, 0x8000, 0x8000, 0x8000, 0x8000,
    0x8000, 0x8000, 0x8000, 0x8000, 0x8000, 0x8000, 0x8000, 0x8000, 0x8000, 0x8000, 0x8000, 0x8000, 0x8000, 0x8000, 0x8000, 0x8000,
    0x8000, 0x8000, 0x8000, 0x8000, 0x8000, 0x8000, 0x8000, 0x8000, 0x8000, 0x8000, 0x8000, 0x8000, 0x8000, 0x8000, 0x8000, 0x8000,
    0x8000, 0x8000, 0x8000, 0x8000, 0x8000, 0x8000, 0x8000, 0x8000, 0x8000, 0x8000, 0x8000, 0x8000, 0x8000, 0x8000, 0x8000, 0x8000,
    0x8000, 0x8000, 0x8000, 0x8000, 0x8000, 0x8000, 0x8000, 0x8000, 0x8000, 0x8000, 0x8000, 0x8000, 0x8000, 0x8000, 0x8000, 0x8000,
    0x8000, 0x8000, 0x8000, 0x8000, 0x8000, 0x8000, 0x8000, 0x8000, 0x8000, 0x8000, 0x8000, 0x8000, 0x8000, 0x8000, 0x8000, 0x8000,
    0x8000, 0x8000, 0x8000, 0x8000, 0x8000, 0x8000, 0x8000, 0x8000, 0x8000, 0x8000, 0x8000, 0x8000, 0x8000, 0x8000, 0x8000, 0x8000,
    0x8000, 0x8000, 0x8000, 0x8000, 0x8000, 0x8000, 0x8000, 0x8000, 0x8000, 0x8000, 0x8000, 0x8000, 0x8000, 0x8000, 0x8000, 0x8000,
    0x8000, 0x8000, 0x8000, 0x8000, 0x8000, 0x8000, 0x8000, 0x8000, 0x8000, 0x8000, 0x8000, 0x8000, 0x8000, 0x8000, 0x8000, 0x8000,
    0x8000, 0x8000, 0x8000, 0x8000, 0x8000, 0x8000, 0x8000, 0x8000, 0x8000, 0x8000, 0x8000, 0x8000, 0x8000, 0x8000, 0x8000, 0x8000,
    0x8000, 0x8000, 0x8000, 0x8000, 0x8000, 0x8000, 0x8000, 0x8000, 0x8000, 0x8000, 0x8000, 0x8000, 0x8000, 0x8000, 0x8000, 0x8000,
    0x8000, 0x8000, 0x8000, 0x8000, 0x8000, 0x8000, 0x8000, 0x8000, 0x8000, 0x8000, 0x8000, 0x8000, 0x8000, 0x8000, 0x8000, 0x8000,
    0x8000, 0x8000, 0x8000, 0x8000, 0x8000, 0x8000, 0x8000, 0x8000, 0x8000, 0x8000, 0x8000, 0x8000, 0x8000, 0x8000, 0x8000, 0x8000,
    0x8000, 0x8000, 0x8000, 0x8000, 0x8000, 0x8000, 0x8000, 0x8000, 0x8000, 0x8000, 0x8000, 0x8000, 0x8000, 0x8000, 0x8000, 0x8000,
    0x8000, 0x8000, 0x8000, 0x8000, 0x8000, 0x8000, 0x8000, 0x8000, 0x8000, 0x8000, 0x8000, 0x8000, 0x8000, 0x8000, 0x8000, 0x8000,
    0x8000, 0x8000, 0x8000, 0x8000, 0x8000, 0x8000, 0x8000, 0x8000, 0x8000, 0x8000, 0x8000, 0x8000, 0x8000, 0x8000, 0x8000, 0x8000,
    0x8000, 0x8000, 0x8000, 0x8000, 0x8000, 0x8000, 0x8000, 0x8000, 0x8000, 0x8000, 0x8000, 0x8000, 0x8000, 0x8000, 0x8000, 0x8000,
    0x8000, 0x8000, 0x8000, 0x8000, 0x8000, 0x8000, 0x8000, 0x8000, 0x8000, 0x8000, 0x8000, 0x8000, 0x8000, 0x8000, 0x8000, 0x8000,
    0x8000, 0x8000, 0x8000, 0x8000, 0x8000, 0x8000, 0x8000, 0x8000, 0x8000, 0x8000, 0x8000, 0x8000, 0x8000, 0x8000, 0x8000, 0x8000,
    0x8000, 0x8000, 0x8000, 0x8000, 0x8000, 0x8000, 0x8000, 0x8000, 0x8000, 0x8000, 0x8000, 0x8000, 0x8000, 0x8000, 0x8000, 0x8000,
    0x8000, 0x8000, 0x8000, 0x8000, 0x8000, 0x8000, 0x8000, 0x8000, 0x8000, 0x8000, 0x8000, 0x8000, 0x8000, 0x8000, 0x8000, 0x8000,
    0x8000, 0x8000, 0x8000, 0x8000, 0x8000, 0x8000, 0x8000, 0x8000, 0x8000, 0x8000, 0x8000, 0x8000, 0x8000, 0x8000, 0x8000, 0x8000,
    0x8000, 0x8000, 0x8000, 0x8000, 0x8000, 0x8000, 0x8000, 0x8000, 0x8000, 0x8000, 0x8000, 0x8000, 0x8000, 0x8000, 0x8000, 0x8000,
    0x8000, 0x8000, 0x8000, 0x8000, 0x8000, 0x8000, 0x8000, 0x8000, 0x8000, 0x8000, 0x8000, 0x8000, 0x8000, 0x8000, 0x8000, 0x8000,
    0x8000, 0x8000, 0x8000, 0x8000, 0x8000, 0x8000, 0x8000, 0x8000, 0x8000, 0x8000, 0x8000, 0x8000, 0x8000, 0x8000, 0x8000, 0x8000,
    0x8000, 0x8000, 0x8000, 0x8000, 0x8000, 0x8000, 0x8000, 0x8000, 0x8000, 0x8000, 0x8000, 0x8000, 0x8000, 0x8000, 0x8000, 0x8000,
    0x8000, 0x8000, 0x8000, 0x8000, 0x8000, 0x8000, 0x8000, 0x8000, 0x8000, 0x8000, 0x8000, 0x8000, 0x8000, 0x8000, 0x8000, 0x8000,
    0x8000, 0x8000, 0x8000, 0x8000, 0x8000, 0x8000, 0x8000, 0x8000, 0x8000, 0x8000, 0x8000, 0x8000, 0x8000, 0x8000, 0x8000, 0x8000,
    0x8000, 0x8000, 0x8000, 0x8000, 0x8000, 0x8000, 0x8000, 0x8000, 0x8000, 0x8000, 0x8000, 0x8000, 0x8000, 0x8000, 0x8000, 0x8000,
    0x8000, 0x8000, 0x8000, 0x8000, 0x8000, 0x8000, 0x8000, 0x8000, 0x8000, 0x8000, 0x8000, 0x8000, 0x8000, 0x8000, 0x8000, 0x8000,
    0x8000, 0x8000, 0x8000, 0x8000, 0x8000, 0x8000, 0x8000, 0x8000, 0x8000, 0x8000, 0x8000, 0x8000, 0x8000, 0x8000, 0x8000, 0x8000,
    0x8000, 0x8000, 0x8000, 0x8000, 0x8000, 0x8000, 0x8000, 0x8000, 0x8000, 0x8000, 0x8000, 0x8000, 0x8000, 0x8000, 0x8000, 0x8000,
    0x8000, 0x8000, 0x8000, 0x8000, 0x8000, 0x8000, 0x8000, 0x8000, 0x8000, 0x8000, 0x8000, 0x8000, 0x8000, 0x8000, 0x8000, 0x8000,
    0x8000, 0x8000, 0x8000, 0x8000, 0x8000, 0x8000, 0x8000, 0x8000, 0x8000, 0x8000, 0x8000, 0x8000, 0x8000, 0x8000, 0x8000, 0x8000,
    0x8000, 0x8000, 0x8000, 0x8000, 0x8000, 0x8000, 0x8000, 0x8000, 0x8000, 0x8000, 0x8000, 0x8000, 0x8000, 0x8000, 0x8000, 0x8000,
    0x8000, 0x8000, 0x8000, 0x8000, 0x8000, 0x8000, 0x8000, 0x8000, 0x8000, 0x8000, 0x8000, 0x8000, 0x8000, 0x8000, 0x8000, 0x8000,
    0x8000, 0x8000, 0x8000, 0x8000, 0x8000, 0x8000, 0x8000, 0x8000, 0x8000, 0x8000, 0x8000, 0x8000, 0x8000, 0x8000, 0x8000, 0x8000,
    0x8000, 0x8000, 0x8000, 0x8000, 0x8000, 0x8000, 0x8000, 0x8000, 0x8000, 0x8000, 0x8000, 0x8000, 0x8000, 0x8000, 0x8000, 0x8000,
    0x8000, 0x8000, 0x8000, 0x8000, 0x8000, 0x8000, 0x8000, 0x8000, 0x8000, 0x8000, 0x8000, 0x8000, 0x8000, 0x8000, 0x8000, 0x8000,
    0x8000, 0x8000, 0x8000, 0x8000, 0x8000, 0x8000, 0x8000, 0x8000, 0x8000, 0x8000, 0x8000, 0x8000, 0x8000, 0x8000, 0x8000, 0x8000,
    0x8000, 0x8000, 0x8000, 0x8000, 0x8000, 0x8000, 0x8000, 0x8000, 0x8000, 0x8000, 0x8000, 0x8000, 0x8000, 0x8000, 0x8000, 0x8000,
    0x8000, 0x8000, 0x8000, 0x8000, 0x8000, 0x8000, 0x8000, 0x8000, 0x8000, 0x8000, 0x8000, 0x8000, 0x8000, 0x8000, 0x8000, 0x8000,
    0x8000, 0x8000, 0x8000, 0x8000, 0x8000, 0x8000, 0x8000, 0x8000, 0x8000, 0x8000, 0x8000, 0x8000, 0x8000, 0x8000, 0x8000, 0x8000,
    0x8000, 0x8000, 0x8000, 0x8000, 0x8000, 0x8000, 0x8000, 0x8000, 0x8000, 0x8000, 0x8000, 0x8000, 0x8000, 0x8000, 0x8000, 0x8000,
    0x8000, 0x8000, 0x8000, 0x8000, 0x8000, 0x8000, 0x8000, 0x8000, 0x8000, 0x8000, 0x8000, 0x8000, 0x8000, 0x8000, 0x8000, 0x8000,
    0x8000, 0x8000, 0x8000, 0x8000, 0x8000, 0x8000, 0x8000, 0x8000, 0x8000, 0x8000, 0x8000, 0x8000, 0x8000, 0x8000, 0x8000, 0x8000,
    0x8000, 0x8000, 0x8000, 0x8000, 0x8000, 0x8000, 0x8000, 0x8000, 0x8000, 0x8000, 0x8000, 0x8000, 0x8000, 0x8000, 0x8000, 0x8000,
    0x8000, 0x8000, 0x8000, 0x8000, 0x8000, 0x8000, 0x8000, 0x8000, 0x8000, 0x8000, 0x8000, 0x8000, 0x8000, 0x8000, 0x8000, 0x8000,
    0x8000, 0x8000, 0x8000, 0x8000, 0x8000, 0x8000, 0x8000, 0x8000, 0x8000, 0x8000, 0x8000, 0x8000, 0x8000, 0x8000, 0x8000, 0x8000,
    0x8000, 0x8000, 0x8000, 0x8000, 0x8000, 0x8000, 0x8000, 0x8000, 0x8000, 0x8000, 0x8000, 0x8000, 0x8000, 0x8000, 0x8000, 0x8000,
    0x8000, 0x8000, 0x8000, 0x8000, 0x8000, 0x8000, 0x8000, 0x8000, 0x8000, 0x8000, 0x8000, 0x8000, 0x8000, 0x8000, 0x8000, 0x8000,
    0x8000, 0x8000, 0x8000, 0x8000, 0x8000, 0x8000, 0x8000, 0x8000, 0x8000, 0x8000, 0x8000, 0x8000, 0x8000, 0x8000, 0x8000, 0x8000,
    0x8000, 0x8000, 0x8000, 0x8000, 0x8000, 0x8000, 0x8000, 0x8000, 0x8000, 0x8000, 0x8000, 0x8000, 0x8000, 0x8000, 0x8000, 0x8000,
    0x8000, 0x8000, 0x8000, 0x8000, 0x8000, 0x8000, 0x8000, 0x8000, 0x8000, 0x8000, 0x8000, 0x8000, 0x8000, 0x8000, 0x8000, 0x8000,
    0x8000, 0x8000, 0x8000, 0x8000, 0x8000, 0x8000, 0x8000, 0x8000, 0x8000, 0x8000, 0x8000, 0x8000, 0x8000, 0x8000, 0x8000, 0x8000,
    0x8000, 0x8000, 0x8000, 0x8000, 0x8000, 0x8000, 0x8000, 0x8000, 0x8000, 0x8000, 0x8000, 0x8000, 0x8000, 0x8000, 0x8000, 0x8000,
    0x8000, 0x8000, 0x8000, 0x8000, 0x8000, 0x8000, 0x8000, 0x8000, 0x8000, 0x8000, 0x8000, 0x8000, 0x8000, 0x8000, 0x8000, 0x8000,
    0x8000, 0x8000, 0x8000, 0x8000, 0x8000, 0x8000, 0x8000, 0x8000, 0x8000, 0x8000, 0x8000, 0x8000, 0x8000, 0x8000, 0x8000, 0x8000,
    0x8000, 0x8000, 0x8000, 0x8000, 0x8000, 0x8000, 0x8000, 0x8000, 0x8000, 0x8000, 0x8000, 0x8000, 0x8000, 0x8000, 0x8000, 0x8000,
    0x8000, 0x8000, 0x8000, 0x8000, 0x8000, 0x8000, 0x8000, 0x8000, 0x8000, 0x8000, 0x8000, 0x8000, 0x8000, 0x8000, 0x8000, 0x8000,
    0x8000, 0x8000, 0x8000, 0x8000, 0x8000, 0x8000, 0x8000, 0x8000, 0x8000, 0x8000, 0x8000, 0x8000, 0x8000, 0x8000, 0x8000, 0x8000,
    0x8000, 0x8000, 0x8000, 0x8000, 0x8000, 0x8000, 0x8000, 0x8000, 0x8000, 0x8000, 0x8000, 0x8000, 0x8000, 0x8000, 0x8000, 0x8000,
    0x8000, 0x8000, 0x8000, 0x8000, 0x8000, 0x8000, 0x8000, 0x8000, 0x8000, 0x8000, 0x8000, 0x8000, 0x8000, 0x8000, 0x8000, 0x8000,
    0x8000, 0x8000, 0x8000, 0x8000, 0x8000, 0x8000, 0x8000, 0x8000, 0x8000, 0x8000, 0x8000, 0x8000, 0x8000, 0x8000, 0x8000, 0x8000,
    0x8000, 0x8000, 0x8000, 0x8000, 0x8000, 0x8000, 0x8000, 0x8000, 0x8000, 0x8000, 0x8000, 0x8000, 0x8000, 0x8000, 0x8000, 0x8000,
    0x8000, 0x8000, 0x8000, 0x8000, 0x8000, 0x8000, 0x8000, 0x8000, 0x8000, 0x8000, 0x8000, 0x8000, 0x8000, 0x8000, 0x8000, 0x8000,
    0x8000, 0x8000, 0x8000, 0x8000, 0x8000, 0x8000, 0x8000, 0x8000, 0x8000, 0x8000, 0x8000, 0x8000, 0x8000, 0x8000, 0x8000, 0x8000,
    0x8000, 0x8000, 0x8000, 0x8000, 0x8000, 0x8000, 0x8000, 0x8000, 0x8000, 0x8000, 0x8000, 0x8000, 0x8000, 0x8000, 0x8000, 0x8000,
    0x8000, 0x8000, 0x8000, 0x8000, 0x8000, 0x8000, 0x8000, 0x8000, 0x8000, 0x8000, 0x8000, 0x8000, 0x8000, 0x8000, 0x8000, 0x8000,
    0x8000, 0x8000, 0x8000, 0x8000, 0x8000, 0x8000, 0x8000, 0x8000, 0x8000, 0x8000, 0x8000, 0x8000, 0x8000, 0x8000, 0x8000, 0x8000,
    0x8000, 0x8000, 0x8000, 0x8000, 0x8000, 0x8000, 0x8000, 0x8000, 0x8000, 0x8000, 0x8000, 0x8000, 0x8000, 0x8000, 0x8000, 0x8000,
    0x8000, 0x8000, 0x8000, 0x8000, 0x8000, 0x8000, 0x8000, 0x8000, 0x8000, 0x8000, 0x8000, 0x8000, 0x8000, 0x8000, 0x8000, 0x8000,
    0x8000, 0x8000, 0x8000, 0x8000, 0x8000, 0x8000, 0x8000, 0x8000, 0x8000, 0x8000, 0x8000, 0x8000, 0x8000, 0x8000, 0x8000, 0x8000,
    0x8000, 0x8000, 0x8000, 0x8000, 0x8000, 0x8000, 0x8000, 0x8000, 0x8000, 0x8000, 0x8000, 0x8000, 0x8000, 0x8000, 0x8000, 0x8000,
    0x8000, 0x8000, 0x8000, 0x8000, 0x8000, 0x8000, 0x8000, 0x8000, 0x8000, 0x8000, 0x8000, 0x8000, 0x8000, 0x8000, 0x8000, 0x8000,
    0x8000, 0x8000, 0x8000, 0x8000, 0x8000, 0x8000, 0x8000, 0x8000, 0x8000, 0x8000, 0x8000, 0x8000, 0x8000, 0x8000, 0x8000, 0x8000,
    0x8000, 0x8000, 0x8000, 0x8000, 0x8000, 0x8000, 0x8000, 0x8000, 0x8000, 0x8000, 0x8000, 0x8000, 0x8000, 0x8000, 0x8000, 0x8000,
    0x8000, 0x8000, 0x8000, 0x8000, 0x8000, 0x8000, 0x8000, 0x8000, 0x8000, 0x8000, 0x8000, 0x8000, 0x8000, 0x8000, 0x8000, 0x8000,
    0x8000, 0x8000, 0x8000, 0x8000, 0x8000, 0x8000, 0x8000, 0x8000, 0x8000, 0x8000, 0x8000, 0x8000, 0x8000, 0x8000, 0x8000, 0x8000,
    0x8000, 0x8000, 0x8000, 0x8000, 0x8000, 0x8000, 0x8000, 0x8000, 0x8000, 0x8000, 0x8000, 0x8000, 0x8000, 0x8000, 0x8000, 0x8000,
    0x8000, 0x8000, 0x8000, 0x8000, 0x8000, 0x8000, 0x8000, 0x8000, 0x8000, 0x8000, 0x8000, 0x8000, 0x8000, 0x8000, 0x8000, 0x8000,
    0x8000, 0x8000, 0x8000, 0x8000, 0x8000, 0x8000, 0x8000, 0x8000, 0x8000, 0x8000, 0x8000, 0x8000, 0x8000, 0x8000, 0x8000, 0x8000,
    0x8000, 0x8000, 0x8000, 0x8000, 0x8000, 0x8000, 0x8000, 0x8000, 0x8000, 0x8000, 0x8000, 0x8000, 0x8000, 0x8000, 0x8000, 0x8000,
    0x8000, 0x8000, 0x8000, 0x8000, 0x8000, 0x8000, 0x8000, 0x8000, 0x8000, 0x8000, 0x8000, 0x8000, 0x8000, 0x8000, 0x8000, 0x8000,
    0x8000, 0x8000, 0x8000, 0x8000, 0x8000, 0x8000, 0x8000, 0x8000, 0x8000, 0x8000, 0x8000, 0x8000, 0x8000, 0x8000, 0x8000, 0x8000,
    0x8000, 0x8000, 0x8000, 0x8000, 0x8000, 0x8000, 0x8000, 0x8000, 0x8000, 0x8000, 0x8000, 0x8000, 0x8000, 0x8000, 0x8000, 0x8000,
    0x8000, 0x8000, 0x8000, 0x8000, 0x8000, 0x8000, 0x8000, 0x8000, 0x8000, 0x8000, 0x8000, 0x8000, 0x8000, 0x8000, 0x8000, 0x8000,
    0x8000, 0x8000, 0x8000, 0x8000, 0x8000, 0x8000, 0x8000, 0x8000, 0x8000, 0x8000, 0x8000, 0x8000, 0x8000, 0x8000, 0x8000, 0x8000,
    0x8000, 0x8000, 0x8000, 0x8000, 0x8000, 0x8000, 0x8000, 0x8000, 0x8000, 0x8000, 0x8000, 0x8000, 0x8000, 0x8000, 0x8000, 0x8000,
    0x8000, 0x8000, 0x8000, 0x8000, 0x8000, 0x8000, 0x8000, 0x8000, 0x8000, 0x8000, 0x8000, 0x8000, 0x8000, 0x8000, 0x8000, 0x8000,
    0x8000, 0x8000, 0x8000, 0x8000, 0x8000, 0x8000, 0x8000, 0x8000, 0x8000, 0x8000, 0x8000, 0x8000, 0x8000, 0x8000, 0x8000, 0x8000,
    0x8000, 0x8000, 0x8000, 0x8000, 0x8000, 0x8000, 0x8000, 0x8000, 0x8000, 0x8000, 0x8000, 0x8000, 0x8000, 0x8000, 0x8000, 0x8000,
    0x8000, 0x8000, 0x8000, 0x8000, 0x8000, 0x8000, 0x8000, 0x8000, 0x8000, 0x8000, 0x8000, 0x8000, 0x8000, 0x8000, 0x8000, 0x8000,
    0x8000, 0x8000, 0x8000, 0x8000, 0x8000, 0x8000, 0x8000, 0x8000, 0x8000, 0x8000, 0x8000, 0x8000, 0x8000, 0x8000, 0x8000, 0x8000,
    0x8000, 0x8000, 0x8000, 0x8000, 0x8000, 0x8000, 0x8000, 0x8000, 0x8000, 0x8000, 0x8000, 0x8000, 0x8000, 0x8000, 0x8000, 0x8000,
    0x8000, 0x8000, 0x8000, 0x8000, 0x8000, 0x8000, 0x8000, 0x8000, 0x8000, 0x8000, 0x8000, 0x8000, 0x8000, 0x8000, 0x8000, 0x8000,
    0x8000, 0x8000, 0x8000, 0x8000, 0x8000, 0x8000, 0x8000, 0x8000, 0x8000, 0x8000, 0x8000, 0x8000, 0x8000, 0x8000, 0x8000, 0x8000,
    0x8000, 0x8000, 0x8000, 0x8000, 0x8000, 0x8000, 0x8000, 0x8000, 0x8000, 0x8000, 0x8000, 0x8000, 0x8000, 0x8000, 0x8000, 0x8000,
    0x8000, 0x8000, 0x8000, 0x8000, 0x8000, 0x8000, 0x8000, 0x8000, 0x8000, 0x8000, 0x8000, 0x8000, 0x8000, 0x8000, 0x8000, 0x8000,
    0x8000, 0x8000, 0x8000, 0x8000, 0x8000, 0x8000, 0x8000, 0x8000, 0x8000, 0x8000, 0x8000, 0x8000, 0x8000, 0x8000, 0x8000, 0x8000,
    0x8000, 0x8000, 0x8000, 0x8000, 0x8000, 0x8000, 0x8000, 0x8000, 0x8000, 0x8000, 0x8000, 0x8000, 0x8000, 0x8000, 0x8000, 0x8000,
    0x8000, 0x8000, 0x8000, 0x8000, 0x8000, 0x8000, 0x8000, 0x8000, 0x8000, 0x8000, 0x8000, 0x8000, 0x8000, 0x8000, 0x8000, 0x8000,
    0x8000, 0x8000, 0x8000, 0x8000, 0x8000, 0x8000, 0x8000, 0x8000, 0x8000, 0x8000, 0x8000, 0x8000, 0x8000, 0x8000, 0x8000, 0x8000,
    0x8000, 0x8000, 0x8000, 0x8000, 0x8000, 0x8000, 0x8000, 0x8000, 0x8000, 0x8000, 0x8000, 0x8000, 0x8000, 0x8000, 0x8000, 0x8000,
    0x8000, 0x8000, 0x8000, 0x8000, 0x8000, 0x8000, 0x8000, 0x8000, 0x8000, 0x8000, 0x8000, 0x8000, 0x8000, 0x8000, 0x8000, 0x8000,
    0x8000, 0x8000, 0x8000, 0x8000, 0x8000, 0x8000, 0x8000, 0x8000, 0x8000, 0x8000, 0x8000, 0x8000, 0x8000, 0x8000, 0x8000, 0x8000,
    0x8000, 0x8000, 0x8000, 0x8000, 0x8000, 0x8000, 0x8000, 0x8000, 0x8000, 0x8000, 0x8000, 0x8000, 0x8000, 0x8000, 0x8000, 0x8000,
    0x8000, 0x8000, 0x8000, 0x8000, 0x8000, 0x8000, 0x8000, 0x8000, 0x8000, 0x8000, 0x8000, 0x8000, 0x8000, 0x8000, 0x8000, 0x8000,
    0x8000, 0x8000, 0x8000, 0x8000, 0x8000, 0x8000, 0x8000, 0x8000, 0x8000, 0x8000, 0x8000, 0x8000, 0x8000, 0x8000, 0x8000, 0x8000,
    0x8000, 0x8000, 0x8000, 0x8000, 0x8000, 0x8000, 0x8000, 0x8000, 0x8000, 0x8000, 0x8000, 0x8000, 0x8000, 0x8000, 0x8000, 0x8000,
    0x8000, 0x8000, 0x8000, 0x8000, 0x8000, 0x8000, 0x8000, 0x8000, 0x8000, 0x8000, 0x8000, 0x8000, 0x8000, 0x8000, 0x8000, 0x8000,
    0x8000, 0x8000, 0x8000, 0x8000, 0x8000, 0x8000, 0x8000, 0x8000, 0x8000, 0x8000, 0x8000, 0x8000, 0x8000, 0x8000, 0x8000, 0x8000,
    0x8000, 0x8000, 0x8000, 0x8000, 0x8000, 0x8000, 0x8000, 0x8000, 0x8000, 0x8000, 0x8000, 0x8000, 0x8000, 0x8000, 0x8000, 0x8000,
    0x8000, 0x8000, 0x8000, 0x8000, 0x8000, 0x8000, 0x8000, 0x8000, 0x8000, 0x8000, 0x8000, 0x8000, 0x8000, 0x8000, 0x8000, 0x8000,
    0x8000, 0x8000, 0x8000, 0x8000, 0x8000, 0x8000, 0x8000, 0x8000, 0x8000, 0x8000, 0x8000, 0x8000, 0x8000, 0x8000, 0x8000, 0x8000,
    0x8000, 0x8000, 0x8000, 0x8000, 0x8000, 0x8000, 0x8000, 0x8000, 0x8000, 0x8000, 0x8000, 0x8000, 0x8000, 0x8000, 0x8000, 0x8000,
    0x8000, 0x8000, 0x8000, 0x8000, 0x8000, 0x8000, 0x8000, 0x8000, 0x8000, 0x8000, 0x8000, 0x8000, 0x8000, 0x8000, 0x8000, 0x8000,
    0x8000, 0x8000, 0x8000, 0x8000, 0x8000, 0x8000, 0x8000, 0x8000, 0x8000, 0x8000, 0x8000, 0x8000, 0x8000, 0x8000, 0x8000, 0x8000,
    0x8000, 0x8000, 0x8000, 0x8000, 0x8000, 0x8000, 0x8000, 0x8000, 0x8000, 0x8000, 0x8000, 0x8000, 0x8000, 0x8000, 0x8000, 0x8000,
    0x8000, 0x8000, 0x8000, 0x8000, 0x8000, 0x8000, 0x8000, 0x8000, 0x8000, 0x8000, 0x8000, 0x8000, 0x8000, 0x8000, 0x8000, 0x8000,
    0x8000, 0x8000, 0x8000, 0x8000, 0x8000, 0x8000, 0x8000, 0x8000, 0x8000, 0x8000, 0x8000, 0x8000, 0x8000, 0x8000, 0x8000, 0x8000,
    0x8000, 0x8000, 0x8000, 0x8000, 0x8000, 0x8000, 0x8000, 0x8000, 0x8000, 0x8000, 0x8000, 0x8000, 0x8000, 0x8000, 0x8000, 0x8000,
    0x8000, 0x8000, 0x8000, 0x8000, 0x8000, 0x8000, 0x8000, 0x8000, 0x8000, 0x8000, 0x8000, 0x8000, 0x8000, 0x8000, 0x8000, 0x8000,
    0x8000, 0x8000, 0x8000, 0x8000, 0x8000, 0x8000, 0x8000, 0x8000, 0x8000, 0x8000, 0x8000, 0x8000, 0x8000, 0x8000, 0x8000, 0x8000,
    0x8000, 0x8000, 0x8000, 0x8000, 0x8000, 0x8000, 0x8000, 0x8000, 0x8000, 0x8000, 0x8000, 0x8000, 0x8000, 0x8000, 0x8000, 0x8000,
    0x8000, 0x8000, 0x8000, 0x8000, 0x8000, 0x8000, 0x8000, 0x8000, 0x8000, 0x8000, 0x8000, 0x8000, 0x8000, 0x8000, 0x8000, 0x8000,
    0x8000, 0x8000, 0x8000, 0x8000, 0x8000, 0x8000, 0x8000, 0x8000, 0x8000, 0x8000, 0x8000, 0x8000, 0x8000, 0x8000, 0x8000, 0x8000,
    0x8000, 0x8000, 0x8000, 0x8000, 0x8000, 0x8000, 0x8000, 0x8000, 0x8000, 0x8000, 0x8000, 0x8000, 0x8000, 0x8000, 0x8000, 0x8000,
    0x8000, 0x8000, 0x8000, 0x8000, 0x8000, 0x8000, 0x8000, 0x8000, 0x8000, 0x8000, 0x8000, 0x8000, 0x8000, 0x8000, 0x8000, 0x8000,
    0x8000, 0x8000, 0x8000, 0x8000, 0x8000, 0x8000, 0x8000, 0x8000, 0x8000, 0x8000, 0x8000, 0x8000, 0x8000, 0x8000, 0x8000, 0x8000,
    0x8000, 0x8000, 0x8000, 0x8000, 0x8000, 0x8000, 0x8000, 0x8000, 0x8000, 0x8000, 0x8000, 0x8000, 0x8000, 0x8000, 0x8000, 0x8000,
    0x8000, 0x8000, 0x8000, 0x8000, 0x8000, 0x8000, 0x8000, 0x8000, 0x8000, 0x8000, 0x8000, 0x8000, 0x8000, 0x8000, 0x8000, 0x8000,
    0x8000, 0x8000, 0x8000, 0x8000, 0x8000, 0x8000, 0x8000, 0x8000, 0x8000, 0x8000, 0x8000, 0x8000, 0x8000, 0x8000, 0x8000, 0x8000,
    0x8000, 0x8000, 0x8000, 0x8000, 0x8000, 0x8000, 0x8000, 0x8000, 0x8000, 0x8000, 0x8000, 0x8000, 0x8000, 0x8000, 0x8000, 0x8000,
    0x8000, 0x8000, 0x8000, 0x8000, 0x8000, 0x8000, 0x8000, 0x8000, 0x8000, 0x8000, 0x8000, 0x8000, 0x8000, 0x8000, 0x8000, 0x8000,
    0x8000, 0x8000, 0x8000, 0x8000, 0x8000, 0x8000, 0x8000, 0x8000, 0x8000, 0x8000, 0x8000, 0x8000, 0x8000, 0x8000, 0x8000, 0x8000,
    0x8000, 0x8000, 0x8000, 0x8000, 0x8000, 0x8000, 0x8000, 0x8000, 0x8000, 0x8000, 0x8000, 0x8000, 0x8000, 0x8000, 0x8000, 0x8000,
    0x8000, 0x8000, 0x8000, 0x8000, 0x8000, 0x8000, 0x8000, 0x8000, 0x8000, 0x8000, 0x8000, 0x8000, 0x8000, 0x8000, 0x8000, 0x8000,
    0x8000, 0x8000, 0x8000, 0x8000, 0x8000, 0x8000, 0x8000, 0x8000, 0x8000, 0x8000, 0x8000, 0x8000, 0x8000, 0x8000, 0x8000, 0x8000,
    0x8000, 0x8000, 0x8000, 0x8000, 0x8000, 0x8000, 0x8000, 0x8000, 0x8000, 0x8000, 0x8000, 0x8000, 0x8000, 0x8000, 0x8000, 0x8000,
    0x8000, 0x8000, 0x8000, 0x8000, 0x8000, 0x8000, 0x8000, 0x8000, 0x8000, 0x8000, 0x8000, 0x8000, 0x8000, 0x8000, 0x8000, 0x8000,
    0x8000, 0x8000, 0x8000, 0x8000, 0x8000, 0x8000, 0x8000, 0x8000, 0x8000, 0x8000, 0x8000, 0x8000, 0x8000, 0x8000, 0x8000, 0x8000,
    0x8000, 0x8000, 0x8000, 0x8000, 0x8000, 0x8000, 0x8000, 0x8000, 0x8000, 0x8000, 0x8000, 0x8000, 0x8000, 0x8000, 0x8000, 0x8000,
    0x8000, 0x8000, 0x8000, 0x8000, 0x8000, 0x8000, 0x8000, 0x8000, 0x8000, 0x8000, 0x8000, 0x8000, 0x8000, 0x8000, 0x8000, 0x8000,
    0x8000, 0x8000, 0x8000, 0x8000, 0x8000, 0x8000, 0x8000, 0x8000, 0x8000, 0x8000, 0x8000, 0x8000, 0x8000, 0x8000, 0x8000, 0x8000,
    0x8000, 0x8000, 0x8000, 0x8000, 0x8000, 0x8000, 0x8000, 0x8000, 0x8000, 0x8000, 0x8000, 0x8000, 0x8000, 0x8000, 0x8000, 0x8000,
    0x8000, 0x8000, 0x8000, 0x8000, 0x8000, 0x8000, 0x8000, 0x8000, 0x8000, 0x8000, 0x8000, 0x8000, 0x8000, 0x8000, 0x8000, 0x8000,
    0x8000, 0x8000, 0x8000, 0x8000, 0x8000, 0x8000, 0x8000, 0x8000, 0x8000, 0x8000, 0x8000, 0x8000, 0x8000, 0x8000, 0x8000, 0x8000,
    0x8000, 0x8000, 0x8000, 0x8000, 0x8000, 0x8000, 0x8000, 0x8000, 0x8000, 0x8000, 0x8000, 0x8000, 0x8000, 0x8000, 0x8000, 0x8000,
    0x8000, 0x8000, 0x8000, 0x8000, 0x8000, 0x8000, 0x8000, 0x8000, 0x8000, 0x8000, 0x8000, 0x8000, 0x8000, 0x8000, 0x8000, 0x8000,
    0x8000, 0x8000, 0x8000, 0x8000, 0x8000, 0x8000, 0x8000, 0x8000, 0x8000, 0x8000, 0x8000, 0x8000, 0x8000, 0x8000, 0x8000, 0x8000,
    0x8000, 0x8000, 0x8000, 0x8000, 0x8000, 0x8000, 0x8000, 0x8000, 0x8000, 0x8000, 0x8000, 0x8000, 0x8000, 0x8000, 0x8000, 0x8000,
    0x8000, 0x8000, 0x8000, 0x8000, 0x8000, 0x8000, 0x8000, 0x8000, 0x8000, 0x8000, 0x8000, 0x8000, 0x8000, 0x8000, 0x8000, 0x8000,
    0x8000, 0x8000, 0x8000, 0x8000, 0x8000, 0x8000, 0x8000, 0x8000, 0x8000, 0x8000, 0x8000, 0x8000, 0x8000, 0x8000, 0x8000, 0x8000,
    0x8000, 0x8000, 0x8000, 0x8000, 0x8000, 0x8000, 0x8000, 0x8000, 0x8000, 0x8000, 0x8000, 0x8000, 0x8000, 0x8000, 0x8000, 0x8000,
    0x8000, 0x8000, 0x8000, 0x8000, 0x8000, 0x8000, 0x8000, 0x8000, 0x8000, 0x8000, 0x8000, 0x8000, 0x8000, 0x8000, 0x8000, 0x8000,
    0x8000, 0x8000, 0x8000, 0x8000, 0x8000, 0x8000, 0x8000, 0x8000, 0x8000, 0x8000, 0x8000, 0x8000, 0x8000, 0x8000, 0x8000, 0x8000,
    0x8000, 0x8000, 0x8000, 0x8000, 0x8000, 0x8000, 0x8000, 0x8000, 0x8000, 0x8000, 0x8000, 0x8000, 0x8000, 0x8000, 0x8000, 0x8000,
    0x8000, 0x8000, 0x8000, 0x8000, 0x8000, 0x8000, 0x8000, 0x8000, 0x8000, 0x8000, 0x8000, 0x8000, 0x8000, 0x8000, 0x8000, 0x8000,
    0x8000, 0x8000, 0x8000, 0x8000, 0x8000, 0x8000, 0x8000, 0x8000, 0x8000, 0x8000, 0x8000, 0x8000, 0x8000, 0x8000, 0x8000, 0x8000,
    0x8000, 0x8000, 0x8000, 0x8000, 0x8000, 0x8000, 0x8000, 0x8000, 0x8000, 0x8000, 0x8000, 0x8000, 0x8000, 0x8000, 0x8000, 0x8000,
    0x8000, 0x8000, 0x8000, 0x8000, 0x8000, 0x8000, 0x8000, 0x8000, 0x8000, 0x8000, 0x8000, 0x8000, 0x8000, 0x8000, 0x8000, 0x8000,
    0x8000, 0x8000, 0x8000, 0x8000, 0x8000, 0x8000, 0x8000, 0x8000, 0x8000, 0x8000, 0x8000, 0x8000, 0x8000, 0x8000, 0x8000, 0x8000,
    0x8000, 0x8000, 0x8000, 0x8000, 0x8000, 0x8000, 0x8000, 0x8000, 0x8000, 0x8000, 0x8000, 0x8000, 0x8000, 0x8000, 0x8000, 0x8000,
    0x8000, 0x8000, 0x8000, 0x8000, 0x8000, 0x8000, 0x8000, 0x8000, 0x8000, 0x8000, 0x8000, 0x8000, 0x8000, 0x8000, 0x8000, 0x8000,
    0x8000, 0x8000, 0x8000, 0x8000, 0x8000, 0x8000, 0x8000, 0x8000, 0x8000, 0x8000, 0x8000, 0x8000, 0x8000, 0x8000, 0x8000, 0x8000,
    0x8000, 0x8000, 0x8000, 0x8000, 0x8000, 0x8000, 0x8000, 0x8000, 0x8000, 0x8000, 0x8000, 0x8000, 0x8000, 0x8000, 0x8000, 0x8000,
    0x8000, 0x8000, 0x8000, 0x8000, 0x8000, 0x8000, 0x8000, 0x8000, 0x8000, 0x8000, 0x8000, 0x8000, 0x8000, 0x8000, 0x8000, 0x8000,
    0x8000, 0x8000, 0x8000, 0x8000, 0x8000, 0x8000, 0x8000, 0x8000, 0x8000, 0x8000, 0x8000, 0x8000, 0x8000, 0x8000, 0x8000, 0x8000,
    0x8000, 0x8000, 0x8000, 0x8000, 0x8000, 0x8000, 0x8000, 0x8000, 0x8000, 0x8000, 0x8000, 0x8000, 0x8000, 0x8000, 0x8000, 0x8000,
    0x8000, 0x8000, 0x8000, 0x8000, 0x8000, 0x8000, 0x8000, 0x8000, 0x8000, 0x8000, 0x8000, 0x8000, 0x8000, 0x8000, 0x8000, 0x8000,
    0x8000, 0x8000, 0x8000, 0x8000, 0x8000, 0x8000, 0x8000, 0x8000, 0x8000, 0x8000, 0x8000, 0x8000, 0x8000, 0x8000, 0x8000, 0x8000,
    0x8000, 0x8000, 0x8000, 0x8000, 0x8000, 0x8000, 0x8000, 0x8000, 0x8000, 0x8000, 0x8000, 0x8000, 0x8000, 0x8000, 0x8000, 0x8000,
    0x8000, 0x8000, 0x8000, 0x8000, 0x8000, 0x8000, 0x8000, 0x8000, 0x8000, 0x8000, 0x8000, 0x8000, 0x8000, 0x8000, 0x8000, 0x8000,
    0x8000, 0x8000, 0x8000, 0x8000, 0x8000, 0x8000, 0x8000, 0x8000, 0x8000, 0x8000, 0x8000, 0x8000, 0x8000, 0x8000, 0x8000, 0x8000,
    0x8000, 0x8000, 0x8000, 0x8000, 0x8000, 0x8000, 0x8000, 0x8000, 0x8000, 0x8000, 0x8000, 0x8000, 0x8000, 0x8000, 0x8000, 0x8000,
    0x8000, 0x8000, 0x8000, 0x8000, 0x8000, 0x8000, 0x8000, 0x8000, 0x8000, 0x8000, 0x8000, 0x8000, 0x8000, 0x8000, 0x8000, 0x8000,
    0x8000, 0x8000, 0x8000, 0x8000, 0x8000, 0x8000, 0x8000, 0x8000, 0x8000, 0x8000, 0x8000, 0x8000, 0x8000, 0x8000, 0x8000, 0x8000,
    0x8000, 0x8000, 0x8000, 0x8000, 0x8000, 0x8000, 0x8000, 0x8000, 0x8000, 0x8000, 0x8000, 0x8000, 0x8000, 0x8000, 0x8000, 0x8000,
    0x8000, 0x8000, 0x8000, 0x8000, 0x8000, 0x8000, 0x8000, 0x8000, 0x8000, 0x8000, 0x8000, 0x8000, 0x8000, 0x8000, 0x8000, 0x8000,
    0x8000, 0x8000, 0x8000, 0x8000, 0x8000, 0x8000, 0x8000, 0x8000, 0x8000, 0x8000, 0x8000, 0x8000, 0x8000, 0x8000, 0x8000, 0x8000,
    0x8000, 0x8000, 0x8000, 0x8000, 0x8000, 0x8000, 0x8000, 0x8000, 0x8000, 0x8000, 0x8000, 0x8000, 0x8000, 0x8000, 0x8000, 0x8000,
    0x8000, 0x8000, 0x8000, 0x8000, 0x8000, 0x8000, 0x8000, 0x8000, 0x8000, 0x8000, 0x8000, 0x8000, 0x8000, 0x8000, 0x8000, 0x8000,
    0x8000, 0x8000, 0x8000, 0x8000, 0x8000, 0x8000, 0x8000, 0x8000, 0x8000, 0x8000, 0x8000, 0x8000, 0x8000, 0x8000, 0x8000, 0x8000,
    0x8000, 0x8000, 0x8000, 0x8000, 0x8000, 0x8000, 0x8000, 0x8000, 0x8000, 0x8000, 0x8000, 0x8000, 0x8000, 0x8000, 0x8000, 0x8000,
    0x8000, 0x8000, 0x8000, 0x8000, 0x8000, 0x8000, 0x8000, 0x8000, 0x8000, 0x8000, 0x8000, 0x8000, 0x8000, 0x8000, 0x8000, 0x8000,
    0x8000, 0x8000, 0x8000, 0x8000, 0x8000, 0x8000, 0x8000, 0x8000, 0x8000, 0x8000, 0x8000, 0x8000, 0x8000, 0x8000, 0x8000, 0x8000,
    0x8000, 0x8000, 0x8000, 0x8000, 0x8000, 0x8000, 0x8000, 0x8000, 0x8000, 0x8000, 0x8000, 0x8000, 0x8000, 0x8000, 0x8000, 0x8000,
    0x8000, 0x8000, 0x8000, 0x8000, 0x8000, 0x8000, 0x8000, 0x8000, 0x8000, 0x8000, 0x8000, 0x8000, 0x8000, 0x8000, 0x8000, 0x8000,
    0x8000, 0x8000, 0x8000, 0x8000, 0x8000, 0x8000, 0x8000, 0x8000, 0x8000, 0x8000, 0x8000, 0x8000, 0x8000, 0x8000, 0x8000, 0x8000,
    0x8000, 0x8000, 0x8000, 0x8000, 0x8000, 0x8000, 0x8000, 0x8000, 0x8000, 0x8000, 0x8000, 0x8000, 0x8000, 0x8000, 0x8000, 0x8000,
    0x8000, 0x8000, 0x8000, 0x8000, 0x8000, 0x8000, 0x8000, 0x8000, 0x8000, 0x8000, 0x8000, 0x8000, 0x8000, 0x8000, 0x8000, 0x8000,
    0x8000, 0x8000, 0x8000, 0x8000, 0x8000, 0x8000, 0x8000, 0x8000, 0x8000, 0x8000, 0x8000, 0x8000, 0x8000, 0x8000, 0x8000, 0x8000,
    0x8000, 0x8000, 0x8000, 0x8000, 0x8000, 0x8000, 0x8000, 0x8000, 0x8000, 0x8000, 0x8000, 0x8000, 0x8000, 0x8000, 0x8000, 0x8000,
    0x8000, 0x8000, 0x8000, 0x8000, 0x8000, 0x8000, 0x8000, 0x8000, 0x8000, 0x8000, 0x8000, 0x8000, 0x8000, 0x8000, 0x8000, 0x8000,
    0x8000, 0x8000, 0x8000, 0x8000, 0x8000, 0x8000, 0x8000, 0x8000, 0x8000, 0x8000, 0x8000, 0x8000, 0x8000, 0x8000, 0x8000, 0x8000,
    0x8000, 0x8000, 0x8000, 0x8000, 0x8000, 0x8000, 0x8000, 0x8000, 0x8000, 0x8000, 0x8000, 0x8000, 0x8000, 0x8000, 0x8000, 0x8000,
    0x8000, 0x8000, 0x8000, 0x8000, 0x8000, 0x8000, 0x8000, 0x8000, 0x8000, 0x8000, 0x8000, 0x8000, 0x8000, 0x8000, 0x8000, 0x8000,
    0x8000, 0x8000, 0x8000, 0x8000, 0x8000, 0x8000, 0x8000, 0x8000, 0x8000, 0x8000, 0x8000, 0x8000, 0x8000, 0x8000, 0x8000, 0x8000,
    0x8000, 0x8000, 0x8000, 0x8000, 0x8000, 0x8000, 0x8000, 0x8000, 0x8000, 0x8000, 0x8000, 0x8000, 0x8000, 0x8000, 0x8000, 0x8000,
    0x8000, 0x8000, 0x8000, 0x8000, 0x8000, 0x8000, 0x8000, 0x8000, 0x8000, 0x8000, 0x8000, 0x8000, 0x8000, 0x8000, 0x8000, 0x8000,
    0x8000, 0x8000, 0x8000, 0x8000, 0x8000, 0x8000, 0x8000, 0x8000, 0x8000, 0x8000, 0x8000, 0x8000, 0x8000, 0x8000, 0x8000, 0x8000,
    0x8000, 0x8000, 0x8000, 0x8000, 0x8000, 0x8000, 0x8000, 0x8000, 0x8000, 0x8000, 0x8000, 0x8000, 0x8000, 0x8000, 0x8000, 0x8000,
    0x8000, 0x8000, 0x8000, 0x8000, 0x8000, 0x8000, 0x8000, 0x8000, 0x8000, 0x8000, 0x8000, 0x8000, 0x8000, 0x8000, 0x8000, 0x8000,
    0x8000, 0x8000, 0x8000, 0x8000, 0x8000, 0x8000, 0x8000, 0x8000, 0x8000, 0x8000, 0x8000, 0x8000, 0x8000, 0x8000, 0x8000, 0x8000,
    0x8000, 0x8000, 0x8000, 0x8000, 0x8000, 0x8000, 0x8000, 0x8000, 0x8000, 0x8000, 0x8000, 0x8000, 0x8000, 0x8000, 0x8000, 0x8000,
    0x8000, 0x8000, 0x8000, 0x8000, 0x8000, 0x8000, 0x8000, 0x8000, 0x8000, 0x8000, 0x8000, 0x8000, 0x8000, 0x8000, 0x8000, 0x8000,
    0x8000, 0x8000, 0x8000, 0x8000, 0x8000, 0x8000, 0x8000, 0x8000, 0x8000, 0x8000, 0x8000, 0x8000, 0x8000, 0x8000, 0x8000, 0x8000,
    0x8000, 0x8000, 0x8000, 0x8000, 0x8000, 0x8000, 0x8000, 0x8000, 0x8000, 0x8000, 0x8000, 0x8000, 0x8000, 0x8000, 0x8000, 0x8000,
    0x8000, 0x8000, 0x8000, 0x8000, 0x8000, 0x8000, 0x8000, 0x8000, 0x8000, 0x8000, 0x8000, 0x8000, 0x8000, 0x8000, 0x8000, 0x8000,
    0x8000, 0x8000, 0x8000, 0x8000, 0x8000, 0x8000, 0x8000, 0x8000, 0x8000, 0x8000, 0x8000, 0x8000, 0x8000, 0x8000, 0x8000, 0x8000,
    0x8000, 0x8000, 0x8000, 0x8000, 0x8000, 0x8000, 0x8000, 0x8000, 0x8000, 0x8000, 0x8000, 0x8000, 0x8000, 0x8000, 0x8000, 0x8000,
    0x8000, 0x8000, 0x8000, 0x8000, 0x8000, 0x8000, 0x8000, 0x8000, 0x8000, 0x8000, 0x8000, 0x8000, 0x8000, 0x8000, 0x8000, 0x8000,
    0x8000, 0x8000, 0x8000, 0x8000, 0x8000, 0x8000, 0x8000, 0x8000, 0x8000, 0x8000, 0x8000, 0x8000, 0x8000, 0x8000, 0x8000, 0x8000,
    0x8000, 0x8000, 0x8000, 0x8000, 0x8000, 0x8000, 0x8000, 0x8000, 0x8000, 0x8000, 0x8000, 0x8000, 0x8000, 0x8000, 0x8000, 0x8000,
    0x8000, 0x8000, 0x8000, 0x8000, 0x8000, 0x8000, 0x8000, 0x8000, 0x8000, 0x8000, 0x8000, 0x8000, 0x8000, 0x8000, 0x8000, 0x8000,
    0x8000, 0x8000, 0x8000, 0x8000, 0x8000, 0x8000, 0x8000, 0x8000, 0x8000, 0x8000, 0x8000, 0x8000, 0x8000, 0x8000, 0x8000, 0x8000,
    0x8000, 0x8000, 0x8000, 0x8000, 0x8000, 0x8000, 0x8000, 0x8000, 0x8000, 0x8000, 0x8000, 0x8000, 0x8000, 0x8000, 0x8000, 0x8000,
    0x8000, 0x8000, 0x8000, 0x8000, 0x8000, 0x8000, 0x8000, 0x8000, 0x8000, 0x8000, 0x8000, 0x8000, 0x8000, 0x8000, 0x8000, 0x8000,
    0x8000, 0x8000, 0x8000, 0x8000, 0x8000, 0x8000, 0x8000, 0x8000, 0x8000, 0x8000, 0x8000, 0x8000, 0x8000, 0x8000, 0x8000, 0x8000,
    0x8000, 0x8000, 0x8000, 0x8000, 0x8000, 0x8000, 0x8000, 0x8000, 0x8000, 0x8000, 0x8000, 0x8000, 0x8000, 0x8000, 0x8000, 0x8000,
    0x8000, 0x8000, 0x8000, 0x8000, 0x8000, 0x8000, 0x8000, 0x8000, 0x8000, 0x8000, 0x8000, 0x8000, 0x8000, 0x8000, 0x8000, 0x8000,
    0x8000, 0x8000, 0x8000, 0x8000, 0x8000, 0x8000, 0x8000, 0x8000, 0x8000, 0x8000, 0x8000, 0x8000, 0x8000, 0x8000, 0x8000, 0x8000,
    0x8000, 0x8000, 0x8000, 0x8000, 0x8000, 0x8000, 0x8000, 0x8000, 0x8000, 0x8000, 0x8000, 0x8000, 0x8000, 0x8000, 0x8000, 0x8000,
    0x8000, 0x8000, 0x8000, 0x8000, 0x8000, 0x8000, 0x8000, 0x8000, 0x8000, 0x8000, 0x8000, 0x8000, 0x8000, 0x8000, 0x8000, 0x8000,
    0x8000, 0x8000, 0x8000, 0x8000, 0x8000, 0x8000, 0x8000, 0x8000, 0x8000, 0x8000, 0x8000, 0x8000, 0x8000, 0x8000, 0x8000, 0x8000,
    0x8000, 0x8000, 0x8000, 0x8000, 0x8000, 0x8000, 0x8000, 0x8000, 0x8000, 0x8000, 0x8000, 0x8000, 0x8000, 0x8000, 0x8000, 0x8000,
    0x8000, 0x8000, 0x8000, 0x8000, 0x8000, 0x8000, 0x8000, 0x8000, 0x8000, 0x8000, 0x8000, 0x8000, 0x8000, 0x8000, 0x8000, 0x8000,
    0x8000, 0x8000, 0x8000, 0x8000, 0x8000, 0x8000, 0x8000, 0x8000, 0x8000, 0x8000, 0x8000, 0x8000, 0x8000, 0x8000, 0x8000, 0x8000,
    0x8000, 0x8000, 0x8000, 0x8000, 0x8000, 0x8000, 0x8000, 0x8000, 0x8000, 0x8000, 0x8000, 0x8000, 0x8000, 0x8000, 0x8000, 0x8000,
    0x8000, 0x8000, 0x8000, 0x8000, 0x8000, 0x8000, 0x8000, 0x8000, 0x8000, 0x8000, 0x8000, 0x8000, 0x8000, 0x8000, 0x8000, 0x8000,
    0x8000, 0x8000, 0x8000, 0x8000, 0x8000, 0x8000, 0x8000, 0x8000, 0x8000, 0x8000, 0x8000, 0x8000, 0x8000, 0x8000, 0x8000, 0x8000,
    0x8000, 0x8000, 0x8000, 0x8000, 0x8000, 0x8000, 0x8000, 0x8000, 0x8000, 0x8000, 0x8000, 0x8000, 0x8000, 0x8000, 0x8000, 0x8000,
    0x8000, 0x8000, 0x8000, 0x8000, 0x8000, 0x8000, 0x8000, 0x8000, 0x8000, 0x8000, 0x8000, 0x8000, 0x8000, 0x8000, 0x8000, 0x8000,
    0x8000, 0x8000, 0x8000, 0x8000, 0x8000, 0x8000, 0x8000, 0x8000, 0x8000, 0x8000, 0x8000, 0x8000, 0x8000, 0x8000, 0x8000, 0x8000,
    0x8000, 0x8000, 0x8000, 0x8000, 0x8000, 0x8000, 0x8000, 0x8000, 0x8000, 0x8000, 0x8000, 0x8000, 0x8000, 0x8000, 0x8000, 0x8000,
    0x8000, 0x8000, 0x8000, 0x8000, 0x8000, 0x8000, 0x8000, 0x8000, 0x8000, 0x8000, 0x8000, 0x8000, 0x8000, 0x8000, 0x8000, 0x8000,
    0x8000, 0x8000, 0x8000, 0x8000, 0x8000, 0x8000, 0x8000, 0x8000, 0x8000, 0x8000, 0x8000, 0x8000, 0x8000, 0x8000, 0x8000, 0x8000,
    0x8000, 0x8000, 0x8000, 0x8000, 0x8000, 0x8000, 0x8000, 0x8000, 0x8000, 0x8000, 0x8000, 0x8000, 0x8000, 0x8000, 0x8000, 0x8000,
    0x8000, 0x8000, 0x8000, 0x8000, 0x8000, 0x8000, 0x8000, 0x8000, 0x8000, 0x8000, 0x8000, 0x8000, 0x8000, 0x8000, 0x8000, 0x8000,
    0x8000, 0x8000, 0x8000, 0x8000, 0x8000, 0x8000, 0x8000, 0x8000, 0x8000, 0x8000, 0x8000, 0x8000, 0x8000, 0x8000, 0x8000, 0x8000,
    0x8000, 0x8000, 0x8000, 0x8000, 0x8000, 0x8000, 0x8000, 0x8000, 0x8000, 0x8000, 0x8000, 0x8000, 0x8000, 0x8000, 0x8000, 0x8000,
    0x8000, 0x8000, 0x8000, 0x8000, 0x8000, 0x8000, 0x8000, 0x8000, 0x8000, 0x8000, 0x8000, 0x8000, 0x8000, 0x8000, 0x8000, 0x8000,
    0x8000, 0x8000, 0x8000, 0x8000, 0x8000, 0x8000, 0x8000, 0x8000, 0x8000, 0x8000, 0x8000, 0x8000, 0x8000, 0x8000, 0x8000, 0x8000,
    0x8000, 0x8000, 0x8000, 0x8000, 0x8000, 0x8000, 0x8000, 0x8000, 0x8000, 0x8000, 0x8000, 0x8000, 0x8000, 0x8000, 0x8000, 0x8000,
    0x8000, 0x8000, 0x8000, 0x8000, 0x8000, 0x8000, 0x8000, 0x8000, 0x8000, 0x8000, 0x8000, 0x8000, 0x8000, 0x8000, 0x8000, 0x8000,
    0x8000, 0x8000, 0x8000, 0x8000, 0x8000, 0x8000, 0x8000, 0x8000, 0x8000, 0x8000, 0x8000, 0x8000, 0x8000, 0x8000, 0x8000, 0x8000,
    0x8000, 0x8000, 0x8000, 0x8000, 0x8000, 0x8000, 0x8000, 0x8000, 0x8000, 0x8000, 0x8000, 0x8000, 0x8000, 0x8000, 0x8000, 0x8000,
    0x8000, 0x8000, 0x8000, 0x8000, 0x8000, 0x8000, 0x8000, 0x8000, 0x8000, 0x8000, 0x8000, 0x8000, 0x8000, 0x8000, 0x8000, 0x8000,
    0x8000, 0x8000, 0x8000, 0x8000, 0x8000, 0x8000, 0x8000, 0x8000, 0x8000, 0x8000, 0x8000, 0x8000, 0x8000, 0x8000, 0x8000, 0x8000,
    0x8000, 0x8000, 0x8000, 0x8000, 0x8000, 0x8000, 0x8000, 0x8000, 0x8000, 0x8000, 0x8000, 0x8000, 0x8000, 0x8000, 0x8000, 0x8000,
    0x8000, 0x8000, 0x8000, 0x8000, 0x8000, 0x8000, 0x8000, 0x8000, 0x8000, 0x8000, 0x8000, 0x8000, 0x8000, 0x8000, 0x8000, 0x8000,
    0x8000, 0x8000, 0x8000, 0x8000, 0x8000, 0x8000, 0x8000, 0x8000, 0x8000, 0x8000, 0x8000, 0x8000, 0x8000, 0x8000, 0x8000, 0x8000,
    0x8000, 0x8000, 0x8000, 0x8000, 0x8000, 0x8000, 0x8000, 0x8000, 0x8000, 0x8000, 0x8000, 0x8000, 0x8000, 0x8000, 0x8000, 0x8000,
    0x8000, 0x8000, 0x8000, 0x8000, 0x8000, 0x8000, 0x8000, 0x8000, 0x8000, 0x8000, 0x8000, 0x8000, 0x8000, 0x8000, 0x8000, 0x8000,
    0x8000, 0x8000, 0x8000, 0x8000, 0x8000, 0x8000, 0x8000, 0x8000, 0x8000, 0x8000, 0x8000, 0x8000, 0x8000, 0x8000, 0x8000, 0x8000,
    0x8000, 0x8000, 0x8000, 0x8000, 0x8000, 0x8000, 0x8000, 0x8000, 0x8000, 0x8000, 0x8000, 0x8000, 0x8000, 0x8000, 0x8000, 0x8000,
    0x8000, 0x8000, 0x8000, 0x8000, 0x8000, 0x8000, 0x8000, 0x8000, 0x8000, 0x8000, 0x8000, 0x8000, 0x8000, 0x8000, 0x8000, 0x8000,
    0x8000, 0x8000, 0x8000, 0x8000, 0x8000, 0x8000, 0x8000, 0x8000, 0x8000, 0x8000, 0x8000, 0x8000, 0x8000, 0x8000, 0x8000, 0x8000,
    0x8000, 0x8000, 0x8000, 0x8000, 0x8000, 0x8000, 0x8000, 0x8000, 0x8000, 0x8000, 0x8000, 0x8000, 0x8000, 0x8000, 0x8000, 0x8000,
    0x8000, 0x8000, 0x8000, 0x8000, 0x8000, 0x8000, 0x8000, 0x8000, 0x8000, 0x8000, 0x8000, 0x8000, 0x8000, 0x8000, 0x8000, 0x8000,
    0x8000, 0x8000, 0x8000, 0x8000, 0x8000, 0x8000, 0x8000, 0x8000, 0x8000, 0x8000, 0x8000, 0x8000, 0x8000, 0x8000, 0x8000, 0x8000,
    0x8000, 0x8000, 0x8000, 0x8000, 0x8000, 0x8000, 0x8000, 0x8000, 0x8000, 0x8000, 0x8000, 0x8000, 0x8000, 0x8000, 0x8000, 0x8000,
    0x8000, 0x8000, 0x8000, 0x8000, 0x8000, 0x8000, 0x8000, 0x8000, 0x8000, 0x8000, 0x8000, 0x8000, 0x8000, 0x8000, 0x8000, 0x8000,
    0x8000, 0x8000, 0x8000, 0x8000, 0x8000, 0x8000, 0x8000, 0x8000, 0x8000, 0x8000, 0x8000, 0x8000, 0x8000, 0x8000, 0x8000, 0x8000,
    0x8000, 0x8000, 0x8000, 0x8000, 0x8000, 0x8000, 0x8000, 0x8000, 0x8000, 0x8000, 0x8000, 0x8000, 0x8000, 0x8000, 0x8000, 0x8000,
    0x8000, 0x8000, 0x8000, 0x8000, 0x8000, 0x8000, 0x8000, 0x8000, 0x8000, 0x8000, 0x8000, 0x8000, 0x8000, 0x8000, 0x8000, 0x8000,
    0x8000, 0x8000, 0x8000, 0x8000, 0x8000, 0x8000, 0x8000, 0x8000, 0x8000, 0x8000, 0x8000, 0x8000, 0x8000, 0x8000, 0x8000, 0x8000,
    0x8000, 0x8000, 0x8000, 0x8000, 0x8000, 0x8000, 0x8000, 0x8000, 0x8000, 0x8000, 0x8000, 0x8000, 0x8000, 0x8000, 0x8000, 0x8000,
    0x8000, 0x8000, 0x8000, 0x8000, 0x8000, 0x8000, 0x8000, 0x8000, 0x8000, 0x8000, 0x8000, 0x8000, 0x8000, 0x8000, 0x8000, 0x8000,
    0x8000, 0x8000, 0x8000, 0x8000, 0x8000, 0x8000, 0x8000, 0x8000, 0x8000, 0x8000, 0x8000, 0x8000, 0x8000, 0x8000, 0x8000, 0x8000,
    0x8000, 0x8000, 0x8000, 0x8000, 0x8000, 0x8000, 0x8000, 0x8000, 0x8000, 0x8000, 0x8000, 0x8000, 0x8000, 0x8000, 0x8000, 0x8000,
    0x8000, 0x8000, 0x8000, 0x8000, 0x8000, 0x8000, 0x8000, 0x8000, 0x8000, 0x8000, 0x8000, 0x8000, 0x8000, 0x8000, 0x8000, 0x8000,
    0x8000, 0x8000, 0x8000, 0x8000, 0x8000, 0x8000, 0x8000, 0x8000, 0x8000, 0x8000, 0x8000, 0x8000, 0x8000, 0x8000, 0x8000, 0x8000,
    0x8000, 0x8000, 0x8000, 0x8000, 0x8000, 0x8000, 0x8000, 0x8000, 0x8000, 0x8000, 0x8000, 0x8000, 0x8000, 0x8000, 0x8000, 0x8000,
    0x8000, 0x8000, 0x8000, 0x8000, 0x8000, 0x8000, 0x8000, 0x8000, 0x8000, 0x8000, 0x8000, 0x8000, 0x8000, 0x8000, 0x8000, 0x8000,
    0x8000, 0x8000, 0x8000, 0x8000, 0x8000, 0x8000, 0x8000, 0x8000, 0x8000, 0x8000, 0x8000, 0x8000, 0x8000, 0x8000, 0x8000, 0x8000,
    0x8000, 0x8000, 0x8000, 0x8000, 0x8000, 0x8000, 0x8000, 0x8000, 0x8000, 0x8000, 0x8000, 0x8000, 0x8000, 0x8000, 0x8000, 0x8000,
    0x8000, 0x8000, 0x8000, 0x8000, 0x8000, 0x8000, 0x8000, 0x8000, 0x8000, 0x8000, 0x8000, 0x8000, 0x8000, 0x8000, 0x8000, 0x8000,
    0x8000, 0x8000, 0x8000, 0x8000, 0x8000, 0x8000, 0x8000, 0x8000, 0x8000, 0x8000, 0x8000, 0x8000, 0x8000, 0x8000, 0x8000, 0x8000,
    0x8000, 0x8000, 0x8000, 0x8000, 0x8000, 0x8000, 0x8000, 0x8000, 0x8000, 0x8000, 0x8000, 0x8000, 0x8000, 0x8000, 0x8000, 0x8000,
    0x8000, 0x8000, 0x8000, 0x8000, 0x8000, 0x8000, 0x8000, 0x8000, 0x8000, 0x8000, 0x8000, 0x8000, 0x8000, 0x8000, 0x8000, 0x8000,
    0x8000, 0x8000, 0x8000, 0x8000, 0x8000, 0x8000, 0x8000, 0x8000, 0x8000, 0x8000, 0x8000, 0x8000, 0x8000, 0x8000, 0x8000, 0x8000,
    0x8000, 0x8000, 0x8000, 0x8000, 0x8000, 0x8000, 0x8000, 0x8000, 0x8000, 0x8000, 0x8000, 0x8000, 0x8000, 0x8000, 0x8000, 0x8000,
    0x8000, 0x8000, 0x8000, 0x8000, 0x8000, 0x8000, 0x8000, 0x8000, 0x8000, 0x8000, 0x8000, 0x8000, 0x8000, 0x8000, 0x8000, 0x8000,
    0x8000, 0x8000, 0x8000, 0x8000, 0x8000, 0x8000, 0x8000, 0x8000, 0x8000, 0x8000, 0x8000, 0x8000, 0x8000, 0x8000, 0x8000, 0x8000,
    0x8000, 0x8000, 0x8000, 0x8000, 0x8000, 0x8000, 0x8000, 0x8000, 0x8000, 0x8000, 0x8000, 0x8000, 0x8000, 0x8000, 0x8000, 0x8000,
    0x8000, 0x8000, 0x8000, 0x8000, 0x8000, 0x8000, 0x8000, 0x8000, 0x8000, 0x8000, 0x8000, 0x8000, 0x8000, 0x8000, 0x8000, 0x8000,
    0x8000, 0x8000, 0x8000, 0x8000, 0x8000, 0x8000, 0x8000, 0x8000, 0x8000, 0x8000, 0x8000, 0x8000, 0x8000, 0x8000, 0x8000, 0x8000,
    0x8000, 0x8000, 0x8000, 0x8000, 0x8000, 0x8000, 0x8000, 0x8000, 0x8000, 0x8000, 0x8000, 0x8000, 0x8000, 0x8000, 0x8000, 0x8000,
    0x8000, 0x8000, 0x8000, 0x8000, 0x8000, 0x8000, 0x8000, 0x8000, 0x8000, 0x8000, 0x8000, 0x8000, 0x8000, 0x8000, 0x8000, 0x8000,
    0x8000, 0x8000, 0x8000, 0x8000, 0x8000, 0x8000, 0x8000, 0x8000, 0x8000, 0x8000, 0x8000, 0x8000, 0x8000, 0x8000, 0x8000, 0x8000,
    0x8000, 0x8000, 0x8000, 0x8000, 0x8000, 0x8000, 0x8000, 0x8000, 0x8000, 0x8000, 0x8000, 0x8000, 0x8000, 0x8000, 0x8000, 0x8000,
    0x8000, 0x8000, 0x8000, 0x8000, 0x8000, 0x8000, 0x8000, 0x8000, 0x8000, 0x8000, 0x8000, 0x8000, 0x8000, 0x8000, 0x8000, 0x8000,
    0x8000, 0x8000, 0x8000, 0x8000, 0x8000, 0x8000, 0x8000, 0x8000, 0x8000, 0x8000, 0x8000, 0x8000, 0x8000, 0x8000, 0x8000, 0x8000,
    0x8000, 0x8000, 0x8000, 0x8000, 0x8000, 0x8000, 0x8000, 0x8000, 0x8000, 0x8000, 0x8000, 0x8000, 0x8000, 0x8000, 0x8000, 0x8000,
    0x8000, 0x8000, 0x8000, 0x8000, 0x8000, 0x8000, 0x8000, 0x8000, 0x8000, 0x8000, 0x8000, 0x8000, 0x8000, 0x8000, 0x8000, 0x8000,
    0x8000, 0x8000, 0x8000, 0x8000, 0x8000, 0x8000, 0x8000, 0x8000, 0x8000, 0x8000, 0x8000, 0x8000, 0x8000, 0x8000, 0x8000, 0x8000,
    0x8000, 0x8000, 0x8000, 0x8000, 0x8000, 0x8000, 0x8000, 0x8000, 0x8000, 0x8000, 0x8000, 0x8000, 0x8000, 0x8000, 0x8000, 0x8000,
    0x8000, 0x8000, 0x8000, 0x8000, 0x8000, 0x8000, 0x8000, 0x8000, 0x8000, 0x8000, 0x8000, 0x8000, 0x8000, 0x8000, 0x8000, 0x8000,
    0x8000, 0x8000, 0x8000, 0x8000, 0x8000, 0x8000, 0x8000, 0x8000, 0x8000, 0x8000, 0x8000, 0x8000, 0x8000, 0x8000, 0x8000, 0x8000,
    0x8000, 0x8000, 0x8000, 0x8000, 0x8000, 0x8000, 0x8000, 0x8000, 0x8000, 0x8000, 0x8000, 0x8000, 0x8000, 0x8000, 0x8000, 0x8000,
    0x8000, 0x8000, 0x8000, 0x8000, 0x8000, 0x8000, 0x8000, 0x8000, 0x8000, 0x8000, 0x8000, 0x8000, 0x8000, 0x8000, 0x8000, 0x8000,
    0x8000, 0x8000, 0x8000, 0x8000, 0x8000, 0x8000, 0x8000, 0x8000, 0x8000, 0x8000, 0x8000, 0x8000, 0x8000, 0x8000, 0x8000, 0x8000,
    0x8000, 0x8000, 0x8000, 0x8000, 0x8000, 0x8000, 0x8000, 0x8000, 0x8000, 0x8000, 0x8000, 0x8000, 0x8000, 0x8000, 0x8000, 0x8000,
    0x8000, 0x8000, 0x8000, 0x8000, 0x8000, 0x8000, 0x8000, 0x8000, 0x8000, 0x8000, 0x8000, 0x8000, 0x8000, 0x8000, 0x8000, 0x8000,
    0x8000, 0x8000, 0x8000, 0x8000, 0x8000, 0x8000, 0x8000, 0x8000, 0x8000, 0x8000, 0x8000, 0x8000, 0x8000, 0x8000, 0x8000, 0x8000,
    0x8000, 0x8000, 0x8000, 0x8000, 0x8000, 0x8000, 0x8000, 0x8000, 0x8000, 0x8000, 0x8000, 0x8000, 0x8000, 0x8000, 0x8000, 0x8000,
    0x8000, 0x8000, 0x8000, 0x8000, 0x8000, 0x8000, 0x8000, 0x8000, 0x8000, 0x8000, 0x8000, 0x8000, 0x8000, 0x8000, 0x8000, 0x8000,
    0x8000, 0x8000, 0x8000, 0x8000, 0x8000, 0x8000, 0x8000, 0x8000, 0x8000, 0x8000, 0x8000, 0x8000, 0x8000, 0x8000, 0x8000, 0x8000,
    0x8000, 0x8000, 0x8000, 0x8000, 0x8000, 0x8000, 0x8000, 0x8000, 0x8000, 0x8000, 0x8000, 0x8000, 0x8000, 0x8000, 0x8000, 0x8000,
    0x8000, 0x8000, 0x8000, 0x8000, 0x8000, 0x8000, 0x8000, 0x8000, 0x8000, 0x8000, 0x8000, 0x8000, 0x8000, 0x8000, 0x8000, 0x8000,
    0x8000, 0x8000, 0x8000, 0x8000, 0x8000, 0x8000, 0x8000, 0x8000, 0x8000, 0x8000, 0x8000, 0x8000, 0x8000, 0x8000, 0x8000, 0x8000,
    0x8000, 0x8000, 0x8000, 0x8000, 0x8000, 0x8000, 0x8000, 0x8000, 0x8000, 0x8000, 0x8000, 0x8000, 0x8000, 0x8000, 0x8000, 0x8000,
    0x8000, 0x8000, 0x8000, 0x8000, 0x8000, 0x8000, 0x8000, 0x8000, 0x8000, 0x8000, 0x8000, 0x8000, 0x8000, 0x8000, 0x8000, 0x8000,
    0x8000, 0x8000, 0x8000, 0x8000, 0x8000, 0x8000, 0x8000, 0x8000, 0x8000, 0x8000, 0x8000, 0x8000, 0x8000, 0x8000, 0x8000, 0x8000,
    0x8000, 0x8000, 0x8000, 0x8000, 0x8000, 0x8000, 0x8000, 0x8000, 0x8000, 0x8000, 0x8000, 0x8000, 0x8000, 0x8000, 0x8000, 0x8000,
    0x8000, 0x8000, 0x8000, 0x8000, 0x8000, 0x8000, 0x8000, 0x8000, 0x8000, 0x8000, 0x8000, 0x8000, 0x8000, 0x8000, 0x8000, 0x8000,
    0x8000, 0x8000, 0x8000, 0x8000, 0x8000, 0x8000, 0x8000, 0x8000, 0x8000, 0x8000, 0x8000, 0x8000, 0x8000, 0x8000, 0x8000, 0x8000,
    0x8000, 0x8000, 0x8000, 0x8000, 0x8000, 0x8000, 0x8000, 0x8000, 0x8000, 0x8000, 0x8000, 0x8000, 0x8000, 0x8000, 0x8000, 0x8000,
    0x8000, 0x8000, 0x8000, 0x8000, 0x8000, 0x8000, 0x8000, 0x8000, 0x8000, 0x8000, 0x8000, 0x8000, 0x8000, 0x8000, 0x8000, 0x8000,
    0x8000, 0x8000, 0x8000, 0x8000, 0x8000, 0x8000, 0x8000, 0x8000, 0x8000, 0x8000, 0x8000, 0x8000, 0x8000, 0x8000, 0x8000, 0x8000,
    0x8000, 0x8000, 0x8000, 0x8000, 0x8000, 0x8000, 0x8000, 0x8000, 0x8000, 0x8000, 0x8000, 0x8000, 0x8000, 0x8000, 0x8000, 0x8000,
    0x8000, 0x8000, 0x8000, 0x8000, 0x8000, 0x8000, 0x8000, 0x8000, 0x8000, 0x8000, 0x8000, 0x8000, 0x8000, 0x8000, 0x8000, 0x8000,
    0x8000, 0x8000, 0x8000, 0x8000, 0x8000, 0x8000, 0x8000, 0x8000, 0x8000, 0x8000, 0x8000, 0x8000, 0x8000, 0x8000, 0x8000, 0x8000,
    0x8000, 0x8000, 0x8000, 0x8000, 0x8000, 0x8000, 0x8000, 0x8000, 0x8000, 0x8000, 0x8000, 0x8000, 0x8000, 0x8000, 0x8000, 0x8000,
    0x8000, 0x8000, 0x8000, 0x8000, 0x8000, 0x8000, 0x8000, 0x8000, 0x8000, 0x8000, 0x8000, 0x8000, 0x8000, 0x8000, 0x8000, 0x8000,
    0x8000, 0x8000, 0x8000, 0x8000, 0x8000, 0x8000, 0x8000, 0x8000, 0x8000, 0x8000, 0x8000, 0x8000, 0x8000, 0x8000, 0x8000, 0x8000,
    0x8000, 0x8000, 0x8000, 0x8000, 0x8000, 0x8000, 0x8000, 0x8000, 0x8000, 0x8000, 0x8000, 0x8000, 0x8000, 0x8000, 0x8000, 0x8000,
    0x8000, 0x8000, 0x8000, 0x8000, 0x8000, 0x8000, 0x8000, 0x8000, 0x8000, 0x8000, 0x8000, 0x8000, 0x8000, 0x8000, 0x8000, 0x8000,
    0x8000, 0x8000, 0x8000, 0x8000, 0x8000, 0x8000, 0x8000, 0x8000, 0x8000, 0x8000, 0x8000, 0x8000, 0x8000, 0x8000, 0x8000, 0x8000,
    0x8000, 0x8000, 0x8000, 0x8000, 0x8000, 0x8000, 0x8000, 0x8000, 0x8000, 0x8000, 0x8000, 0x8000, 0x8000, 0x8000, 0x8000, 0x8000,
    0x8000, 0x8000, 0x8000, 0x8000, 0x8000, 0x8000, 0x8000, 0x8000, 0x8000, 0x8000, 0x8000, 0x8000, 0x8000, 0x8000, 0x8000, 0x8000,
    0x8000, 0x8000, 0x8000, 0x8000, 0x8000, 0x8000, 0x8000, 0x8000, 0x8000, 0x8000, 0x8000, 0x8000, 0x8000, 0x8000, 0x8000, 0x8000,
    0x8000, 0x8000, 0x8000, 0x8000, 0x8000, 0x8000, 0x8000, 0x8000, 0x8000, 0x8000, 0x8000, 0x8000, 0x8000, 0x8000, 0x8000, 0x8000,
    0x8000, 0x8000, 0x8000, 0x8000, 0x8000, 0x8000, 0x8000, 0x8000, 0x8000, 0x8000, 0x8000, 0x8000, 0x8000, 0x8000, 0x8000, 0x8000,
    0x8000, 0x8000, 0x8000, 0x8000, 0x8000, 0x8000, 0x8000, 0x8000, 0x8000, 0x8000, 0x8000, 0x8000, 0x8000, 0x8000, 0x8000, 0x8000,
    0x8000, 0x8000, 0x8000, 0x8000, 0x8000, 0x8000, 0x8000, 0x8000, 0x8000, 0x8000, 0x8000, 0x8000, 0x8000, 0x8000, 0x8000, 0x8000,
    0x8000, 0x8000, 0x8000, 0x8000, 0x8000, 0x8000, 0x8000, 0x8000, 0x8000, 0x8000, 0x8000, 0x8000, 0x8000, 0x8000, 0x8000, 0x8000,
    0x8000, 0x8000, 0x8000, 0x8000, 0x8000, 0x8000, 0x8000, 0x8000, 0x8000, 0x8000, 0x8000, 0x8000, 0x8000, 0x8000, 0x8000, 0x8000,
    0x8000, 0x8000, 0x8000, 0x8000, 0x8000, 0x8000, 0x8000, 0x8000, 0x8000, 0x8000, 0x8000, 0x8000, 0x8000, 0x8000, 0x8000, 0x8000,
    0x8000, 0x8000, 0x8000, 0x8000, 0x8000, 0x8000, 0x8000, 0x8000, 0x8000, 0x8000, 0x8000, 0x8000, 0x8000, 0x8000, 0x8000, 0x8000,
    0x8000, 0x8000, 0x8000, 0x8000, 0x8000, 0x8000, 0x8000, 0x8000, 0x8000, 0x8000, 0x8000, 0x8000, 0x8000, 0x8000, 0x8000, 0x8000,
    0x8000, 0x8000, 0x8000, 0x8000, 0x8000, 0x8000, 0x8000, 0x8000, 0x8000, 0x8000, 0x8000, 0x8000, 0x8000, 0x8000, 0x8000, 0x8000,
    0x8000, 0x8000, 0x8000, 0x8000, 0x8000, 0x8000, 0x8000, 0x8000, 0x8000, 0x8000, 0x8000, 0x8000, 0x8000, 0x8000, 0x8000, 0x8000,
    0x8000, 0x8000, 0x8000, 0x8000, 0x8000, 0x8000, 0x8000, 0x8000, 0x8000, 0x8000, 0x8000, 0x8000, 0x8000, 0x8000, 0x8000, 0x8000,
    0x8000, 0x8000, 0x8000, 0x8000, 0x8000, 0x8000, 0x8000, 0x8000, 0x8000, 0x8000, 0x8000, 0x8000, 0x8000, 0x8000, 0x8000, 0x8000,
    0x8000, 0x8000, 0x8000, 0x8000, 0x8000, 0x8000, 0x8000, 0x8000, 0x8000, 0x8000, 0x8000, 0x8000, 0x8000, 0x8000, 0x8000, 0x8000,
    0x8000, 0x8000, 0x8000, 0x8000, 0x8000, 0x8000, 0x8000, 0x8000, 0x8000, 0x8000, 0x8000, 0x8000, 0x8000, 0x8000, 0x8000, 0x8000,
    0x8000, 0x8000, 0x8000, 0x8000, 0x8000, 0x8000, 0x8000, 0x8000, 0x8000, 0x8000, 0x8000, 0x8000, 0x8000, 0x8000, 0x8000, 0x8000,
    0x8000, 0x8000, 0x8000, 0x8000, 0x8000, 0x8000, 0x8000, 0x8000, 0x8000, 0x8000, 0x8000, 0x8000, 0x8000, 0x8000, 0x8000, 0x8000,
    0x8000, 0x8000, 0x8000, 0x8000, 0x8000, 0x8000, 0x8000, 0x8000, 0x8000, 0x8000, 0x8000, 0x8000, 0x8000, 0x8000, 0x8000, 0x8000,
    0x8000, 0x8000, 0x8000, 0x8000, 0x8000, 0x8000, 0x8000, 0x8000, 0x8000, 0x8000, 0x8000, 0x8000, 0x8000, 0x8000, 0x8000, 0x8000,
    0x8000, 0x8000, 0x8000, 0x8000, 0x8000, 0x8000, 0x8000, 0x8000, 0x8000, 0x8000, 0x8000, 0x8000, 0x8000, 0x8000, 0x8000, 0x8000,
    0x8000, 0x8000, 0x8000, 0x8000, 0x8000, 0x8000, 0x8000, 0x8000, 0x8000, 0x8000, 0x8000, 0x8000, 0x8000, 0x8000, 0x8000, 0x8000,
    0x8000, 0x8000, 0x8000, 0x8000, 0x8000, 0x8000, 0x8000, 0x8000, 0x8000, 0x8000, 0x8000, 0x8000, 0x8000, 0x8000, 0x8000, 0x8000,
    0x8000, 0x8000, 0x8000, 0x8000, 0x8000, 0x8000, 0x8000, 0x8000, 0x8000, 0x8000, 0x8000, 0x8000, 0x8000, 0x8000, 0x8000, 0x8000,
    0x8000, 0x8000, 0x8000, 0x8000, 0x8000, 0x8000, 0x8000, 0x8000, 0x8000, 0x8000, 0x8000, 0x8000, 0x8000, 0x8000, 0x8000, 0x8000,
    0x8000, 0x8000, 0x8000, 0x8000, 0x8000, 0x8000, 0x8000, 0x8000, 0x8000, 0x8000, 0x8000, 0x8000, 0x8000, 0x8000, 0x8000, 0x8000,
    0x8000, 0x8000, 0x8000, 0x8000, 0x8000, 0x8000, 0x8000, 0x8000, 0x8000, 0x8000, 0x8000, 0x8000, 0x8000, 0x8000, 0x8000, 0x8000,
    0x8000, 0x8000, 0x8000, 0x8000, 0x8000, 0x8000, 0x8000, 0x8000, 0x8000, 0x8000, 0x8000, 0x8000, 0x8000, 0x8000, 0x8000, 0x8000,
    0x8000, 0x8000, 0x8000, 0x8000, 0x8000, 0x8000, 0x8000, 0x8000, 0x8000, 0x8000, 0x8000, 0x8000, 0x8000, 0x8000, 0x8000, 0x8000,
    0x8000, 0x8000, 0x8000, 0x8000, 0x8000, 0x8000, 0x8000, 0x8000, 0x8000, 0x8000, 0x8000, 0x8000, 0x8000, 0x8000, 0x8000, 0x8000,
    0x8000, 0x8000, 0x8000, 0x8000, 0x8000, 0x8000, 0x8000, 0x8000, 0x8000, 0x8000, 0x8000, 0x8000, 0x8000, 0x8000, 0x8000, 0x8000,
    0x8000, 0x8000, 0x8000, 0x8000, 0x8000, 0x8000, 0x8000, 0x8000, 0x8000, 0x8000, 0x8000, 0x8000, 0x8000, 0x8000, 0x8000, 0x8000,
    0x8000, 0x8000, 0x8000, 0x8000, 0x8000, 0x8000, 0x8000, 0x8000, 0x8000, 0x8000, 0x8000, 0x8000, 0x8000, 0x8000, 0x8000, 0x8000,
    0x8000, 0x8000, 0x8000, 0x8000, 0x8000, 0x8000, 0x8000, 0x8000, 0x8000, 0x8000, 0x8000, 0x8000, 0x8000, 0x8000, 0x8000, 0x8000,
    0x8000, 0x8000, 0x8000, 0x8000, 0x8000, 0x8000, 0x8000, 0x8000, 0x8000, 0x8000, 0x8000, 0x8000, 0x8000, 0x8000, 0x8000, 0x8000,
    0x8000, 0x8000, 0x8000, 0x8000, 0x8000, 0x8000, 0x8000, 0x8000, 0x8000, 0x8000, 0x8000, 0x8000, 0x8000, 0x8000, 0x8000, 0x8000,
    0x8000, 0x8000, 0x8000, 0x8000, 0x8000, 0x8000, 0x8000, 0x8000, 0x8000, 0x8000, 0x8000, 0x8000, 0x8000, 0x8000, 0x8000, 0x8000,
    0x8000, 0x8000, 0x8000, 0x8000, 0x8000, 0x8000, 0x8000, 0x8000, 0x8000, 0x8000, 0x8000, 0x8000, 0x8000, 0x8000, 0x8000, 0x8000,
    0x8000, 0x8000, 0x8000, 0x8000, 0x8000, 0x8000, 0x8000, 0x8000, 0x8000, 0x8000, 0x8000, 0x8000, 0x8000, 0x8000, 0x8000, 0x8000,
    0x8000, 0x8000, 0x8000, 0x8000, 0x8000, 0x8000, 0x8000, 0x8000, 0x8000, 0x8000, 0x8000, 0x8000, 0x8000, 0x8000, 0x8000, 0x8000,
    0x8000, 0x8000, 0x8000, 0x8000, 0x8000, 0x8000, 0x8000, 0x8000, 0x8000, 0x8000, 0x8000, 0x8000, 0x8000, 0x8000, 0x8000, 0x8000,
    0x8000, 0x8000, 0x8000, 0x8000, 0x8000, 0x8000, 0x8000, 0x8000, 0x8000, 0x8000, 0x8000, 0x8000, 0x8000, 0x8000, 0x8000, 0x8000,
    0x8000, 0x8000, 0x8000, 0x8000, 0x8000, 0x8000, 0x8000, 0x8000, 0x8000, 0x8000, 0x8000, 0x8000, 0x8000, 0x8000, 0x8000, 0x8000,
    0x8000, 0x8000, 0x8000, 0x8000, 0x8000, 0x8000, 0x8000, 0x8000, 0x8000, 0x8000, 0x8000, 0x8000, 0x8000, 0x8000, 0x8000, 0x8000,
    0x8000, 0x8000, 0x8000, 0x8000, 0x8000, 0x8000, 0x8000, 0x8000, 0x8000, 0x8000, 0x8000, 0x8000, 0x8000, 0x8000, 0x8000, 0x8000,
    0x8000, 0x8000, 0x8000, 0x8000, 0x8000, 0x8000, 0x8000, 0x8000, 0x8000, 0x8000, 0x8000, 0x8000, 0x8000, 0x8000, 0x8000, 0x8000,
    0x8000, 0x8000, 0x8000, 0x8000, 0x8000, 0x8000, 0x8000, 0x8000, 0x8000, 0x8000, 0x8000, 0x8000, 0x8000, 0x8000, 0x8000, 0x8000,
    0x8000, 0x8000, 0x8000, 0x8000, 0x8000, 0x8000, 0x8000, 0x8000, 0x8000, 0x8000, 0x8000, 0x8000, 0x8000, 0x8000, 0x8000, 0x8000,
    0x8000, 0x8000, 0x8000, 0x8000, 0x8000, 0x8000, 0x8000, 0x8000, 0x8000, 0x8000, 0x8000, 0x8000, 0x8000, 0x8000, 0x8000, 0x8000,
    0x8000, 0x8000, 0x8000, 0x8000, 0x8000, 0x8000, 0x8000, 0x8000, 0x8000, 0x8000, 0x8000, 0x8000, 0x8000, 0x8000, 0x8000, 0x8000,
    0x8000, 0x8000, 0x8000, 0x8000, 0x8000, 0x8000, 0x8000, 0x8000, 0x8000, 0x8000, 0x8000, 0x8000, 0x8000, 0x8000, 0x8000, 0x8000,
    0x8000, 0x8000, 0x8000, 0x8000, 0x8000, 0x8000, 0x8000, 0x8000, 0x8000, 0x8000, 0x8000, 0x8000, 0x8000, 0x8000, 0x8000, 0x8000,
    0x8000, 0x8000, 0x8000, 0x8000, 0x8000, 0x8000, 0x8000, 0x8000, 0x8000, 0x8000, 0x8000, 0x8000, 0x8000, 0x8000, 0x8000, 0x8000,
    0x8000, 0x8000, 0x8000, 0x8000, 0x8000, 0x8000, 0x8000, 0x8000, 0x8000, 0x8000, 0x8000, 0x8000, 0x8000, 0x8000, 0x8000, 0x8000,
    0x8000, 0x8000, 0x8000, 0x8000, 0x8000, 0x8000, 0x8000, 0x8000, 0x8000, 0x8000, 0x8000, 0x8000, 0x8000, 0x8000, 0x8000, 0x8000,
    0x8000, 0x8000, 0x8000, 0x8000, 0x8000, 0x8000, 0x8000, 0x8000, 0x8000, 0x8000, 0x8000, 0x8000, 0x8000, 0x8000, 0x8000, 0x8000,
    0x8000, 0x8000, 0x8000, 0x8000, 0x8000, 0x8000, 0x8000, 0x8000, 0x8000, 0x8000, 0x8000, 0x8000, 0x8000, 0x8000, 0x8000, 0x8000,
    0x8000, 0x8000, 0x8000, 0x8000, 0x8000, 0x8000, 0x8000, 0x8000, 0x8000, 0x8000, 0x8000, 0x8000, 0x8000, 0x8000, 0x8000, 0x8000,
    0x8000, 0x8000, 0x8000, 0x8000, 0x8000, 0x8000, 0x8000, 0x8000, 0x8000, 0x8000, 0x8000, 0x8000, 0x8000, 0x8000, 0x8000, 0x8000,
    0x8000, 0x8000, 0x8000, 0x8000, 0x8000, 0x8000, 0x8000, 0x8000, 0x8000, 0x8000, 0x8000, 0x8000, 0x8000, 0x8000, 0x8000, 0x8000,
    0x8000, 0x8000, 0x8000, 0x8000, 0x8000, 0x8000, 0x8000, 0x8000, 0x8000, 0x8000, 0x8000, 0x8000, 0x8000, 0x8000, 0x8000, 0x8000,
    0x8000, 0x8000, 0x8000, 0x8000, 0x8000, 0x8000, 0x8000, 0x8000, 0x8000, 0x8000, 0x8000, 0x8000, 0x8000, 0x8000, 0x8000, 0x8000,
    0x8000, 0x8000, 0x8000, 0x8000, 0x8000, 0x8000, 0x8000, 0x8000, 0x8000, 0x8000, 0x8000, 0x8000, 0x8000, 0x8000, 0x8000, 0x8000,
    0x8000, 0x8000, 0x8000, 0x8000, 0x8000, 0x8000, 0x8000, 0x8000, 0x8000, 0x8000, 0x8000, 0x8000, 0x8000, 0x8000, 0x8000, 0x8000,
    0x8000, 0x8000, 0x8000, 0x8000, 0x8000, 0x8000, 0x8000, 0x8000, 0x8000, 0x8000, 0x8000, 0x8000, 0x8000, 0x8000, 0x8000, 0x8000,
    0x8000, 0x8000, 0x8000, 0x8000, 0x8000, 0x8000, 0x8000, 0x8000, 0x8000, 0x8000, 0x8000, 0x8000, 0x8000, 0x8000, 0x8000, 0x8000,
    0x8000, 0x8000, 0x8000, 0x8000, 0x8000, 0x8000, 0x8000, 0x8000, 0x8000, 0x8000, 0x8000, 0x8000, 0x8000, 0x8000, 0x8000, 0x8000,
    0x8000, 0x8000, 0x8000, 0x8000, 0x8000, 0x8000, 0x8000, 0x8000, 0x8000, 0x8000, 0x8000, 0x8000, 0x8000, 0x8000, 0x8000, 0x8000,
    0x8000, 0x8000, 0x8000, 0x8000, 0x8000, 0x8000, 0x8000, 0x8000, 0x8000, 0x8000, 0x8000, 0x8000, 0x8000, 0x8000, 0x8000, 0x8000,
    0x8000, 0x8000, 0x8000, 0x8000, 0x8000, 0x8000, 0x8000, 0x8000, 0x8000, 0x8000, 0x8000, 0x8000, 0x8000, 0x8000, 0x8000, 0x8000,
    0x8000, 0x8000, 0x8000, 0x8000, 0x8000, 0x8000, 0x8000, 0x8000, 0x8000, 0x8000, 0x8000, 0x8000, 0x8000, 0x8000, 0x8000, 0x8000,
    0x8000, 0x8000, 0x8000, 0x8000, 0x8000, 0x8000, 0x8000, 0x8000, 0x8000, 0x8000, 0x8000, 0x8000, 0x8000, 0x8000, 0x8000, 0x8000,
    0x8000, 0x8000, 0x8000, 0x8000, 0x8000, 0x8000, 0x8000, 0x8000, 0x8000, 0x8000, 0x8000, 0x8000, 0x8000, 0x8000, 0x8000, 0x8000,
    0x8000, 0x8000, 0x8000, 0x8000, 0x8000, 0x8000, 0x8000, 0x8000, 0x8000, 0x8000, 0x8000, 0x8000, 0x8000, 0x8000, 0x8000, 0x8000,
    0x8000, 0x8000, 0x8000, 0x8000, 0x8000, 0x8000, 0x8000, 0x8000, 0x8000, 0x8000, 0x8000, 0x8000, 0x8000, 0x8000, 0x8000, 0x8000,
    0x8000, 0x8000, 0x8000, 0x8000, 0x8000, 0x8000, 0x8000, 0x8000, 0x8000, 0x8000, 0x8000, 0x8000, 0x8000, 0x8000, 0x8000, 0x8000,
    0x8000, 0x8000, 0x8000, 0x8000, 0x8000, 0x8000, 0x8000, 0x8000, 0x8000, 0x8000, 0x8000, 0x8000, 0x8000, 0x8000, 0x8000, 0x8000,
    0x8000, 0x8000, 0x8000, 0x8000, 0x8000, 0x8000, 0x8000, 0x8000, 0x8000, 0x8000, 0x8000, 0x8000, 0x8000, 0x8000, 0x8000, 0x8000,
    0x8000, 0x8000, 0x8000, 0x8000, 0x8000, 0x8000, 0x8000, 0x8000, 0x8000, 0x8000, 0x8000, 0x8000, 0x8000, 0x8000, 0x8000, 0x8000,
    0x8000, 0x8000, 0x8000, 0x8000, 0x8000, 0x8000, 0x8000, 0x8000, 0x8000, 0x8000, 0x8000, 0x8000, 0x8000, 0x8000, 0x8000, 0x8000,
    0x8000, 0x8000, 0x8000, 0x8000, 0x8000, 0x8000, 0x8000, 0x8000, 0x8000, 0x8000, 0x8000, 0x8000, 0x8000, 0x8000, 0x8000, 0x8000,
    0x8000, 0x8000, 0x8000, 0x8000, 0x8000, 0x8000, 0x8000, 0x8000, 0x8000, 0x8000, 0x8000, 0x8000, 0x8000, 0x8000, 0x8000, 0x8000,
    0x8000, 0x8000, 0x8000, 0x8000, 0x8000, 0x8000, 0x8000, 0x8000, 0x8000, 0x8000, 0x8000, 0x8000, 0x8000, 0x8000, 0x8000, 0x8000,
    0x8000, 0x8000, 0x8000, 0x8000, 0x8000, 0x8000, 0x8000, 0x8000, 0x8000, 0x8000, 0x8000, 0x8000, 0x8000, 0x8000, 0x8000, 0x8000,
    0x8000, 0x8000, 0x8000, 0x8000, 0x8000, 0x8000, 0x8000, 0x8000, 0x8000, 0x8000, 0x8000, 0x8000, 0x8000, 0x8000, 0x8000, 0x8000,
    0x8000, 0x8000, 0x8000, 0x8000, 0x8000, 0x8000, 0x8000, 0x8000, 0x8000, 0x8000, 0x8000, 0x8000, 0x8000, 0x8000, 0x8000, 0x8000,
    0x8000, 0x8000, 0x8000, 0x8000, 0x8000, 0x8000, 0x8000, 0x8000, 0x8000, 0x8000, 0x8000, 0x8000, 0x8000, 0x8000, 0x8000, 0x8000,
    0x8000, 0x8000, 0x8000, 0x8000, 0x8000, 0x8000, 0x8000, 0x8000, 0x8000, 0x8000, 0x8000, 0x8000, 0x8000, 0x8000, 0x8000, 0x8000,
    0x8000, 0x8000, 0x8000, 0x8000, 0x8000, 0x8000, 0x8000, 0x8000, 0x8000, 0x8000, 0x8000, 0x8000, 0x8000, 0x8000, 0x8000, 0x8000,
    0x8000, 0x8000, 0x8000, 0x8000, 0x8000, 0x8000, 0x8000, 0x8000, 0x8000, 0x8000, 0x8000, 0x8000, 0x8000, 0x8000, 0x8000, 0x8000,
    0x8000, 0x8000, 0x8000, 0x8000, 0x8000, 0x8000, 0x8000, 0x8000, 0x8000, 0x8000, 0x8000, 0x8000, 0x8000, 0x8000, 0x8000, 0x8000,
    0x8000, 0x8000, 0x8000, 0x8000, 0x8000, 0x8000, 0x8000, 0x8000, 0x8000, 0x8000, 0x8000, 0x8000, 0x8000, 0x8000, 0x8000, 0x8000,
    0x8000, 0x8000, 0x8000, 0x8000, 0x8000, 0x8000, 0x8000, 0x8000, 0x8000, 0x8000, 0x8000, 0x8000, 0x8000, 0x8000, 0x8000, 0x8000,
    0x8000, 0x8000, 0x8000, 0x8000, 0x8000, 0x8000, 0x8000, 0x8000, 0x8000, 0x8000, 0x8000, 0x8000, 0x8000, 0x8000, 0x8000, 0x8000,
    0x8000, 0x8000, 0x8000, 0x8000, 0x8000, 0x8000, 0x8000, 0x8000, 0x8000, 0x8000, 0x8000, 0x8000, 0x8000, 0x8000, 0x8000, 0x8000,
    0x8000, 0x8000, 0x8000, 0x8000, 0x8000, 0x8000, 0x8000, 0x8000, 0x8000, 0x8000, 0x8000, 0x8000, 0x8000, 0x8000, 0x8000, 0x8000,
    0x8000, 0x8000, 0x8000, 0x8000, 0x8000, 0x8000, 0x8000, 0x8000, 0x8000, 0x8000, 0x8000, 0x8000, 0x8000, 0x8000, 0x8000, 0x8000,
    0x8000, 0x8000, 0x8000, 0x8000, 0x8000, 0x8000, 0x8000, 0x8000, 0x8000, 0x8000, 0x8000, 0x8000, 0x8000, 0x8000, 0x8000, 0x8000,
    0x8000, 0x8000, 0x8000, 0x8000, 0x8000, 0x8000, 0x8000, 0x8000, 0x8000, 0x8000, 0x8000, 0x8000, 0x8000, 0x8000, 0x8000, 0x8000,
    0x8000, 0x8000, 0x8000, 0x8000, 0x8000, 0x8000, 0x8000, 0x8000, 0x8000, 0x8000, 0x8000, 0x8000, 0x8000, 0x8000, 0x8000, 0x8000,
    0x8000, 0x8000, 0x8000, 0x8000, 0x8000, 0x8000, 0x8000, 0x8000, 0x8000, 0x8000, 0x8000, 0x8000, 0x8000, 0x8000, 0x8000, 0x8000,
    0x8000, 0x8000, 0x8000, 0x8000, 0x8000, 0x8000, 0x8000, 0x8000, 0x8000, 0x8000, 0x8000, 0x8000, 0x8000, 0x8000, 0x8000, 0x8000,
    0x8000, 0x8000, 0x8000, 0x8000, 0x8000, 0x8000, 0x8000, 0x8000, 0x8000, 0x8000, 0x8000, 0x8000, 0x8000, 0x8000, 0x8000, 0x8000,
    0x8000, 0x8000, 0x8000, 0x8000, 0x8000, 0x8000, 0x8000, 0x8000, 0x8000, 0x8000, 0x8000, 0x8000, 0x8000, 0x8000, 0x8000, 0x8000,
    0x8000, 0x8000, 0x8000, 0x8000, 0x8000, 0x8000, 0x8000, 0x8000, 0x8000, 0x8000, 0x8000, 0x8000, 0x8000, 0x8000, 0x8000, 0x8000,
    0x8000, 0x8000, 0x8000, 0x8000, 0x8000, 0x8000, 0x8000, 0x8000, 0x8000, 0x8000, 0x8000, 0x8000, 0x8000, 0x8000, 0x8000, 0x8000,
    0x8000, 0x8000, 0x8000, 0x8000, 0x8000, 0x8000, 0x8000, 0x8000, 0x8000, 0x8000, 0x8000, 0x8000, 0x8000, 0x8000, 0x8000, 0x8000,
    0x8000, 0x8000, 0x8000, 0x8000, 0x8000, 0x8000, 0x8000, 0x8000, 0x8000, 0x8000, 0x8000, 0x8000, 0x8000, 0x8000, 0x8000, 0x8000,
    0x8000, 0x8000, 0x8000, 0x8000, 0x8000, 0x8000, 0x8000, 0x8000, 0x8000, 0x8000, 0x8000, 0x8000, 0x8000, 0x8000, 0x8000, 0x8000,
    0x8000, 0x8000, 0x8000, 0x8000, 0x8000, 0x8000, 0x8000, 0x8000, 0x8000, 0x8000, 0x8000, 0x8000, 0x8000, 0x8000, 0x8000, 0x8000,
    0x8000, 0x8000, 0x8000, 0x8000, 0x8000, 0x8000, 0x8000, 0x8000, 0x8000, 0x8000, 0x8000, 0x8000, 0x8000, 0x8000, 0x8000, 0x8000,
    0x8000, 0x8000, 0x8000, 0x8000, 0x8000, 0x8000, 0x8000, 0x8000, 0x8000, 0x8000, 0x8000, 0x8000, 0x8000, 0x8000, 0x8000, 0x8000,
    0x8000, 0x8000, 0x8000, 0x8000, 0x8000, 0x8000, 0x8000, 0x8000, 0x8000, 0x8000, 0x8000, 0x8000, 0x8000, 0x8000, 0x8000, 0x8000,
    0x8000, 0x8000, 0x8000, 0x8000, 0x8000, 0x8000, 0x8000, 0x8000, 0x8000, 0x8000, 0x8000, 0x8000, 0x8000, 0x8000, 0x8000, 0x8000,
    0x8000, 0x8000, 0x8000, 0x8000, 0x8000, 0x8000, 0x8000, 0x8000, 0x8000, 0x8000, 0x8000, 0x8000, 0x8000, 0x8000, 0x8000, 0x8000,
    0x8000, 0x8000, 0x8000, 0x8000, 0x8000, 0x8000, 0x8000, 0x8000, 0x8000, 0x8000, 0x8000, 0x8000, 0x8000, 0x8000, 0x8000, 0x8000,
    0x8000, 0x8000, 0x8000, 0x8000, 0x8000, 0x8000, 0x8000, 0x8000, 0x8000, 0x8000, 0x8000, 0x8000, 0x8000, 0x8000, 0x8000, 0x8000,
    0x8000, 0x8000, 0x8000, 0x8000, 0x8000, 0x8000, 0x8000, 0x8000, 0x8000, 0x8000, 0x8000, 0x8000, 0x8000, 0x8000, 0x8000, 0x8000,
    0x8000, 0x8000, 0x8000, 0x8000, 0x8000, 0x8000, 0x8000, 0x8000, 0x8000, 0x8000, 0x8000, 0x8000, 0x8000, 0x8000, 0x8000, 0x8000,
    0x8000, 0x8000, 0x8000, 0x8000, 0x8000, 0x8000, 0x8000, 0x8000, 0x8000, 0x8000, 0x8000, 0x8000, 0x8000, 0x8000, 0x8000, 0x8000,
    0x8000, 0x8000, 0x8000, 0x8000, 0x8000, 0x8000, 0x8000, 0x8000, 0x8000, 0x8000, 0x8000, 0x8000, 0x8000, 0x8000, 0x8000, 0x8000,
    0x8000, 0x8000, 0x8000, 0x8000, 0x8000, 0x8000, 0x8000, 0x8000, 0x8000, 0x8000, 0x8000, 0x8000, 0x8000, 0x8000, 0x8000, 0x8000,
    0x8000, 0x8000, 0x8000, 0x8000, 0x8000, 0x8000, 0x8000, 0x8000, 0x8000, 0x8000, 0x8000, 0x8000, 0x8000, 0x8000, 0x8000, 0x8000,
    0x8000, 0x8000, 0x8000, 0x8000, 0x8000, 0x8000, 0x8000, 0x8000, 0x8000, 0x8000, 0x8000, 0x8000, 0x8000, 0x8000, 0x8000, 0x8000,
    0x8000, 0x8000, 0x8000, 0x8000, 0x8000, 0x8000, 0x8000, 0x8000, 0x8000, 0x8000, 0x8000, 0x8000, 0x8000, 0x8000, 0x8000, 0x8000,
    0x8000, 0x8000, 0x8000, 0x8000, 0x8000, 0x8000, 0x8000, 0x8000, 0x8000, 0x8000, 0x8000, 0x8000, 0x8000, 0x8000, 0x8000, 0x8000,
    0x8000, 0x8000, 0x8000, 0x8000, 0x8000, 0x8000, 0x8000, 0x8000, 0x8000, 0x8000, 0x8000, 0x8000, 0x8000, 0x8000, 0x8000, 0x8000,
    0x8000, 0x8000, 0x8000, 0x8000, 0x8000, 0x8000, 0x8000, 0x8000, 0x8000, 0x8000, 0x8000, 0x8000, 0x8000, 0x8000, 0x8000, 0x8000,
    0x8000, 0x8000, 0x8000, 0x8000, 0x8000, 0x8000, 0x8000, 0x8000, 0x8000, 0x8000, 0x8000, 0x8000, 0x8000, 0x8000, 0x8000, 0x8000,
    0x8000, 0x8000, 0x8000, 0x8000, 0x8000, 0x8000, 0x8000, 0x8000, 0x8000, 0x8000, 0x8000, 0x8000, 0x8000, 0x8000, 0x8000, 0x8000,
    0x8000, 0x8000, 0x8000, 0x8000, 0x8000, 0x8000, 0x8000, 0x8000, 0x8000, 0x8000, 0x8000, 0x8000, 0x8000, 0x8000, 0x8000, 0x8000,
    0x8000, 0x8000, 0x8000, 0x8000, 0x8000, 0x8000, 0x8000, 0x8000, 0x8000, 0x8000, 0x8000, 0x8000, 0x8000, 0x8000, 0x8000, 0x8000,
    0x8000, 0x8000, 0x8000, 0x8000, 0x8000, 0x8000, 0x8000, 0x8000, 0x8000, 0x8000, 0x8000, 0x8000, 0x8000, 0x8000, 0x8000, 0x8000,
    0x8000, 0x8000, 0x8000, 0x8000, 0x8000, 0x8000, 0x8000, 0x8000, 0x8000, 0x8000, 0x8000, 0x8000, 0x8000, 0x8000, 0x8000, 0x8000,
    0x8000, 0x8000, 0x8000, 0x8000, 0x8000, 0x8000, 0x8000, 0x8000, 0x8000, 0x8000, 0x8000, 0x8000, 0x8000, 0x8000, 0x8000, 0x8000,
    0x8000, 0x8000, 0x8000, 0x8000, 0x8000, 0x8000, 0x8000, 0x8000, 0x8000, 0x8000, 0x8000, 0x8000, 0x8000, 0x8000, 0x8000, 0x8000,
    0x8000, 0x8000, 0x8000, 0x8000, 0x8000, 0x8000, 0x8000, 0x8000, 0x8000, 0x8000, 0x8000, 0x8000, 0x8000, 0x8000, 0x8000, 0x8000,
    0x8000, 0x8000, 0x8000, 0x8000, 0x8000, 0x8000, 0x8000, 0x8000, 0x8000, 0x8000, 0x8000, 0x8000, 0x8000, 0x8000, 0x8000, 0x8000,
    0x8000, 0x8000, 0x8000, 0x8000, 0x8000, 0x8000, 0x8000, 0x8000, 0x8000, 0x8000, 0x8000, 0x8000, 0x8000, 0x8000, 0x8000, 0x8000,
    0x8000, 0x8000, 0x8000, 0x8000, 0x8000, 0x8000, 0x8000, 0x8000, 0x8000, 0x8000, 0x8000, 0x8000, 0x8000, 0x8000, 0x8000, 0x8000,
    0x8000, 0x8000, 0x8000, 0x8000, 0x8000, 0x8000, 0x8000, 0x8000, 0x8000, 0x8000, 0x8000, 0x8000, 0x8000, 0x8000, 0x8000, 0x8000,
    0x8000, 0x8000, 0x8000, 0x8000, 0x8000, 0x8000, 0x8000, 0x8000, 0x8000, 0x8000, 0x8000, 0x8000, 0x8000, 0x8000, 0x8000, 0x8000,
    0x8000, 0x8000, 0x8000, 0x8000, 0x8000, 0x8000, 0x8000, 0x8000, 0x8000, 0x8000, 0x8000, 0x8000, 0x8000, 0x8000, 0x8000, 0x8000,
    0x8000, 0x8000, 0x8000, 0x8000, 0x8000, 0x8000, 0x8000, 0x8000, 0x8000, 0x8000, 0x8000, 0x8000, 0x8000, 0x8000, 0x8000, 0x8000,
    0x8000, 0x8000, 0x8000, 0x8000, 0x8000, 0x8000, 0x8000, 0x8000, 0x8000, 0x8000, 0x8000, 0x8000, 0x8000, 0x8000, 0x8000, 0x8000,
    0x8000, 0x8000, 0x8000, 0x8000, 0x8000, 0x8000, 0x8000, 0x8000, 0x8000, 0x8000, 0x8000, 0x8000, 0x8000, 0x8000, 0x8000, 0x8000,
    0x8000, 0x8000, 0x8000, 0x8000, 0x8000, 0x8000, 0x8000, 0x8000, 0x8000, 0x8000, 0x8000, 0x8000, 0x8000, 0x8000, 0x8000, 0x8000,
    0x8000, 0x8000, 0x8000, 0x8000, 0x8000, 0x8000, 0x8000, 0x8000, 0x8000, 0x8000, 0x8000, 0x8000, 0x8000, 0x8000, 0x8000, 0x8000,
    0x8000, 0x8000, 0x8000, 0x8000, 0x8000, 0x8000, 0x8000, 0x8000, 0x8000, 0x8000, 0x8000, 0x8000, 0x8000, 0x8000, 0x8000, 0x8000,
    0x8000, 0x8000, 0x8000, 0x8000, 0x8000, 0x8000, 0x8000, 0x8000, 0x8000, 0x8000, 0x8000, 0x8000, 0x8000, 0x8000, 0x8000, 0x8000,
    0x8000, 0x8000, 0x8000, 0x8000, 0x8000, 0x8000, 0x8000, 0x8000, 0x8000, 0x8000, 0x8000, 0x8000, 0x8000, 0x8000, 0x8000, 0x8000,
    0x8000, 0x8000, 0x8000, 0x8000, 0x8000, 0x8000, 0x8000, 0x8000, 0x8000, 0x8000, 0x8000, 0x8000, 0x8000, 0x8000, 0x8000, 0x8000,
    0x8000, 0x8000, 0x8000, 0x8000, 0x8000, 0x8000, 0x8000, 0x8000, 0x8000, 0x8000, 0x8000, 0x8000, 0x8000, 0x8000, 0x8000, 0x8000,
    0x8000, 0x8000, 0x8000, 0x8000, 0x8000, 0x8000, 0x8000, 0x8000, 0x8000, 0x8000, 0x8000, 0x8000, 0x8000, 0x8000, 0x8000, 0x8000,
    0x8000, 0x8000, 0x8000, 0x8000, 0x8000, 0x8000, 0x8000, 0x8000, 0x8000, 0x8000, 0x8000, 0x8000, 0x8000, 0x8000, 0x8000, 0x8000,
    0x8000, 0x8000, 0x8000, 0x8000, 0x8000, 0x8000, 0x8000, 0x8000, 0x8000, 0x8000, 0x8000, 0x8000, 0x8000, 0x8000, 0x8000, 0x8000,
    0x8000, 0x8000, 0x8000, 0x8000, 0x8000, 0x8000, 0x8000, 0x8000, 0x8000, 0x8000, 0x8000, 0x8000, 0x8000, 0x8000, 0x8000, 0x8000,
    0x8000, 0x8000, 0x8000, 0x8000, 0x8000, 0x8000, 0x8000, 0x8000, 0x8000, 0x8000, 0x8000, 0x8000, 0x8000, 0x8000, 0x8000, 0x8000,
    0x8000, 0x8000, 0x8000, 0x8000, 0x8000, 0x8000, 0x8000, 0x8000, 0x8000, 0x8000, 0x8000, 0x8000, 0x8000, 0x8000, 0x8000, 0x8000,
    0x8000, 0x8000, 0x8000, 0x8000, 0x8000, 0x8000, 0x8000, 0x8000, 0x8000, 0x8000, 0x8000, 0x8000, 0x8000, 0x8000, 0x8000, 0x8000,
    0x8000, 0x8000, 0x8000, 0x8000, 0x8000, 0x8000, 0x8000, 0x8000, 0x8000, 0x8000, 0x8000, 0x8000, 0x8000, 0x8000, 0x8000, 0x8000,
    0x8000, 0x8000, 0x8000, 0x8000, 0x8000, 0x8000, 0x8000, 0x8000, 0x8000, 0x8000, 0x8000, 0x8000, 0x8000, 0x8000, 0x8000, 0x8000,
    0x8000, 0x8000, 0x8000, 0x8000, 0x8000, 0x8000, 0x8000, 0x8000, 0x8000, 0x8000, 0x8000, 0x8000, 0x8000, 0x8000, 0x8000, 0x8000,
    0x8000, 0x8000, 0x8000, 0x8000, 0x8000, 0x8000, 0x8000, 0x8000, 0x8000, 0x8000, 0x8000, 0x8000, 0x8000, 0x8000, 0x8000, 0x8000,
    0x8000, 0x8000, 0x8000, 0x8000, 0x8000, 0x8000, 0x8000, 0x8000, 0x8000, 0x8000, 0x8000, 0x8000, 0x8000, 0x8000, 0x8000, 0x8000,
    0x8000, 0x8000, 0x8000, 0x8000, 0x8000, 0x8000, 0x8000, 0x8000, 0x8000, 0x8000, 0x8000, 0x8000, 0x8000, 0x8000, 0x8000, 0x8000,
    0x8000, 0x8000, 0x8000, 0x8000, 0x8000, 0x8000, 0x8000, 0x8000, 0x8000, 0x8000, 0x8000, 0x8000, 0x8000, 0x8000, 0x8000, 0x8000,
    0x8000, 0x8000, 0x8000, 0x8000, 0x8000, 0x8000, 0x8000, 0x8000, 0x8000, 0x8000, 0x8000, 0x8000, 0x8000, 0x8000, 0x8000, 0x8000,
    0x8000, 0x8000, 0x8000, 0x8000, 0x8000, 0x8000, 0x8000, 0x8000, 0x8000, 0x8000, 0x8000, 0x8000, 0x8000, 0x8000, 0x8000, 0x8000,
    0x8000, 0x8000, 0x8000, 0x8000, 0x8000, 0x8000, 0x8000, 0x8000, 0x8000, 0x8000, 0x8000, 0x8000, 0x8000, 0x8000, 0x8000, 0x8000,
    0x8000, 0x8000, 0x8000, 0x8000, 0x8000, 0x8000, 0x8000, 0x8000, 0x8000, 0x8000, 0x8000, 0x8000, 0x8000, 0x8000, 0x8000, 0x8000,
    0x8000, 0x8000, 0x8000, 0x8000, 0x8000, 0x8000, 0x8000, 0x8000, 0x8000, 0x8000, 0x8000, 0x8000, 0x8000, 0x8000, 0x8000, 0x8000,
    0x8000, 0x8000, 0x8000, 0x8000, 0x8000, 0x8000, 0x8000, 0x8000, 0x8000, 0x8000, 0x8000, 0x8000, 0x8000, 0x8000, 0x8000, 0x8000,
    0x8000, 0x8000, 0x8000, 0x8000, 0x8000, 0x8000, 0x8000, 0x8000, 0x8000, 0x8000, 0x8000, 0x8000, 0x8000, 0x8000, 0x8000, 0x8000,
    0x8000, 0x8000, 0x8000, 0x8000, 0x8000, 0x8000, 0x8000, 0x8000, 0x8000, 0x8000, 0x8000, 0x8000, 0x8000, 0x8000, 0x8000, 0x8000,
    0x8000, 0x8000, 0x8000, 0x8000, 0x8000, 0x8000, 0x8000, 0x8000, 0x8000, 0x8000, 0x8000, 0x8000, 0x8000, 0x8000, 0x8000, 0x8000,
    0x8000, 0x8000, 0x8000, 0x8000, 0x8000, 0x8000, 0x8000, 0x8000, 0x8000, 0x8000, 0x8000, 0x8000, 0x8000, 0x8000, 0x8000, 0x8000,
    0x8000, 0x8000, 0x8000, 0x8000, 0x8000, 0x8000, 0x8000, 0x8000, 0x8000, 0x8000, 0x8000, 0x8000, 0x8000, 0x8000, 0x8000, 0x8000,
    0x8000, 0x8000, 0x8000, 0x8000, 0x8000, 0x8000, 0x8000, 0x8000, 0x8000, 0x8000, 0x8000, 0x8000, 0x8000, 0x8000, 0x8000, 0x8000,
    0x8000, 0x8000, 0x8000, 0x8000, 0x8000, 0x8000, 0x8000, 0x8000, 0x8000, 0x8000, 0x8000, 0x8000, 0x8000, 0x8000, 0x8000, 0x8000,
    0x8000, 0x8000, 0x8000, 0x8000, 0x8000, 0x8000, 0x8000, 0x8000, 0x8000, 0x8000, 0x8000, 0x8000, 0x8000, 0x8000, 0x8000, 0x8000,
    0x8000, 0x8000, 0x8000, 0x8000, 0x8000, 0x8000, 0x8000, 0x8000, 0x8000, 0x8000, 0x8000, 0x8000, 0x8000, 0x8000, 0x8000, 0x8000,
    0x8000, 0x8000, 0x8000, 0x8000, 0x8000, 0x8000, 0x8000, 0x8000, 0x8000, 0x8000, 0x8000, 0x8000, 0x8000, 0x8000, 0x8000, 0x8000,
    0x8000, 0x8000, 0x8000, 0x8000, 0x8000, 0x8000, 0x8000, 0x8000, 0x8000, 0x8000, 0x8000, 0x8000, 0x8000, 0x8000, 0x8000, 0x8000,
    0x8000, 0x8000, 0x8000, 0x8000, 0x8000, 0x8000, 0x8000, 0x8000, 0x8000, 0x8000, 0x8000, 0x8000, 0x8000, 0x8000, 0x8000, 0x8000,
    0x8000, 0x8000, 0x8000, 0x8000, 0x8000, 0x8000, 0x8000, 0x8000, 0x8000, 0x8000, 0x8000, 0x8000, 0x8000, 0x8000, 0x8000, 0x8000,
    0x8000, 0x8000, 0x8000, 0x8000, 0x8000, 0x8000, 0x8000, 0x8000, 0x8000, 0x8000, 0x8000, 0x8000, 0x8000, 0x8000, 0x8000, 0x8000,
    0x8000, 0x8000, 0x8000, 0x8000, 0x8000, 0x8000, 0x8000, 0x8000, 0x8000, 0x8000, 0x8000, 0x8000, 0x8000, 0x8000, 0x8000, 0x8000,
    0x8000, 0x8000, 0x8000, 0x8000, 0x8000, 0x8000, 0x8000, 0x8000, 0x8000, 0x8000, 0x8000, 0x8000, 0x8000, 0x8000, 0x8000, 0x8000,
    0x8000, 0x8000, 0x8000, 0x8000, 0x8000, 0x8000, 0x8000, 0x8000, 0x8000, 0x8000, 0x8000, 0x8000, 0x8000, 0x8000, 0x8000, 0x8000,
    0x8000, 0x8000, 0x8000, 0x8000, 0x8000, 0x8000, 0x8000, 0x8000, 0x8000, 0x8000, 0x8000, 0x8000, 0x8000, 0x8000, 0x8000, 0x8000,
    0x8000, 0x8000, 0x8000, 0x8000, 0x8000, 0x8000, 0x8000, 0x8000, 0x8000, 0x8000, 0x8000, 0x8000, 0x8000, 0x8000, 0x8000, 0x8000,
    0x8000, 0x8000, 0x8000, 0x8000, 0x8000, 0x8000, 0x8000, 0x8000, 0x8000, 0x8000, 0x8000, 0x8000, 0x8000, 0x8000, 0x8000, 0x8000,
    0x8000, 0x8000, 0x8000, 0x8000, 0x8000, 0x8000, 0x8000, 0x8000, 0x8000, 0x8000, 0x8000, 0x8000, 0x8000, 0x8000, 0x8000, 0x8000,
    0x8000, 0x8000, 0x8000, 0x8000, 0x8000, 0x8000, 0x8000, 0x8000, 0x8000, 0x8000, 0x8000, 0x8000, 0x8000, 0x8000, 0x8000, 0x8000,
    0x8000, 0x8000, 0x8000, 0x8000, 0x8000, 0x8000, 0x8000, 0x8000, 0x8000, 0x8000, 0x8000, 0x8000, 0x8000, 0x8000, 0x8000, 0x8000,
    0x8000, 0x8000, 0x8000, 0x8000, 0x8000, 0x8000, 0x8000, 0x8000, 0x8000, 0x8000, 0x8000, 0x8000, 0x8000, 0x8000, 0x8000, 0x8000,
    0x8000, 0x8000, 0x8000, 0x8000, 0x8000, 0x8000, 0x8000, 0x8000, 0x8000, 0x8000, 0x8000, 0x8000, 0x8000, 0x8000, 0x8000, 0x8000,
    0x8000, 0x8000, 0x8000, 0x8000, 0x8000, 0x8000, 0x8000, 0x8000, 0x8000, 0x8000, 0x8000, 0x8000, 0x8000, 0x8000, 0x8000, 0x8000,
    0x8000, 0x8000, 0x8000, 0x8000, 0x8000, 0x8000, 0x8000, 0x8000, 0x8000, 0x8000, 0x8000, 0x8000, 0x8000, 0x8000, 0x8000, 0x8000,
    0x8000, 0x8000, 0x8000, 0x8000, 0x8000, 0x8000, 0x8000, 0x8000, 0x8000, 0x8000, 0x8000, 0x8000, 0x8000, 0x8000, 0x8000, 0x8000,
    0x8000, 0x8000, 0x8000, 0x8000, 0x8000, 0x8000, 0x8000, 0x8000, 0x8000, 0x8000, 0x8000, 0x8000, 0x8000, 0x8000, 0x8000, 0x8000,
    0x8000, 0x8000, 0x8000, 0x8000, 0x8000, 0x8000, 0x8000, 0x8000, 0x8000, 0x8000, 0x8000, 0x8000, 0x8000, 0x8000, 0x8000, 0x8000,
    0x8000, 0x8000, 0x8000, 0x8000, 0x8000, 0x8000, 0x8000, 0x8000, 0x8000, 0x8000, 0x8000, 0x8000, 0x8000, 0x8000, 0x8000, 0x8000,
    0x8000, 0x8000, 0x8000, 0x8000, 0x8000, 0x8000, 0x8000, 0x8000, 0x8000, 0x8000, 0x8000, 0x8000, 0x8000, 0x8000, 0x8000, 0x8000,
    0x8000, 0x8000, 0x8000, 0x8000, 0x8000, 0x8000, 0x8000, 0x8000, 0x8000, 0x8000, 0x8000, 0x8000, 0x8000, 0x8000, 0x8000, 0x8000,
    0x8000, 0x8000, 0x8000, 0x8000, 0x8000, 0x8000, 0x8000, 0x8000, 0x8000, 0x8000, 0x8000, 0x8000, 0x8000, 0x8000, 0x8000, 0x8000,
    0x8000, 0x8000, 0x8000, 0x8000, 0x8000, 0x8000, 0x8000, 0x8000, 0x8000, 0x8000, 0x8000, 0x8000, 0x8000, 0x8000, 0x8000, 0x8000,
    0x8000, 0x8000, 0x8000, 0x8000, 0x8000, 0x8000, 0x8000, 0x8000, 0x8000, 0x8000, 0x8000, 0x8000, 0x8000, 0x8000, 0x8000, 0x8000,
    0x8000, 0x8000, 0x8000, 0x8000, 0x8000, 0x8000, 0x8000, 0x8000, 0x8000, 0x8000, 0x8000, 0x8000, 0x8000, 0x8000, 0x8000, 0x8000,
    0x8000, 0x8000, 0x8000, 0x8000, 0x8000, 0x8000, 0x8000, 0x8000, 0x8000, 0x8000, 0x8000, 0x8000, 0x8000, 0x8000, 0x8000, 0x8000,
    0x8000, 0x8000, 0x8000, 0x8000, 0x8000, 0x8000, 0x8000, 0x8000, 0x8000, 0x8000, 0x8000, 0x8000, 0x8000, 0x8000, 0x8000, 0x8000,
    0x8000, 0x8000, 0x8000, 0x8000, 0x8000, 0x8000, 0x8000, 0x8000, 0x8000, 0x8000, 0x8000, 0x8000, 0x8000, 0x8000, 0x8000, 0x8000,
    0x8000, 0x8000, 0x8000, 0x8000, 0x8000, 0x8000, 0x8000, 0x8000, 0x8000, 0x8000, 0x8000, 0x8000, 0x8000, 0x8000, 0x8000, 0x8000,
    0x8000, 0x8000, 0x8000, 0x8000, 0x8000, 0x8000, 0x8000, 0x8000, 0x8000, 0x8000, 0x8000, 0x8000, 0x8000, 0x8000, 0x8000, 0x8000,
    0x8000, 0x8000, 0x8000, 0x8000, 0x8000, 0x8000, 0x8000, 0x8000, 0x8000, 0x8000, 0x8000, 0x8000, 0x8000, 0x8000, 0x8000, 0x8000,
    0x8000, 0x8000, 0x8000, 0x8000, 0x8000, 0x8000, 0x8000, 0x8000, 0x8000, 0x8000, 0x8000, 0x8000, 0x8000, 0x8000, 0x8000, 0x8000,
    0x8000, 0x8000, 0x8000, 0x8000, 0x8000, 0x8000, 0x8000, 0x8000, 0x8000, 0x8000, 0x8000, 0x8000, 0x8000, 0x8000, 0x8000, 0x8000,
    0x8000, 0x8000, 0x8000, 0x8000, 0x8000, 0x8000, 0x8000, 0x8000, 0x8000, 0x8000, 0x8000, 0x8000, 0x8000, 0x8000, 0x8000, 0x8000,
    0x8000, 0x8000, 0x8000, 0x8000, 0x8000, 0x8000, 0x8000, 0x8000, 0x8000, 0x8000, 0x8000, 0x8000, 0x8000, 0x8000, 0x8000, 0x8000,
    0x8000, 0x8000, 0x8000, 0x8000, 0x8000, 0x8000, 0x8000, 0x8000, 0x8000, 0x8000, 0x8000, 0x8000, 0x8000, 0x8000, 0x8000, 0x8000,
    0x8000, 0x8000, 0x8000, 0x8000, 0x8000, 0x8000, 0x8000, 0x8000, 0x8000, 0x8000, 0x8000, 0x8000, 0x8000, 0x8000, 0x8000, 0x8000,
    0x8000, 0x8000, 0x8000, 0x8000, 0x8000, 0x8000, 0x8000, 0x8000, 0x8000, 0x8000, 0x8000, 0x8000, 0x8000, 0x8000, 0x8000, 0x8000,
    0x8000, 0x8000, 0x8000, 0x8000, 0x8000, 0x8000, 0x8000, 0x8000, 0x8000, 0x8000, 0x8000, 0x8000, 0x8000, 0x8000, 0x8000, 0x8000,
    0x8000, 0x8000, 0x8000, 0x8000, 0x8000, 0x8000, 0x8000, 0x8000, 0x8000, 0x8000, 0x8000, 0x8000, 0x8000, 0x8000, 0x8000, 0x8000,
    0x8000, 0x8000, 0x8000, 0x8000, 0x8000, 0x8000, 0x8000, 0x8000, 0x8000, 0x8000, 0x8000, 0x8000, 0x8000, 0x8000, 0x8000, 0x8000,
    0x8000, 0x8000, 0x8000, 0x8000, 0x8000, 0x8000, 0x8000, 0x8000, 0x8000, 0x8000, 0x8000, 0x8000, 0x8000, 0x8000, 0x8000, 0x8000,
    0x8000, 0x8000, 0x8000, 0x8000, 0x8000, 0x8000, 0x8000, 0x8000, 0x8000, 0x8000, 0x8000, 0x8000, 0x8000, 0x8000, 0x8000, 0x8000,
    0x8000, 0x8000, 0x8000, 0x8000, 0x8000, 0x8000, 0x8000, 0x8000, 0x8000, 0x8000, 0x8000, 0x8000, 0x8000, 0x8000, 0x8000, 0x8000,
    0x8000, 0x8000, 0x8000, 0x8000, 0x8000, 0x8000, 0x8000, 0x8000, 0x8000, 0x8000, 0x8000, 0x8000, 0x8000, 0x8000, 0x8000, 0x8000,
    0x8000, 0x8000, 0x8000, 0x8000, 0x8000, 0x8000, 0x8000, 0x8000, 0x8000, 0x8000, 0x8000, 0x8000, 0x8000, 0x8000, 0x8000, 0x8000,
    0x8000, 0x8000, 0x8000, 0x8000, 0x8000, 0x8000, 0x8000, 0x8000, 0x8000, 0x8000, 0x8000, 0x8000, 0x8000, 0x8000, 0x8000, 0x8000,
    0x8000, 0x8000, 0x8000, 0x8000, 0x8000, 0x8000, 0x8000, 0x8000, 0x8000, 0x8000, 0x8000, 0x8000, 0x8000, 0x8000, 0x8000, 0x8000,
    0x8000, 0x8000, 0x8000, 0x8000, 0x8000, 0x8000, 0x8000, 0x8000, 0x8000, 0x8000, 0x8000, 0x8000, 0x8000, 0x8000, 0x8000, 0x8000,
    0x8000, 0x8000, 0x8000, 0x8000, 0x8000, 0x8000, 0x8000, 0x8000, 0x8000, 0x8000, 0x8000, 0x8000, 0x8000, 0x8000, 0x8000, 0x8000,
    0x8000, 0x8000, 0x8000, 0x8000, 0x8000, 0x8000, 0x8000, 0x8000, 0x8000, 0x8000, 0x8000, 0x8000, 0x8000, 0x8000, 0x8000, 0x8000,
    0x8000, 0x8000, 0x8000, 0x8000, 0x8000, 0x8000, 0x8000, 0x8000, 0x8000, 0x8000, 0x8000, 0x8000, 0x8000, 0x8000, 0x8000, 0x8000,
    0x8000, 0x8000, 0x8000, 0x8000, 0x8000, 0x8000, 0x8000, 0x8000, 0x8000, 0x8000, 0x8000, 0x8000, 0x8000, 0x8000, 0x8000, 0x8000,
    0x8000, 0x8000, 0x8000, 0x8000, 0x8000, 0x8000, 0x8000, 0x8000, 0x8000, 0x8000, 0x8000, 0x8000, 0x8000, 0x8000, 0x8000, 0x8000,
    0x8000, 0x8000, 0x8000, 0x8000, 0x8000, 0x8000, 0x8000, 0x8000, 0x8000, 0x8000, 0x8000, 0x8000, 0x8000, 0x8000, 0x8000, 0x8000,
    0x8000, 0x8000, 0x8000, 0x8000, 0x8000, 0x8000, 0x8000, 0x8000, 0x8000, 0x8000, 0x8000, 0x8000, 0x8000, 0x8000, 0x8000, 0x8000,
    0x8000, 0x8000, 0x8000, 0x8000, 0x8000, 0x8000, 0x8000, 0x8000, 0x8000, 0x8000, 0x8000, 0x8000, 0x8000, 0x8000, 0x8000, 0x8000,
    0x8000, 0x8000, 0x8000, 0x8000, 0x8000, 0x8000, 0x8000, 0x8000, 0x8000, 0x8000, 0x8000, 0x8000, 0x8000, 0x8000, 0x8000, 0x8000,
    0x8000, 0x8000, 0x8000, 0x8000, 0x8000, 0x8000, 0x8000, 0x8000, 0x8000, 0x8000, 0x8000, 0x8000, 0x8000, 0x8000, 0x8000, 0x8000,
    0x8000, 0x8000, 0x8000, 0x8000, 0x8000, 0x8000, 0x8000, 0x8000, 0x8000, 0x8000, 0x8000, 0x8000, 0x8000, 0x8000, 0x8000, 0x8000,
    0x8000, 0x8000, 0x8000, 0x8000, 0x8000, 0x8000, 0x8000, 0x8000, 0x8000, 0x8000, 0x8000, 0x8000, 0x8000, 0x8000, 0x8000, 0x8000,
    0x8000, 0x8000, 0x8000, 0x8000, 0x8000, 0x8000, 0x8000, 0x8000, 0x8000, 0x8000, 0x8000, 0x8000, 0x8000, 0x8000, 0x8000, 0x8000,
    0x8000, 0x8000, 0x8000, 0x8000, 0x8000, 0x8000, 0x8000, 0x8000, 0x8000, 0x8000, 0x8000, 0x8000, 0x8000, 0x8000, 0x8000, 0x8000,
    0x8000, 0x8000, 0x8000, 0x8000, 0x8000, 0x8000, 0x8000, 0x8000, 0x8000, 0x8000, 0x8000, 0x8000, 0x8000, 0x8000, 0x8000, 0x8000,
    0x8000, 0x8000, 0x8000, 0x8000, 0x8000, 0x8000, 0x8000, 0x8000, 0x8000, 0x8000, 0x8000, 0x8000, 0x8000, 0x8000, 0x8000, 0x8000,
    0x8000, 0x8000, 0x8000, 0x8000, 0x8000, 0x8000, 0x8000, 0x8000, 0x8000, 0x8000, 0x8000, 0x8000, 0x8000, 0x8000, 0x8000, 0x8000,
    0x8000, 0x8000, 0x8000, 0x8000, 0x8000, 0x8000, 0x8000, 0x8000, 0x8000, 0x8000, 0x8000, 0x8000, 0x8000, 0x8000, 0x8000, 0x8000,
    0x8000, 0x8000, 0x8000, 0x8000, 0x8000, 0x8000, 0x8000, 0x8000, 0x8000, 0x8000, 0x8000, 0x8000, 0x8000, 0x8000, 0x8000, 0x8000,
    0x8000, 0x8000, 0x8000, 0x8000, 0x8000, 0x8000, 0x8000, 0x8000, 0x8000, 0x8000, 0x8000, 0x8000, 0x8000, 0x8000, 0x8000, 0x8000,
    0x8000, 0x8000, 0x8000, 0x8000, 0x8000, 0x8000, 0x8000, 0x8000, 0x8000, 0x8000, 0x8000, 0x8000, 0x8000, 0x8000, 0x8000, 0x8000,
    0x8000, 0x8000, 0x8000, 0x8000, 0x8000, 0x8000, 0x8000, 0x8000, 0x8000, 0x8000, 0x8000, 0x8000, 0x8000, 0x8000, 0x8000, 0x8000,
    0x8000, 0x8000, 0x8000, 0x8000, 0x8000, 0x8000, 0x8000, 0x8000, 0x8000, 0x8000, 0x8000, 0x8000, 0x8000, 0x8000, 0x8000, 0x8000,
    0x8000, 0x8000, 0x8000, 0x8000, 0x8000, 0x8000, 0x8000, 0x8000, 0x8000, 0x8000, 0x8000, 0x8000, 0x8000, 0x8000, 0x8000, 0x8000,
    0x8000, 0x8000, 0x8000, 0x8000, 0x8000, 0x8000, 0x8000, 0x8000, 0x8000, 0x8000, 0x8000, 0x8000, 0x8000, 0x8000, 0x8000, 0x8000,
    0x8000, 0x8000, 0x8000, 0x8000, 0x8000, 0x8000, 0x8000, 0x8000, 0x8000, 0x8000, 0x8000, 0x8000, 0x8000, 0x8000, 0x8000, 0x8000,
    0x8000, 0x8000, 0x8000, 0x8000, 0x8000, 0x8000, 0x8000, 0x8000, 0x8000, 0x8000, 0x8000, 0x8000, 0x8000, 0x8000, 0x8000, 0x8000,
    0x8000, 0x8000, 0x8000, 0x8000, 0x8000, 0x8000, 0x8000, 0x8000, 0x8000, 0x8000, 0x8000, 0x8000, 0x8000, 0x8000, 0x8000, 0x8000,
    0x8000, 0x8000, 0x8000, 0x8000, 0x8000, 0x8000, 0x8000, 0x8000, 0x8000, 0x8000, 0x8000, 0x8000, 0x8000, 0x8000, 0x8000, 0x8000,
    0x8000, 0x8000, 0x8000, 0x8000, 0x8000, 0x8000, 0x8000, 0x8000, 0x8000, 0x8000, 0x8000, 0x8000, 0x8000, 0x8000, 0x8000, 0x8000,
    0x8000, 0x8000, 0x8000, 0x8000, 0x8000, 0x8000, 0x8000, 0x8000, 0x8000, 0x8000, 0x8000, 0x8000, 0x8000, 0x8000, 0x8000, 0x8000,
    0x8000, 0x8000, 0x8000, 0x8000, 0x8000, 0x8000, 0x8000, 0x8000, 0x8000, 0x8000, 0x8000, 0x8000, 0x8000, 0x8000, 0x8000, 0x8000,
    0x8000, 0x8000, 0x8000, 0x8000, 0x8000, 0x8000, 0x8000, 0x8000, 0x8000, 0x8000, 0x8000, 0x8000, 0x8000, 0x8000, 0x8000, 0x8000,
    0x8000, 0x8000, 0x8000, 0x8000, 0x8000, 0x8000, 0x8000, 0x8000, 0x8000, 0x8000, 0x8000, 0x8000, 0x8000, 0x8000, 0x8000, 0x8000,
    0x8000, 0x8000, 0x8000, 0x8000, 0x8000, 0x8000, 0x8000, 0x8000, 0x8000, 0x8000, 0x8000, 0x8000, 0x8000, 0x8000, 0x8000, 0x8000,
    0x8000, 0x8000, 0x8000, 0x8000, 0x8000, 0x8000, 0x8000, 0x8000, 0x8000, 0x8000, 0x8000, 0x8000, 0x8000, 0x8000, 0x8000, 0x8000,
    0x8000, 0x8000, 0x8000, 0x8000, 0x8000, 0x8000, 0x8000, 0x8000, 0x8000, 0x8000, 0x8000, 0x8000, 0x8000, 0x8000, 0x8000, 0x8000,
    0x8000, 0x8000, 0x8000, 0x8000, 0x8000, 0x8000, 0x8000, 0x8000, 0x8000, 0x8000, 0x8000, 0x8000, 0x8000, 0x8000, 0x8000, 0x8000,
    0x8000, 0x8000, 0x8000, 0x8000, 0x8000, 0x8000, 0x8000, 0x8000, 0x8000, 0x8000, 0x8000, 0x8000, 0x8000, 0x8000, 0x8000, 0x8000,
    0x8000, 0x8000, 0x8000, 0x8000, 0x8000, 0x8000, 0x8000, 0x8000, 0x8000, 0x8000, 0x8000, 0x8000, 0x8000, 0x8000, 0x8000, 0x8000,
    0x8000, 0x8000, 0x8000, 0x8000, 0x8000, 0x8000, 0x8000, 0x8000, 0x8000, 0x8000, 0x8000, 0x8000, 0x8000, 0x8000, 0x8000, 0x8000,
    0x8000, 0x8000, 0x8000, 0x8000, 0x8000, 0x8000, 0x8000, 0x8000, 0x8000, 0x8000, 0x8000, 0x8000, 0x8000, 0x8000, 0x8000, 0x8000,
    0x8000, 0x8000, 0x8000, 0x8000, 0x8000, 0x8000, 0x8000, 0x8000, 0x8000, 0x8000, 0x8000, 0x8000, 0x8000, 0x8000, 0x8000, 0x8000,
    0x8000, 0x8000, 0x8000, 0x8000, 0x8000, 0x8000, 0x8000, 0x8000, 0x8000, 0x8000, 0x8000, 0x8000, 0x8000, 0x8000, 0x8000, 0x8000,
    0x8000, 0x8000, 0x8000, 0x8000, 0x8000, 0x8000, 0x8000, 0x8000, 0x8000, 0x8000, 0x8000, 0x8000, 0x8000, 0x8000, 0x8000, 0x8000,
    0x8000, 0x8000, 0x8000, 0x8000, 0x8000, 0x8000, 0x8000, 0x8000, 0x8000, 0x8000, 0x8000, 0x8000, 0x8000, 0x8000, 0x8000, 0x8000,
    0x8000, 0x8000, 0x8000, 0x8000, 0x8000, 0x8000, 0x8000, 0x8000, 0x8000, 0x8000, 0x8000, 0x8000, 0x8000, 0x8000, 0x8000, 0x8000,
    0x8000, 0x8000, 0x8000, 0x8000, 0x8000, 0x8000, 0x8000, 0x8000, 0x8000, 0x8000, 0x8000, 0x8000, 0x8000, 0x8000, 0x8000, 0x8000,
    0x8000, 0x8000, 0x8000, 0x8000, 0x8000, 0x8000, 0x8000, 0x8000, 0x8000, 0x8000, 0x8000, 0x8000, 0x8000, 0x8000, 0x8000, 0x8000,
    0x8000, 0x8000, 0x8000, 0x8000, 0x8000, 0x8000, 0x8000, 0x8000, 0x8000, 0x8000, 0x8000, 0x8000, 0x8000, 0x8000, 0x8000, 0x8000,
    0x8000, 0x8000, 0x8000, 0x8000, 0x8000, 0x8000, 0x8000, 0x8000, 0x8000, 0x8000, 0x8000, 0x8000, 0x8000, 0x8000, 0x8000, 0x8000,
    0x8000, 0x8000, 0x8000, 0x8000, 0x8000, 0x8000, 0x8000, 0x8000, 0x8000, 0x8000, 0x8000, 0x8000, 0x8000, 0x8000, 0x8000, 0x8000,
    0x8000, 0x8000, 0x8000, 0x8000, 0x8000, 0x8000, 0x8000, 0x8000, 0x8000, 0x8000, 0x8000, 0x8000, 0x8000, 0x8000, 0x8000, 0x8000,
    0x8000, 0x8000, 0x8000, 0x8000, 0x8000, 0x8000, 0x8000, 0x8000, 0x8000, 0x8000, 0x8000, 0x8000, 0x8000, 0x8000, 0x8000, 0x8000,
    0x8000, 0x8000, 0x8000, 0x8000, 0x8000, 0x8000, 0x8000, 0x8000, 0x8000, 0x8000, 0x8000, 0x8000, 0x8000, 0x8000, 0x8000, 0x8000,
    0x8000, 0x8000, 0x8000, 0x8000, 0x8000, 0x8000, 0x8000, 0x8000, 0x8000, 0x8000, 0x8000, 0x8000, 0x8000, 0x8000, 0x8000, 0x8000,
    0x8000, 0x8000, 0x8000, 0x8000, 0x8000, 0x8000, 0x8000, 0x8000, 0x8000, 0x8000, 0x8000, 0x8000, 0x8000, 0x8000, 0x8000, 0x8000,
    0x8000, 0x8000, 0x8000, 0x8000, 0x8000, 0x8000, 0x8000, 0x8000, 0x8000, 0x8000, 0x8000, 0x8000, 0x8000, 0x8000, 0x8000, 0x8000,
    0x8000, 0x8000, 0x8000, 0x8000, 0x8000, 0x8000, 0x8000, 0x8000, 0x8000, 0x8000, 0x8000, 0x8000, 0x8000, 0x8000, 0x8000, 0x8000,
    0x8000, 0x8000, 0x8000, 0x8000, 0x8000, 0x8000, 0x8000, 0x8000, 0x8000, 0x8000, 0x8000, 0x8000, 0x8000, 0x8000, 0x8000, 0x8000,
    0x8000, 0x8000, 0x8000, 0x8000, 0x8000, 0x8000, 0x8000, 0x8000, 0x8000, 0x8000, 0x8000, 0x8000, 0x8000, 0x8000, 0x8000, 0x8000,
    0x8000, 0x8000, 0x8000, 0x8000, 0x8000, 0x8000, 0x8000, 0x8000, 0x8000, 0x8000, 0x8000, 0x8000, 0x8000, 0x8000, 0x8000, 0x8000,
    0x8000, 0x8000, 0x8000, 0x8000, 0x8000, 0x8000, 0x8000, 0x8000, 0x8000, 0x8000, 0x8000, 0x8000, 0x8000, 0x8000, 0x8000, 0x8000,
    0x8000, 0x8000, 0x8000, 0x8000, 0x8000, 0x8000, 0x8000, 0x8000, 0x8000, 0x8000, 0x8000, 0x8000, 0x8000, 0x8000, 0x8000, 0x8000,
    0x8000, 0x8000, 0x8000, 0x8000, 0x8000, 0x8000, 0x8000, 0x8000, 0x8000, 0x8000, 0x8000, 0x8000, 0x8000, 0x8000, 0x8000, 0x8000,
    0x8000, 0x8000, 0x8000, 0x8000, 0x8000, 0x8000, 0x8000, 0x8000, 0x8000, 0x8000, 0x8000, 0x8000, 0x8000, 0x8000, 0x8000, 0x8000,
    0x8000, 0x8000, 0x8000, 0x8000, 0x8000, 0x8000, 0x8000, 0x8000, 0x8000, 0x8000, 0x8000, 0x8000, 0x8000, 0x8000, 0x8000, 0x8000,
    0x8000, 0x8000, 0x8000, 0x8000, 0x8000, 0x8000, 0x8000, 0x8000, 0x8000, 0x8000, 0x8000, 0x8000, 0x8000, 0x8000, 0x8000, 0x8000,
    0x8000, 0x8000, 0x8000, 0x8000, 0x8000, 0x8000, 0x8000, 0x8000, 0x8000, 0x8000, 0x8000, 0x8000, 0x8000, 0x8000, 0x8000, 0x8000,
    0x8000, 0x8000, 0x8000, 0x8000, 0x8000, 0x8000, 0x8000, 0x8000, 0x8000, 0x8000, 0x8000, 0x8000, 0x8000, 0x8000, 0x8000, 0x8000,
    0x8000, 0x8000, 0x8000, 0x8000, 0x8000, 0x8000, 0x8000, 0x8000, 0x8000, 0x8000, 0x8000, 0x8000, 0x8000, 0x8000, 0x8000, 0x8000,
    0x8000, 0x8000, 0x8000, 0x8000, 0x8000, 0x8000, 0x8000, 0x8000, 0x8000, 0x8000, 0x8000, 0x8000, 0x8000, 0x8000, 0x8000, 0x8000,
    0x8000, 0x8000, 0x8000, 0x8000, 0x8000, 0x8000, 0x8000, 0x8000, 0x8000, 0x8000, 0x8000, 0x8000, 0x8000, 0x8000, 0x8000, 0x8000,
    0x8000, 0x8000, 0x8000, 0x8000, 0x8000, 0x8000, 0x8000, 0x8000, 0x8000, 0x8000, 0x8000, 0x8000, 0x8000, 0x8000, 0x8000, 0x8000,
    0x8000, 0x8000, 0x8000, 0x8000, 0x8000, 0x8000, 0x8000, 0x8000, 0x8000, 0x8000, 0x8000, 0x8000, 0x8000, 0x8000, 0x8000, 0x8000,
    0x8000, 0x8000, 0x8000, 0x8000, 0x8000, 0x8000, 0x8000, 0x8000, 0x8000, 0x8000, 0x8000, 0x8000, 0x8000, 0x8000, 0x8000, 0x8000,
    0x8000, 0x8000, 0x8000, 0x8000, 0x8000, 0x8000, 0x8000, 0x8000, 0x8000, 0x8000, 0x8000, 0x8000, 0x8000, 0x8000, 0x8000, 0x8000,
    0x8000, 0x8000, 0x8000, 0x8000, 0x8000, 0x8000, 0x8000, 0x8000, 0x8000, 0x8000, 0x8000, 0x8000, 0x8000, 0x8000, 0x8000, 0x8000,
    0x8000, 0x8000, 0x8000, 0x8000, 0x8000, 0x8000, 0x8000, 0x8000, 0x8000, 0x8000, 0x8000, 0x8000, 0x8000, 0x8000, 0x8000, 0x8000,
    0x8000, 0x8000, 0x8000, 0x8000, 0x8000, 0x8000, 0x8000, 0x8000, 0x8000, 0x8000, 0x8000, 0x8000, 0x8000, 0x8000, 0x8000, 0x8000,
    0x8000, 0x8000, 0x8000, 0x8000, 0x8000, 0x8000, 0x8000, 0x8000, 0x8000, 0x8000, 0x8000, 0x8000, 0x8000, 0x8000, 0x8000, 0x8000,
    0x8000, 0x8000, 0x8000, 0x8000, 0x8000, 0x8000, 0x8000, 0x8000, 0x8000, 0x8000, 0x8000, 0x8000, 0x8000, 0x8000, 0x8000, 0x8000,
    0x8000, 0x8000, 0x8000, 0x8000, 0x8000, 0x8000, 0x8000, 0x8000, 0x8000, 0x8000, 0x8000, 0x8000, 0x8000, 0x8000, 0x8000, 0x8000,
    0x8000, 0x8000, 0x8000, 0x8000, 0x8000, 0x8000, 0x8000, 0x8000, 0x8000, 0x8000, 0x8000, 0x8000, 0x8000, 0x8000, 0x8000, 0x8000,
    0x8000, 0x8000, 0x8000, 0x8000, 0x8000, 0x8000, 0x8000, 0x8000, 0x8000, 0x8000, 0x8000, 0x8000, 0x8000, 0x8000, 0x8000, 0x8000,
    0x8000, 0x8000, 0x8000, 0x8000, 0x8000, 0x8000, 0x8000, 0x8000, 0x8000, 0x8000, 0x8000, 0x8000, 0x8000, 0x8000, 0x8000, 0x8000,
    0x8000, 0x8000, 0x8000, 0x8000, 0x8000, 0x8000, 0x8000, 0x8000, 0x8000, 0x8000, 0x8000, 0x8000, 0x8000, 0x8000, 0x8000, 0x8000,
    0x8000, 0x8000, 0x8000, 0x8000, 0x8000, 0x8000, 0x8000, 0x8000, 0x8000, 0x8000, 0x8000, 0x8000, 0x8000, 0x8000, 0x8000, 0x8000,
    0x8000, 0x8000, 0x8000, 0x8000, 0x8000, 0x8000, 0x8000, 0x8000, 0x8000, 0x8000, 0x8000, 0x8000, 0x8000, 0x8000, 0x8000, 0x8000,
    0x8000, 0x8000, 0x8000, 0x8000, 0x8000, 0x8000, 0x8000, 0x8000, 0x8000, 0x8000, 0x8000, 0x8000, 0x8000, 0x8000, 0x8000, 0x8000,
    0x8000, 0x8000, 0x8000, 0x8000, 0x8000, 0x8000, 0x8000, 0x8000, 0x8000, 0x8000, 0x8000, 0x8000, 0x8000, 0x8000, 0x8000, 0x8000,
    0x8000, 0x8000, 0x8000, 0x8000, 0x8000, 0x8000, 0x8000, 0x8000, 0x8000, 0x8000, 0x8000, 0x8000, 0x8000, 0x8000, 0x8000, 0x8000,
    0x8000, 0x8000, 0x8000, 0x8000, 0x8000, 0x8000, 0x8000, 0x8000, 0x8000, 0x8000, 0x8000, 0x8000, 0x8000, 0x8000, 0x8000, 0x8000,
    0x8000, 0x8000, 0x8000, 0x8000, 0x8000, 0x8000, 0x8000, 0x8000, 0x8000, 0x8000, 0x8000, 0x8000, 0x8000, 0x8000, 0x8000, 0x8000,
    0x8000, 0x8000, 0x8000, 0x8000, 0x8000, 0x8000, 0x8000, 0x8000, 0x8000, 0x8000, 0x8000, 0x8000, 0x8000, 0x8000, 0x8000, 0x8000,
    0x8000, 0x8000, 0x8000, 0x8000, 0x8000, 0x8000, 0x8000, 0x8000, 0x8000, 0x8000, 0x8000, 0x8000, 0x8000, 0x8000, 0x8000, 0x8000,
    0x8000, 0x8000, 0x8000, 0x8000, 0x8000, 0x8000, 0x8000, 0x8000, 0x8000, 0x8000, 0x8000, 0x8000, 0x8000, 0x8000, 0x8000, 0x8000,
    0x8000, 0x8000, 0x8000, 0x8000, 0x8000, 0x8000, 0x8000, 0x8000, 0x8000, 0x8000, 0x8000, 0x8000, 0x8000, 0x8000, 0x8000, 0x8000,
    0x8000, 0x8000, 0x8000, 0x8000, 0x8000, 0x8000, 0x8000, 0x8000, 0x8000, 0x8000, 0x8000, 0x8000, 0x8000, 0x8000, 0x8000, 0x8000,
    0x8000, 0x8000, 0x8000, 0x8000, 0x8000, 0x8000, 0x8000, 0x8000, 0x8000, 0x8000, 0x8000, 0x8000, 0x8000, 0x8000, 0x8000, 0x8000,
    0x8000, 0x8000, 0x8000, 0x8000, 0x8000, 0x8000, 0x8000, 0x8000, 0x8000, 0x8000, 0x8000, 0x8000, 0x8000, 0x8000, 0x8000, 0x8000,
    0x8000, 0x8000, 0x8000, 0x8000, 0x8000, 0x8000, 0x8000, 0x8000, 0x8000, 0x8000, 0x8000, 0x8000, 0x8000, 0x8000, 0x8000, 0x8000,
    0x8000, 0x8000, 0x8000, 0x8000, 0x8000, 0x8000, 0x8000, 0x8000, 0x8000, 0x8000, 0x8000, 0x8000, 0x8000, 0x8000, 0x8000, 0x8000,
    0x8000, 0x8000, 0x8000, 0x8000, 0x8000, 0x8000, 0x8000, 0x8000, 0x8000, 0x8000, 0x8000, 0x8000, 0x8000, 0x8000, 0x8000, 0x8000,
    0x8000, 0x8000, 0x8000, 0x8000, 0x8000, 0x8000, 0x8000, 0x8000, 0x8000, 0x8000, 0x8000, 0x8000, 0x8000, 0x8000, 0x8000, 0x8000,
    0x8000, 0x8000, 0x8000, 0x8000, 0x8000, 0x8000, 0x8000, 0x8000, 0x8000, 0x8000, 0x8000, 0x8000, 0x8000, 0x8000, 0x8000, 0x8000,
    0x8000, 0x8000, 0x8000, 0x8000, 0x8000, 0x8000, 0x8000, 0x8000, 0x8000, 0x8000, 0x8000, 0x8000, 0x8000, 0x8000, 0x8000, 0x8000,
    0x8000, 0x8000, 0x8000, 0x8000, 0x8000, 0x8000, 0x8000, 0x8000, 0x8000, 0x8000, 0x8000, 0x8000, 0x8000, 0x8000, 0x8000, 0x8000,
    0x8000, 0x8000, 0x8000, 0x8000, 0x8000, 0x8000, 0x8000, 0x8000, 0x8000, 0x8000, 0x8000, 0x8000, 0x8000, 0x8000, 0x8000, 0x8000,
    0x8000, 0x8000, 0x8000, 0x8000, 0x8000, 0x8000, 0x8000, 0x8000, 0x8000, 0x8000, 0x8000, 0x8000, 0x8000, 0x8000, 0x8000, 0x8000,
    0x8000, 0x8000, 0x8000, 0x8000, 0x8000, 0x8000, 0x8000, 0x8000, 0x8000, 0x8000, 0x8000, 0x8000, 0x8000, 0x8000, 0x8000, 0x8000,
    0x8000, 0x8000, 0x8000, 0x8000, 0x8000, 0x8000, 0x8000, 0x8000, 0x8000, 0x8000, 0x8000, 0x8000, 0x8000, 0x8000, 0x8000, 0x8000,
    0x8000, 0x8000, 0x8000, 0x8000, 0x8000, 0x8000, 0x8000, 0x8000, 0x8000, 0x8000, 0x8000, 0x8000, 0x8000, 0x8000, 0x8000, 0x8000,
    0x8000, 0x8000, 0x8000, 0x8000, 0x8000, 0x8000, 0x8000, 0x8000, 0x8000, 0x8000, 0x8000, 0x8000, 0x8000, 0x8000, 0x8000, 0x8000,
    0x8000, 0x8000, 0x8000, 0x8000, 0x8000, 0x8000, 0x8000, 0x8000, 0x8000, 0x8000, 0x8000, 0x8000, 0x8000, 0x8000, 0x8000, 0x8000,
    0x8000, 0x8000, 0x8000, 0x8000, 0x8000, 0x8000, 0x8000, 0x8000, 0x8000, 0x8000, 0x8000, 0x8000, 0x8000, 0x8000, 0x8000, 0x8000,
    0x8000, 0x8000, 0x8000, 0x8000, 0x8000, 0x8000, 0x8000, 0x8000, 0x8000, 0x8000, 0x8000, 0x8000, 0x8000, 0x8000, 0x8000, 0x8000,
    0x8000, 0x8000, 0x8000, 0x8000, 0x8000, 0x8000, 0x8000, 0x8000, 0x8000, 0x8000, 0x8000, 0x8000, 0x8000, 0x8000, 0x8000, 0x8000,
    0x8000, 0x8000, 0x8000, 0x8000, 0x8000, 0x8000, 0x8000, 0x8000, 0x8000, 0x8000, 0x8000, 0x8000, 0x8000, 0x8000, 0x8000, 0x8000,
    0x8000, 0x8000, 0x8000, 0x8000, 0x8000, 0x8000, 0x8000, 0x8000, 0x8000, 0x8000, 0x8000, 0x8000, 0x8000, 0x8000, 0x8000, 0x8000,
    0x8000, 0x8000, 0x8000, 0x8000, 0x8000, 0x8000, 0x8000, 0x8000, 0x8000, 0x8000, 0x8000, 0x8000, 0x8000, 0x8000, 0x8000, 0x8000,
    0x8000, 0x8000, 0x8000, 0x8000, 0x8000, 0x8000, 0x8000, 0x8000, 0x8000, 0x8000, 0x8000, 0x8000, 0x8000, 0x8000, 0x8000, 0x8000,
    0x8000, 0x8000, 0x8000, 0x8000, 0x8000, 0x8000, 0x8000, 0x8000, 0x8000, 0x8000, 0x8000, 0x8000, 0x8000, 0x8000, 0x8000, 0x8000,
    0x8000, 0x8000, 0x8000, 0x8000, 0x8000, 0x8000, 0x8000, 0x8000, 0x8000, 0x8000, 0x8000, 0x8000, 0x8000, 0x8000, 0x8000, 0x8000,
    0x8000, 0x8000, 0x8000, 0x8000, 0x8000, 0x8000, 0x8000, 0x8000, 0x8000, 0x8000, 0x8000, 0x8000, 0x8000, 0x8000, 0x8000, 0x8000,
    0x8000, 0x8000, 0x8000, 0x8000, 0x8000, 0x8000, 0x8000, 0x8000, 0x8000, 0x8000, 0x8000, 0x8000, 0x8000, 0x8000, 0x8000, 0x8000,
    0x8000, 0x8000, 0x8000, 0x8000, 0x8000, 0x8000, 0x8000, 0x8000, 0x8000, 0x8000, 0x8000, 0x8000, 0x8000, 0x8000, 0x8000, 0x8000,
    0x8000, 0x8000, 0x8000, 0x8000, 0x8000, 0x8000, 0x8000, 0x8000, 0x8000, 0x8000, 0x8000, 0x8000, 0x8000, 0x8000, 0x8000, 0x8000,
    0x8000, 0x8000, 0x8000, 0x8000, 0x8000, 0x8000, 0x8000, 0x8000, 0x8000, 0x8000, 0x8000, 0x8000, 0x8000, 0x8000, 0x8000, 0x8000,
    0x8000, 0x8000, 0x8000, 0x8000, 0x8000, 0x8000, 0x8000, 0x8000, 0x8000, 0x8000, 0x8000, 0x8000, 0x8000, 0x8000, 0x8000, 0x8000,
    0x8000, 0x8000, 0x8000, 0x8000, 0x8000, 0x8000, 0x8000, 0x8000, 0x8000, 0x8000, 0x8000, 0x8000, 0x8000, 0x8000, 0x8000, 0x8000,
    0x8000, 0x8000, 0x8000, 0x8000, 0x8000, 0x8000, 0x8000, 0x8000, 0x8000, 0x8000, 0x8000, 0x8000, 0x8000, 0x8000, 0x8000, 0x8000,
    0x8000, 0x8000, 0x8000, 0x8000, 0x8000, 0x8000, 0x8000, 0x8000, 0x8000, 0x8000, 0x8000, 0x8000, 0x8000, 0x8000, 0x8000, 0x8000,
    0x8000, 0x8000, 0x8000, 0x8000, 0x8000, 0x8000, 0x8000, 0x8000, 0x8000, 0x8000, 0x8000, 0x8000, 0x8000, 0x8000, 0x8000, 0x8000,
    0x8000, 0x8000, 0x8000, 0x8000, 0x8000, 0x8000, 0x8000, 0x8000, 0x8000, 0x8000, 0x8000, 0x8000, 0x8000, 0x8000, 0x8000, 0x8000,
    0x8000, 0x8000, 0x8000, 0x8000, 0x8000, 0x8000, 0x8000, 0x8000, 0x8000, 0x8000, 0x8000, 0x8000, 0x8000, 0x8000, 0x8000, 0x8000,
    0x8000, 0x8000, 0x8000, 0x8000, 0x8000, 0x8000, 0x8000, 0x8000, 0x8000, 0x8000, 0x8000, 0x8000, 0x8000, 0x8000, 0x8000, 0x8000,
    0x8000, 0x8000, 0x8000, 0x8000, 0x8000, 0x8000, 0x8000, 0x8000, 0x8000, 0x8000, 0x8000, 0x8000, 0x8000, 0x8000, 0x8000, 0x8000,
    0x8000, 0x8000, 0x8000, 0x8000, 0x8000, 0x8000, 0x8000, 0x8000, 0x8000, 0x8000, 0x8000, 0x8000, 0x8000, 0x8000, 0x8000, 0x8000,
    0x8000, 0x8000, 0x8000, 0x8000, 0x8000, 0x8000, 0x8000, 0x8000, 0x8000, 0x8000, 0x8000, 0x8000, 0x8000, 0x8000, 0x8000, 0x8000,
    0x8000, 0x8000, 0x8000, 0x8000, 0x8000, 0x8000, 0x8000, 0x8000, 0x8000, 0x8000, 0x8000, 0x8000, 0x8000, 0x8000, 0x8000, 0x8000,
    0x8000, 0x8000, 0x8000, 0x8000, 0x8000, 0x8000, 0x8000, 0x8000, 0x8000, 0x8000, 0x8000, 0x8000, 0x8000, 0x8000, 0x8000, 0x8000,
    0x8000, 0x8000, 0x8000, 0x8000, 0x8000, 0x8000, 0x8000, 0x8000, 0x8000, 0x8000, 0x8000, 0x8000, 0x8000, 0x8000, 0x8000, 0x8000,
    0x8000, 0x8000, 0x8000, 0x8000, 0x8000, 0x8000, 0x8000, 0x8000, 0x8000, 0x8000, 0x8000, 0x8000, 0x8000, 0x8000, 0x8000, 0x8000,
    0x8000, 0x8000, 0x8000, 0x8000, 0x8000, 0x8000, 0x8000, 0x8000, 0x8000, 0x8000, 0x8000, 0x8000, 0x8000, 0x8000, 0x8000, 0x8000,
    0x8000, 0x8000, 0x8000, 0x8000, 0x8000, 0x8000, 0x8000, 0x8000, 0x8000, 0x8000, 0x8000, 0x8000, 0x8000, 0x8000, 0x8000, 0x8000,
    0x8000, 0x8000, 0x8000, 0x8000, 0x8000, 0x8000, 0x8000, 0x8000, 0x8000, 0x8000, 0x8000, 0x8000, 0x8000, 0x8000, 0x8000, 0x8000,
    0x8000, 0x8000, 0x8000, 0x8000, 0x8000, 0x8000, 0x8000, 0x8000, 0x8000, 0x8000, 0x8000, 0x8000, 0x8000, 0x8000, 0x8000, 0x8000,
    0x8000, 0x8000, 0x8000, 0x8000, 0x8000, 0x8000, 0x8000, 0x8000, 0x8000, 0x8000, 0x8000, 0x8000, 0x8000, 0x8000, 0x8000, 0x8000,
    0x8000, 0x8000, 0x8000, 0x8000, 0x8000, 0x8000, 0x8000, 0x8000, 0x8000, 0x8000, 0x8000, 0x8000, 0x8000, 0x8000, 0x8000, 0x8000,
    0x8000, 0x8000, 0x8000, 0x8000, 0x8000, 0x8000, 0x8000, 0x8000, 0x8000, 0x8000, 0x8000, 0x8000, 0x8000, 0x8000, 0x8000, 0x8000,
    0x8000, 0x8000, 0x8000, 0x8000, 0x8000, 0x8000, 0x8000, 0x8000, 0x8000, 0x8000, 0x8000, 0x8000, 0x8000, 0x8000, 0x8000, 0x8000,
    0x8000, 0x8000, 0x8000, 0x8000, 0x8000, 0x8000, 0x8000, 0x8000, 0x8000, 0x8000, 0x8000, 0x8000, 0x8000, 0x8000, 0x8000, 0x8000,
    0x8000, 0x8000, 0x8000, 0x8000, 0x8000, 0x8000, 0x8000, 0x8000, 0x8000, 0x8000, 0x8000, 0x8000, 0x8000, 0x8000, 0x8000, 0x8000,
    0x8000, 0x8000, 0x8000, 0x8000, 0x8000, 0x8000, 0x8000, 0x8000, 0x8000, 0x8000, 0x8000, 0x8000, 0x8000, 0x8000, 0x8000, 0x8000,
    0x8000, 0x8000, 0x8000, 0x8000, 0x8000, 0x8000, 0x8000, 0x8000, 0x8000, 0x8000, 0x8000, 0x8000, 0x8000, 0x8000, 0x8000, 0x8000,
    0x8000, 0x8000, 0x8000, 0x8000, 0x8000, 0x8000, 0x8000, 0x8000, 0x8000, 0x8000, 0x8000, 0x8000, 0x8000, 0x8000, 0x8000, 0x8000,
    0x8000, 0x8000, 0x8000, 0x8000, 0x8000, 0x8000, 0x8000, 0x8000, 0x8000, 0x8000, 0x8000, 0x8000, 0x8000, 0x8000, 0x8000, 0x8000,
    0x8000, 0x8000, 0x8000, 0x8000, 0x8000, 0x8000, 0x8000, 0x8000, 0x8000, 0x8000, 0x8000, 0x8000, 0x8000, 0x8000, 0x8000, 0x8000,
    0x8000, 0x8000, 0x8000, 0x8000, 0x8000, 0x8000, 0x8000, 0x8000, 0x8000, 0x8000, 0x8000, 0x8000, 0x8000, 0x8000, 0x8000, 0x8000,
    0x8000, 0x8000, 0x8000, 0x8000, 0x8000, 0x8000, 0x8000, 0x8000, 0x8000, 0x8000, 0x8000, 0x8000, 0x8000, 0x8000, 0x8000, 0x8000,
    0x8000, 0x8000, 0x8000, 0x8000, 0x8000, 0x8000, 0x8000, 0x8000, 0x8000, 0x8000, 0x8000, 0x8000, 0x8000, 0x8000, 0x8000, 0x8000,
    0x8000, 0x8000, 0x8000, 0x8000, 0x8000, 0x8000, 0x8000, 0x8000, 0x8000, 0x8000, 0x8000, 0x8000, 0x8000, 0x8000, 0x8000, 0x8000,
    0x8000, 0x8000, 0x8000, 0x8000, 0x8000, 0x8000, 0x8000, 0x8000, 0x8000, 0x8000, 0x8000, 0x8000, 0x8000, 0x8000, 0x8000, 0x8000,
    0x8000, 0x8000, 0x8000, 0x8000, 0x8000, 0x8000, 0x8000, 0x8000, 0x8000, 0x8000, 0x8000, 0x8000, 0x8000, 0x8000, 0x8000, 0x8000,
    0x8000, 0x8000, 0x8000, 0x8000, 0x8000, 0x8000, 0x8000, 0x8000, 0x8000, 0x8000, 0x8000, 0x8000, 0x8000, 0x8000, 0x8000, 0x8000,
    0x8000, 0x8000, 0x8000, 0x8000, 0x8000, 0x8000, 0x8000, 0x8000, 0x8000, 0x8000, 0x8000, 0x8000, 0x8000, 0x8000, 0x8000, 0x8000,
    0x8000, 0x8000, 0x8000, 0x8000, 0x8000, 0x8000, 0x8000, 0x8000, 0x8000, 0x8000, 0x8000, 0x8000, 0x8000, 0x8000, 0x8000, 0x8000,
    0x8000, 0x8000, 0x8000, 0x8000, 0x8000, 0x8000, 0x8000, 0x8000, 0x8000, 0x8000, 0x8000, 0x8000, 0x8000, 0x8000, 0x8000, 0x8000,
    0x8000, 0x8000, 0x8000, 0x8000, 0x8000, 0x8000, 0x8000, 0x8000, 0x8000, 0x8000, 0x8000, 0x8000, 0x8000, 0x8000, 0x8000, 0x8000,
    0x8000, 0x8000, 0x8000, 0x8000, 0x8000, 0x8000, 0x8000, 0x8000, 0x8000, 0x8000, 0x8000, 0x8000, 0x8000, 0x8000, 0x8000, 0x8000,
    0x8000, 0x8000, 0x8000, 0x8000, 0x8000, 0x8000, 0x8000, 0x8000, 0x8000, 0x8000, 0x8000, 0x8000, 0x8000, 0x8000, 0x8000, 0x8000,
    0x8000, 0x8000, 0x8000, 0x8000, 0x8000, 0x8000, 0x8000, 0x8000, 0x8000, 0x8000, 0x8000, 0x8000, 0x8000, 0x8000, 0x8000, 0x8000,
    0x8000, 0x8000, 0x8000, 0x8000, 0x8000, 0x8000, 0x8000, 0x8000, 0x8000, 0x8000, 0x8000, 0x8000, 0x8000, 0x8000, 0x8000, 0x8000,
    0x8000, 0x8000, 0x8000, 0x8000, 0x8000, 0x8000, 0x8000, 0x8000, 0x8000, 0x8000, 0x8000, 0x8000, 0x8000, 0x8000, 0x8000, 0x8000,
    0x8000, 0x8000, 0x8000, 0x8000, 0x8000, 0x8000, 0x8000, 0x8000, 0x8000, 0x8000, 0x8000, 0x8000, 0x8000, 0x8000, 0x8000, 0x8000,
    0x8000, 0x8000, 0x8000, 0x8000, 0x8000, 0x8000, 0x8000, 0x8000, 0x8000, 0x8000, 0x8000, 0x8000, 0x8000, 0x8000, 0x8000, 0x8000,
    0x8000, 0x8000, 0x8000, 0x8000, 0x8000, 0x8000, 0x8000, 0x8000, 0x8000, 0x8000, 0x8000, 0x8000, 0x8000, 0x8000, 0x8000, 0x8000,
    0x8000, 0x8000, 0x8000, 0x8000, 0x8000, 0x8000, 0x8000, 0x8000, 0x8000, 0x8000, 0x8000, 0x8000, 0x8000, 0x8000, 0x8000, 0x8000,
    0x8000, 0x8000, 0x8000, 0x8000, 0x8000, 0x8000, 0x8000, 0x8000, 0x8000, 0x8000, 0x8000, 0x8000, 0x8000, 0x8000, 0x8000, 0x8000,
    0x8000, 0x8000, 0x8000, 0x8000, 0x8000, 0x8000, 0x8000, 0x8000, 0x8000, 0x8000, 0x8000, 0x8000, 0x8000, 0x8000, 0x8000, 0x8000,
    0x8000, 0x8000, 0x8000, 0x8000, 0x8000, 0x8000, 0x8000, 0x8000, 0x8000, 0x8000, 0x8000, 0x8000, 0x8000, 0x8000, 0x8000, 0x8000,
    0x8000, 0x8000, 0x8000, 0x8000, 0x8000, 0x8000, 0x8000, 0x8000, 0x8000, 0x8000, 0x8000, 0x8000, 0x8000, 0x8000, 0x8000, 0x8000,
    0x8000, 0x8000, 0x8000, 0x8000, 0x8000, 0x8000, 0x8000, 0x8000, 0x8000, 0x8000, 0x8000, 0x8000, 0x8000, 0x8000, 0x8000, 0x8000,
    0x8000, 0x8000, 0x8000, 0x8000, 0x8000, 0x8000, 0x8000, 0x8000, 0x8000, 0x8000, 0x8000, 0x8000, 0x8000, 0x8000, 0x8000, 0x8000,
    0x8000, 0x8000, 0x8000, 0x8000, 0x8000, 0x8000, 0x8000, 0x8000, 0x8000, 0x8000, 0x8000, 0x8000, 0x8000, 0x8000, 0x8000, 0x8000,
    0x8000, 0x8000, 0x8000, 0x8000, 0x8000, 0x8000, 0x8000, 0x8000, 0x8000, 0x8000, 0x8000, 0x8000, 0x8000, 0x8000, 0x8000, 0x8000,
    0x8000, 0x8000, 0x8000, 0x8000, 0x8000, 0x8000, 0x8000, 0x8000, 0x8000, 0x8000, 0x8000, 0x8000, 0x8000, 0x8000, 0x8000, 0x8000,
    0x8000, 0x8000, 0x8000, 0x8000, 0x8000, 0x8000, 0x8000, 0x8000, 0x8000, 0x8000, 0x8000, 0x8000, 0x8000, 0x8000, 0x8000, 0x8000,
    0x8000, 0x8000, 0x8000, 0x8000, 0x8000, 0x8000, 0x8000, 0x8000, 0x8000, 0x8000, 0x8000, 0x8000, 0x8000, 0x8000, 0x8000, 0x8000,
    0x8000, 0x8000, 0x8000, 0x8000, 0x8000, 0x8000, 0x8000, 0x8000, 0x8000, 0x8000, 0x8000, 0x8000, 0x8000, 0x8000, 0x8000, 0x8000,
    0x8000, 0x8000, 0x8000, 0x8000, 0x8000, 0x8000, 0x8000, 0x8000, 0x8000, 0x8000, 0x8000, 0x8000, 0x8000, 0x8000, 0x8000, 0x8000,
    0x8000, 0x8000, 0x8000, 0x8000, 0x8000, 0x8000, 0x8000, 0x8000, 0x8000, 0x8000, 0x8000, 0x8000, 0x8000, 0x8000, 0x8000, 0x8000,
    0x8000, 0x8000, 0x8000, 0x8000, 0x8000, 0x8000, 0x8000, 0x8000, 0x8000, 0x8000, 0x8000, 0x8000, 0x8000, 0x8000, 0x8000, 0x8000,
    0x8000, 0x8000, 0x8000, 0x8000, 0x8000, 0x8000, 0x8000, 0x8000, 0x8000, 0x8000, 0x8000, 0x8000, 0x8000, 0x8000, 0x8000, 0x8000,
    0x8000, 0x8000, 0x8000, 0x8000, 0x8000, 0x8000, 0x8000, 0x8000, 0x8000, 0x8000, 0x8000, 0x8000, 0x8000, 0x8000, 0x8000, 0x8000,
    0x8000, 0x8000, 0x8000, 0x8000, 0x8000, 0x8000, 0x8000, 0x8000, 0x8000, 0x8000, 0x8000, 0x8000, 0x8000, 0x8000, 0x8000, 0x8000,
    0x8000, 0x8000, 0x8000, 0x8000, 0x8000, 0x8000, 0x8000, 0x8000, 0x8000, 0x8000, 0x8000, 0x8000, 0x8000, 0x8000, 0x8000, 0x8000,
    0x8000, 0x8000, 0x8000, 0x8000, 0x8000, 0x8000, 0x8000, 0x8000, 0x8000, 0x8000, 0x8000, 0x8000, 0x8000, 0x8000, 0x8000, 0x8000,
    0x8000, 0x8000, 0x8000, 0x8000, 0x8000, 0x8000, 0x8000, 0x8000, 0x8000, 0x8000, 0x8000, 0x8000, 0x8000, 0x8000, 0x8000, 0x8000,
    0x8000, 0x8000, 0x8000, 0x8000, 0x8000, 0x8000, 0x8000, 0x8000, 0x8000, 0x8000, 0x8000, 0x8000, 0x8000, 0x8000, 0x8000, 0x8000,
    0x8000, 0x8000, 0x8000, 0x8000, 0x8000, 0x8000, 0x8000, 0x8000, 0x8000, 0x8000, 0x8000, 0x8000, 0x8000, 0x8000, 0x8000, 0x8000,
    0x8000, 0x8000, 0x8000, 0x8000, 0x8000, 0x8000, 0x8000, 0x8000, 0x8000, 0x8000, 0x8000, 0x8000, 0x8000, 0x8000, 0x8000, 0x8000,
    0x8000, 0x8000, 0x8000, 0x8000, 0x8000, 0x8000, 0x8000, 0x8000, 0x8000, 0x8000, 0x8000, 0x8000, 0x8000, 0x8000, 0x8000, 0x8000,
    0x8000, 0x8000, 0x8000, 0x8000, 0x8000, 0x8000, 0x8000, 0x8000, 0x8000, 0x8000, 0x8000, 0x8000, 0x8000, 0x8000, 0x8000, 0x8000,
    0x8000, 0x8000, 0x8000, 0x8000, 0x8000, 0x8000, 0x8000, 0x8000, 0x8000, 0x8000, 0x8000, 0x8000, 0x8000, 0x8000, 0x8000, 0x8000,
    0x8000, 0x8000, 0x8000, 0x8000, 0x8000, 0x8000, 0x8000, 0x8000, 0x8000, 0x8000, 0x8000, 0x8000, 0x8000, 0x8000, 0x8000, 0x8000,
    0x8000, 0x8000, 0x8000, 0x8000, 0x8000, 0x8000, 0x8000, 0x8000, 0x8000, 0x8000, 0x8000, 0x8000, 0x8000, 0x8000, 0x8000, 0x8000,
    0x8000, 0x8000, 0x8000, 0x8000, 0x8000, 0x8000, 0x8000, 0x8000, 0x8000, 0x8000, 0x8000, 0x8000, 0x8000, 0x8000, 0x8000, 0x8000,
    0x8000, 0x8000, 0x8000, 0x8000, 0x8000, 0x8000, 0x8000, 0x8000, 0x8000, 0x8000, 0x8000, 0x8000, 0x8000, 0x8000, 0x8000, 0x8000,
    0x8000, 0x8000, 0x8000, 0x8000, 0x8000, 0x8000, 0x8000, 0x8000, 0x8000, 0x8000, 0x8000, 0x8000, 0x8000, 0x8000, 0x8000, 0x8000,
    0x8000, 0x8000, 0x8000, 0x8000, 0x8000, 0x8000, 0x8000, 0x8000, 0x8000, 0x8000, 0x8000, 0x8000, 0x8000, 0x8000, 0x8000, 0x8000,
    0x8000, 0x8000, 0x8000, 0x8000, 0x8000, 0x8000, 0x8000, 0x8000, 0x8000, 0x8000, 0x8000, 0x8000, 0x8000, 0x8000, 0x8000, 0x8000,
    0x8000, 0x8000, 0x8000, 0x8000, 0x8000, 0x8000, 0x8000, 0x8000, 0x8000, 0x8000, 0x8000, 0x8000, 0x8000, 0x8000, 0x8000, 0x8000,
    0x8000, 0x8000, 0x8000, 0x8000, 0x8000, 0x8000, 0x8000, 0x8000, 0x8000, 0x8000, 0x8000, 0x8000, 0x8000, 0x8000, 0x8000, 0x8000,
    0x8000, 0x8000, 0x8000, 0x8000, 0x8000, 0x8000, 0x8000, 0x8000, 0x8000, 0x8000, 0x8000, 0x8000, 0x8000, 0x8000, 0x8000, 0x8000,
    0x8000, 0x8000, 0x8000, 0x8000, 0x8000, 0x8000, 0x8000, 0x8000, 0x8000, 0x8000, 0x8000, 0x8000, 0x8000, 0x8000, 0x8000, 0x8000,
    0x8000, 0x8000, 0x8000, 0x8000, 0x8000, 0x8000, 0x8000, 0x8000, 0x8000, 0x8000, 0x8000, 0x8000, 0x8000, 0x8000, 0x8000, 0x8000,
    0x8000, 0x8000, 0x8000, 0x8000, 0x8000, 0x8000, 0x8000, 0x8000, 0x8000, 0x8000, 0x8000, 0x8000, 0x8000, 0x8000, 0x8000, 0x8000,
    0x8000, 0x8000, 0x8000, 0x8000, 0x8000, 0x8000, 0x8000, 0x8000, 0x8000, 0x8000, 0x8000, 0x8000, 0x8000, 0x8000, 0x8000, 0x8000,
    0x8000, 0x8000, 0x8000, 0x8000, 0x8000, 0x8000, 0x8000, 0x8000, 0x8000, 0x8000, 0x8000, 0x8000, 0x8000, 0x8000, 0x8000, 0x8000,
    0x8000, 0x8000, 0x8000, 0x8000, 0x8000, 0x8000, 0x8000, 0x8000, 0x8000, 0x8000, 0x8000, 0x8000, 0x8000, 0x8000, 0x8000, 0x8000,
    0x8000, 0x8000, 0x8000, 0x8000, 0x8000, 0x8000, 0x8000, 0x8000, 0x8000, 0x8000, 0x8000, 0x8000, 0x8000, 0x8000, 0x8000, 0x8000,
    0x8000, 0x8000, 0x8000, 0x8000, 0x8000, 0x8000, 0x8000, 0x8000, 0x8000, 0x8000, 0x8000, 0x8000, 0x8000, 0x8000, 0x8000, 0x8000,
    0x8000, 0x8000, 0x8000, 0x8000, 0x8000, 0x8000, 0x8000, 0x8000, 0x8000, 0x8000, 0x8000, 0x8000, 0x8000, 0x8000, 0x8000, 0x8000,
    0x8000, 0x8000, 0x8000, 0x8000, 0x8000, 0x8000, 0x8000, 0x8000, 0x8000, 0x8000, 0x8000, 0x8000, 0x8000, 0x8000, 0x8000, 0x8000,
    0x8000, 0x8000, 0x8000, 0x8000, 0x8000, 0x8000, 0x8000, 0x8000, 0x8000, 0x8000, 0x8000, 0x8000, 0x8000, 0x8000, 0x8000, 0x8000,
    0x8000, 0x8000, 0x8000, 0x8000, 0x8000, 0x8000, 0x8000, 0x8000, 0x8000, 0x8000, 0x8000, 0x8000, 0x8000, 0x8000, 0x8000, 0x8000,
    0x8000, 0x8000, 0x8000, 0x8000, 0x8000, 0x8000, 0x8000, 0x8000, 0x8000, 0x8000, 0x8000, 0x8000, 0x8000, 0x8000, 0x8000, 0x8000,
    0x8000, 0x8000, 0x8000, 0x8000, 0x8000, 0x8000, 0x8000, 0x8000, 0x8000, 0x8000, 0x8000, 0x8000, 0x8000, 0x8000, 0x8000, 0x8000,
    0x8000, 0x8000, 0x8000, 0x8000, 0x8000, 0x8000, 0x8000, 0x8000, 0x8000, 0x8000, 0x8000, 0x8000, 0x8000, 0x8000, 0x8000, 0x8000,
    0x8000, 0x8000, 0x8000, 0x8000, 0x8000, 0x8000, 0x8000, 0x8000, 0x8000, 0x8000, 0x8000, 0x8000, 0x8000, 0x8000, 0x8000, 0x8000,
    0x8000, 0x8000, 0x8000, 0x8000, 0x8000, 0x8000, 0x8000, 0x8000, 0x8000, 0x8000, 0x8000, 0x8000, 0x8000, 0x8000, 0x8000, 0x8000,
    0x8000, 0x8000, 0x8000, 0x8000, 0x8000, 0x8000, 0x8000, 0x8000, 0x8000, 0x8000, 0x8000, 0x8000, 0x8000, 0x8000, 0x8000, 0x8000,
    0x8000, 0x8000, 0x8000, 0x8000, 0x8000, 0x8000, 0x8000, 0x8000, 0x8000, 0x8000, 0x8000, 0x8000, 0x8000, 0x8000, 0x8000, 0x8000,
    0x8000, 0x8000, 0x8000, 0x8000, 0x8000, 0x8000, 0x8000, 0x8000, 0x8000, 0x8000, 0x8000, 0x8000, 0x8000, 0x8000, 0x8000, 0x8000,
    0x8000, 0x8000, 0x8000, 0x8000, 0x8000, 0x8000, 0x8000, 0x8000, 0x8000, 0x8000, 0x8000, 0x8000, 0x8000, 0x8000, 0x8000, 0x8000,
    0x8000, 0x8000, 0x8000, 0x8000, 0x8000, 0x8000, 0x8000, 0x8000, 0x8000, 0x8000, 0x8000, 0x8000, 0x8000, 0x8000, 0x8000, 0x8000,
    0x8000, 0x8000, 0x8000, 0x8000, 0x8000, 0x8000, 0x8000, 0x8000, 0x8000, 0x8000, 0x8000, 0x8000, 0x8000, 0x8000, 0x8000, 0x8000,
    0x8000, 0x8000, 0x8000, 0x8000, 0x8000, 0x8000, 0x8000, 0x8000, 0x8000, 0x8000, 0x8000, 0x8000, 0x8000, 0x8000, 0x8000, 0x8000,
    0x8000, 0x8000, 0x8000, 0x8000, 0x8000, 0x8000, 0x8000, 0x8000, 0x8000, 0x8000, 0x8000, 0x8000, 0x8000, 0x8000, 0x8000, 0x8000,
    0x8000, 0x8000, 0x8000, 0x8000, 0x8000, 0x8000, 0x8000, 0x8000, 0x8000, 0x8000, 0x8000, 0x8000, 0x8000, 0x8000, 0x8000, 0x8000,
    0x8000, 0x8000, 0x8000, 0x8000, 0x8000, 0x8000, 0x8000, 0x8000, 0x8000, 0x8000, 0x8000, 0x8000, 0x8000, 0x8000, 0x8000, 0x8000,
    0x8000, 0x8000, 0x8000, 0x8000, 0x8000, 0x8000, 0x8000, 0x8000, 0x8000, 0x8000, 0x8000, 0x8000, 0x8000, 0x8000, 0x8000, 0x8000,
    0x8000, 0x8000, 0x8000, 0x8000, 0x8000, 0x8000, 0x8000, 0x8000, 0x8000, 0x8000, 0x8000, 0x8000, 0x8000, 0x8000, 0x8000, 0x8000,
    0x8000, 0x8000, 0x8000, 0x8000, 0x8000, 0x8000, 0x8000, 0x8000, 0x8000, 0x8000, 0x8000, 0x8000, 0x8000, 0x8000, 0x8000, 0x8000,
    0x8000, 0x8000, 0x8000, 0x8000, 0x8000, 0x8000, 0x8000, 0x8000, 0x8000, 0x8000, 0x8000, 0x8000, 0x8000, 0x8000, 0x8000, 0x8000,
    0x8000, 0x8000, 0x8000, 0x8000, 0x8000, 0x8000, 0x8000, 0x8000, 0x8000, 0x8000, 0x8000, 0x8000, 0x8000, 0x8000, 0x8000, 0x8000,
    0x8000, 0x8000, 0x8000, 0x8000, 0x8000, 0x8000, 0x8000, 0x8000, 0x8000, 0x8000, 0x8000, 0x8000, 0x8000, 0x8000, 0x8000, 0x8000,
    0x8000, 0x8000, 0x8000, 0x8000, 0x8000, 0x8000, 0x8000, 0x8000, 0x8000, 0x8000, 0x8000, 0x8000, 0x8000, 0x8000, 0x8000, 0x8000,
    0x8000, 0x8000, 0x8000, 0x8000, 0x8000, 0x8000, 0x8000, 0x8000, 0x8000, 0x8000, 0x8000, 0x8000, 0x8000, 0x8000, 0x8000, 0x8000,
    0x8000, 0x8000, 0x8000, 0x8000, 0x8000, 0x8000, 0x8000, 0x8000, 0x8000, 0x8000, 0x8000, 0x8000, 0x8000, 0x8000, 0x8000, 0x8000,
    0x8000, 0x8000, 0x8000, 0x8000, 0x8000, 0x8000, 0x8000, 0x8000, 0x8000, 0x8000, 0x8000, 0x8000, 0x8000, 0x8000, 0x8000, 0x8000,
    0x8000, 0x8000, 0x8000, 0x8000, 0x8000, 0x8000, 0x8000, 0x8000, 0x8000, 0x8000, 0x8000, 0x8000, 0x8000, 0x8000, 0x8000, 0x8000,
    0x8000, 0x8000, 0x8000, 0x8000, 0x8000, 0x8000, 0x8000, 0x8000, 0x8000, 0x8000, 0x8000, 0x8000, 0x8000, 0x8000, 0x8000, 0x8000,
    0x8000, 0x8000, 0x8000, 0x8000, 0x8000, 0x8000, 0x8000, 0x8000, 0x8000, 0x8000, 0x8000, 0x8000, 0x8000, 0x8000, 0x8000, 0x8000,
    0x8000, 0x8000, 0x8000, 0x8000, 0x8000, 0x8000, 0x8000, 0x8000, 0x8000, 0x8000, 0x8000, 0x8000, 0x8000, 0x8000, 0x8000, 0x8000,
    0x8000, 0x8000, 0x8000, 0x8000, 0x8000, 0x8000, 0x8000, 0x8000, 0x8000, 0x8000, 0x8000, 0x8000, 0x8000, 0x8000, 0x8000, 0x8000,
    0x8000, 0x8000, 0x8000, 0x8000, 0x8000, 0x8000, 0x8000, 0x8000, 0x8000, 0x8000, 0x8000, 0x8000, 0x8000, 0x8000, 0x8000, 0x8000,
    0x8000, 0x8000, 0x8000, 0x8000, 0x8000, 0x8000, 0x8000, 0x8000, 0x8000, 0x8000, 0x8000, 0x8000, 0x8000, 0x8000, 0x8000, 0x8000,
    0x8000, 0x8000, 0x8000, 0x8000, 0x8000, 0x8000, 0x8000, 0x8000, 0x8000, 0x8000, 0x8000, 0x8000, 0x8000, 0x8000, 0x8000, 0x8000,
    0x8000, 0x8000, 0x8000, 0x8000, 0x8000, 0x8000, 0x8000, 0x8000, 0x8000, 0x8000, 0x8000, 0x8000, 0x8000, 0x8000, 0x8000, 0x8000,
    0x8000, 0x8000, 0x8000, 0x8000, 0x8000, 0x8000, 0x8000, 0x8000, 0x8000, 0x8000, 0x8000, 0x8000, 0x8000, 0x8000, 0x8000, 0x8000,
    0x8000, 0x8000, 0x8000, 0x8000, 0x8000, 0x8000, 0x8000, 0x8000, 0x8000, 0x8000, 0x8000, 0x8000, 0x8000, 0x8000, 0x8000, 0x8000,
    0x8000, 0x8000, 0x8000, 0x8000, 0x8000, 0x8000, 0x8000, 0x8000, 0x8000, 0x8000, 0x8000, 0x8000, 0x8000, 0x8000, 0x8000, 0x8000,
    0x8000, 0x8000, 0x8000, 0x8000, 0x8000, 0x8000, 0x8000, 0x8000, 0x8000, 0x8000, 0x8000, 0x8000, 0x8000, 0x8000, 0x8000, 0x8000,
    0x8000, 0x8000, 0x8000, 0x8000, 0x8000, 0x8000, 0x8000, 0x8000, 0x8000, 0x8000, 0x8000, 0x8000, 0x8000, 0x8000, 0x8000, 0x8000,
    0x8000, 0x8000, 0x8000, 0x8000, 0x8000, 0x8000, 0x8000, 0x8000, 0x8000, 0x8000, 0x8000, 0x8000, 0x8000, 0x8000, 0x8000, 0x8000,
    0x8000, 0x8000, 0x8000, 0x8000, 0x8000, 0x8000, 0x8000, 0x8000, 0x8000, 0x8000, 0x8000, 0x8000, 0x8000, 0x8000, 0x8000, 0x8000,
    0x8000, 0x8000, 0x8000, 0x8000, 0x8000, 0x8000, 0x8000, 0x8000, 0x8000, 0x8000, 0x8000, 0x8000, 0x8000, 0x8000, 0x8000, 0x8000,
    0x8000, 0x8000, 0x8000, 0x8000, 0x8000, 0x8000, 0x8000, 0x8000, 0x8000, 0x8000, 0x8000, 0x8000, 0x8000, 0x8000, 0x8000, 0x8000,
    0x8000, 0x8000, 0x8000, 0x8000, 0x8000, 0x8000, 0x8000, 0x8000, 0x8000, 0x8000, 0x8000, 0x8000, 0x8000, 0x8000, 0x8000, 0x8000,
    0x8000, 0x8000, 0x8000, 0x8000, 0x8000, 0x8000, 0x8000, 0x8000, 0x8000, 0x8000, 0x8000, 0x8000, 0x8000, 0x8000, 0x8000, 0x8000,
    0x8000, 0x8000, 0x8000, 0x8000, 0x8000, 0x8000, 0x8000, 0x8000, 0x8000, 0x8000, 0x8000, 0x8000, 0x8000, 0x8000, 0x8000, 0x8000,
    0x8000, 0x8000, 0x8000, 0x8000, 0x8000, 0x8000, 0x8000, 0x8000, 0x8000, 0x8000, 0x8000, 0x8000, 0x8000, 0x8000, 0x8000, 0x8000,
    0x8000, 0x8000, 0x8000, 0x8000, 0x8000, 0x8000, 0x8000, 0x8000, 0x8000, 0x8000, 0x8000, 0x8000, 0x8000, 0x8000, 0x8000, 0x8000,
    0x8000, 0x8000, 0x8000, 0x8000, 0x8000, 0x8000, 0x8000, 0x8000, 0x8000, 0x8000, 0x8000, 0x8000, 0x8000, 0x8000, 0x8000, 0x8000,
    0x8000, 0x8000, 0x8000, 0x8000, 0x8000, 0x8000, 0x8000, 0x8000, 0x8000, 0x8000, 0x8000, 0x8000, 0x8000, 0x8000, 0x8000, 0x8000,
    0x8000, 0x8000, 0x8000, 0x8000, 0x8000, 0x8000, 0x8000, 0x8000, 0x8000, 0x8000, 0x8000, 0x8000, 0x8000, 0x8000, 0x8000, 0x8000,
    0x8000, 0x8000, 0x8000, 0x8000, 0x8000, 0x8000, 0x8000, 0x8000, 0x8000, 0x8000, 0x8000, 0x8000, 0x8000, 0x8000, 0x8000, 0x8000,
    0x8000, 0x8000, 0x8000, 0x8000, 0x8000, 0x8000, 0x8000, 0x8000, 0x8000, 0x8000, 0x8000, 0x8000, 0x8000, 0x8000, 0x8000, 0x8000,
    0x8000, 0x8000, 0x8000, 0x8000, 0x8000, 0x8000, 0x8000, 0x8000, 0x8000, 0x8000, 0x8000, 0x8000, 0x8000, 0x8000, 0x8000, 0x8000,
    0x8000, 0x8000, 0x8000, 0x8000, 0x8000, 0x8000, 0x8000, 0x8000, 0x8000, 0x8000, 0x8000, 0x8000, 0x8000, 0x8000, 0x8000, 0x8000,
    0x8000, 0x8000, 0x8000, 0x8000, 0x8000, 0x8000, 0x8000, 0x8000, 0x8000, 0x8000, 0x8000, 0x8000, 0x8000, 0x8000, 0x8000, 0x8000,
    0x8000, 0x8000, 0x8000, 0x8000, 0x8000, 0x8000, 0x8000, 0x8000, 0x8000, 0x8000, 0x8000, 0x8000, 0x8000, 0x8000, 0x8000, 0x8000,
    0x8000, 0x8000, 0x8000, 0x8000, 0x8000, 0x8000, 0x8000, 0x8000, 0x8000, 0x8000, 0x8000, 0x8000, 0x8000, 0x8000, 0x8000, 0x8000,
    0x8000, 0x8000, 0x8000, 0x8000, 0x8000, 0x8000, 0x8000, 0x8000, 0x8000, 0x8000, 0x8000, 0x8000, 0x8000, 0x8000, 0x8000, 0x8000,
    0x8000, 0x8000, 0x8000, 0x8000, 0x8000, 0x8000, 0x8000, 0x8000, 0x8000, 0x8000, 0x8000, 0x8000, 0x8000, 0x8000, 0x8000, 0x8000,
    0x8000, 0x8000, 0x8000, 0x8000, 0x8000, 0x8000, 0x8000, 0x8000, 0x8000, 0x8000, 0x8000, 0x8000, 0x8000, 0x8000, 0x8000, 0x8000,
    0x8000, 0x8000, 0x8000, 0x8000, 0x8000, 0x8000, 0x8000, 0x8000, 0x8000, 0x8000, 0x8000, 0x8000, 0x8000, 0x8000, 0x8000, 0x8000,
    0x8000, 0x8000, 0x8000, 0x8000, 0x8000, 0x8000, 0x8000, 0x8000, 0x8000, 0x8000, 0x8000, 0x8000, 0x8000, 0x8000, 0x8000, 0x8000,
    0x8000, 0x8000, 0x8000, 0x8000, 0x8000, 0x8000, 0x8000, 0x8000, 0x8000, 0x8000, 0x8000, 0x8000, 0x8000, 0x8000, 0x8000, 0x8000,
    0x8000, 0x8000, 0x8000, 0x8000, 0x8000, 0x8000, 0x8000, 0x8000, 0x8000, 0x8000, 0x8000, 0x8000, 0x8000, 0x8000, 0x8000, 0x8000,
    0x8000, 0x8000, 0x8000, 0x8000, 0x8000, 0x8000, 0x8000, 0x8000, 0x8000, 0x8000, 0x8000, 0x8000, 0x8000, 0x8000, 0x8000, 0x8000,
    0x8000, 0x8000, 0x8000, 0x8000, 0x8000, 0x8000, 0x8000, 0x8000, 0x8000, 0x8000, 0x8000, 0x8000, 0x8000, 0x8000, 0x8000, 0x8000,
    0x8000, 0x8000, 0x8000, 0x8000, 0x8000, 0x8000, 0x8000, 0x8000, 0x8000, 0x8000, 0x8000, 0x8000, 0x8000, 0x8000, 0x8000, 0x8000,
    0x8000, 0x8000, 0x8000, 0x8000, 0x8000, 0x8000, 0x8000, 0x8000, 0x8000, 0x8000, 0x8000, 0x8000, 0x8000, 0x8000, 0x8000, 0x8000,
    0x8000, 0x8000, 0x8000, 0x8000, 0x8000, 0x8000, 0x8000, 0x8000, 0x8000, 0x8000, 0x8000, 0x8000, 0x8000, 0x8000, 0x8000, 0x8000,
    0x8000, 0x8000, 0x8000, 0x8000, 0x8000, 0x8000, 0x8000, 0x8000, 0x8000, 0x8000, 0x8000, 0x8000, 0x8000, 0x8000, 0x8000, 0x8000,
    0x8000, 0x8000, 0x8000, 0x8000, 0x8000, 0x8000, 0x8000, 0x8000, 0x8000, 0x8000, 0x8000, 0x8000, 0x8000, 0x8000, 0x8000, 0x8000,
    0x8000, 0x8000, 0x8000, 0x8000, 0x8000, 0x8000, 0x8000, 0x8000, 0x8000, 0x8000, 0x8000, 0x8000, 0x8000, 0x8000, 0x8000, 0x8000,
    0x8000, 0x8000, 0x8000, 0x8000, 0x8000, 0x8000, 0x8000, 0x8000, 0x8000, 0x8000, 0x8000, 0x8000, 0x8000, 0x8000, 0x8000, 0x8000,
    0x8000, 0x8000, 0x8000, 0x8000, 0x8000, 0x8000, 0x8000, 0x8000, 0x8000, 0x8000, 0x8000, 0x8000, 0x8000, 0x8000, 0x8000, 0x8000,
    0x8000, 0x8000, 0x8000, 0x8000, 0x8000, 0x8000, 0x8000, 0x8000, 0x8000, 0x8000, 0x8000, 0x8000, 0x8000, 0x8000, 0x8000, 0x8000,
    0x8000, 0x8000, 0x8000, 0x8000, 0x8000, 0x8000, 0x8000, 0x8000, 0x8000, 0x8000, 0x8000, 0x8000, 0x8000, 0x8000, 0x8000, 0x8000,
    0x8000, 0x8000, 0x8000, 0x8000, 0x8000, 0x8000, 0x8000, 0x8000, 0x8000, 0x8000, 0x8000, 0x8000, 0x8000, 0x8000, 0x8000, 0x8000,
    0x8000, 0x8000, 0x8000, 0x8000, 0x8000, 0x8000, 0x8000, 0x8000, 0x8000, 0x8000, 0x8000, 0x8000, 0x8000, 0x8000, 0x8000, 0x8000,
    0x8000, 0x8000, 0x8000, 0x8000, 0x8000, 0x8000, 0x8000, 0x8000, 0x8000, 0x8000, 0x8000, 0x8000, 0x8000, 0x8000, 0x8000, 0x8000,
    0x8000, 0x8000, 0x8000, 0x8000, 0x8000, 0x8000, 0x8000, 0x8000, 0x8000, 0x8000, 0x8000, 0x8000, 0x8000, 0x8000, 0x8000, 0x8000,
    0x8000, 0x8000, 0x8000, 0x8000, 0x8000, 0x8000, 0x8000, 0x8000, 0x8000, 0x8000, 0x8000, 0x8000, 0x8000, 0x8000, 0x8000, 0x8000,
    0x8000, 0x8000, 0x8000, 0x8000, 0x8000, 0x8000, 0x8000, 0x8000, 0x8000, 0x8000, 0x8000, 0x8000, 0x8000, 0x8000, 0x8000, 0x8000,
    0x8000, 0x8000, 0x8000, 0x8000, 0x8000, 0x8000, 0x8000, 0x8000, 0x8000, 0x8000, 0x8000, 0x8000, 0x8000, 0x8000, 0x8000, 0x8000,
    0x8000, 0x8000, 0x8000, 0x8000, 0x8000, 0x8000, 0x8000, 0x8000, 0x8000, 0x8000, 0x8000, 0x8000, 0x8000, 0x8000, 0x8000, 0x8000,
    0x8000, 0x8000, 0x8000, 0x8000, 0x8000, 0x8000, 0x8000, 0x8000, 0x8000, 0x8000, 0x8000, 0x8000, 0x8000, 0x8000, 0x8000, 0x8000,
    0x8000, 0x8000, 0x8000, 0x8000, 0x8000, 0x8000, 0x8000, 0x8000, 0x8000, 0x8000, 0x8000, 0x8000, 0x8000, 0x8000, 0x8000, 0x8000,
    0x8000, 0x8000, 0x8000, 0x8000, 0x8000, 0x8000, 0x8000, 0x8000, 0x8000, 0x8000, 0x8000, 0x8000, 0x8000, 0x8000, 0x8000, 0x8000,
    0x8000, 0x8000, 0x8000, 0x8000, 0x8000, 0x8000, 0x8000, 0x8000, 0x8000, 0x8000, 0x8000, 0x8000, 0x8000, 0x8000, 0x8000, 0x8000,
    0x8000, 0x8000, 0x8000, 0x8000, 0x8000, 0x8000, 0x8000, 0x8000, 0x8000, 0x8000, 0x8000, 0x8000, 0x8000, 0x8000, 0x8000, 0x8000,
    0x8000, 0x8000, 0x8000, 0x8000, 0x8000, 0x8000, 0x8000, 0x8000, 0x8000, 0x8000, 0x8000, 0x8000, 0x8000, 0x8000, 0x8000, 0x8000,
    0x8000, 0x8000, 0x8000, 0x8000, 0x8000, 0x8000, 0x8000, 0x8000, 0x8000, 0x8000, 0x8000, 0x8000, 0x8000, 0x8000, 0x8000, 0x8000,
    0x8000, 0x8000, 0x8000, 0x8000, 0x8000, 0x8000, 0x8000, 0x8000, 0x8000, 0x8000, 0x8000, 0x8000, 0x8000, 0x8000, 0x8000, 0x8000,
    0x8000, 0x8000, 0x8000, 0x8000, 0x8000, 0x8000, 0x8000, 0x8000, 0x8000, 0x8000, 0x8000, 0x8000, 0x8000, 0x8000, 0x8000, 0x8000,
    0x8000, 0x8000, 0x8000, 0x8000, 0x8000, 0x8000, 0x8000, 0x8000, 0x8000, 0x8000, 0x8000, 0x8000, 0x8000, 0x8000, 0x8000, 0x8000,
    0x8000, 0x8000, 0x8000, 0x8000, 0x8000, 0x8000, 0x8000, 0x8000, 0x8000, 0x8000, 0x8000, 0x8000, 0x8000, 0x8000, 0x8000, 0x8000,
    0x8000, 0x8000, 0x8000, 0x8000, 0x8000, 0x8000, 0x8000, 0x8000, 0x8000, 0x8000, 0x8000, 0x8000, 0x8000, 0x8000, 0x8000, 0x8000,
    0x8000, 0x8000, 0x8000, 0x8000, 0x8000, 0x8000, 0x8000, 0x8000, 0x8000, 0x8000, 0x8000, 0x8000, 0x8000, 0x8000, 0x8000, 0x8000,
    0x8000, 0x8000, 0x8000, 0x8000, 0x8000, 0x8000, 0x8000, 0x8000, 0x8000, 0x8000, 0x8000, 0x8000, 0x8000, 0x8000, 0x8000, 0x8000,
    0x8000, 0x8000, 0x8000, 0x8000, 0x8000, 0x8000, 0x8000, 0x8000, 0x8000, 0x8000, 0x8000, 0x8000, 0x8000, 0x8000, 0x8000, 0x8000,
    0x8000, 0x8000, 0x8000, 0x8000, 0x8000, 0x8000, 0x8000, 0x8000, 0x8000, 0x8000, 0x8000, 0x8000, 0x8000, 0x8000, 0x8000, 0x8000,
    0x8000, 0x8000, 0x8000, 0x8000, 0x8000, 0x8000, 0x8000, 0x8000, 0x8000, 0x8000, 0x8000, 0x8000, 0x8000, 0x8000, 0x8000, 0x8000,
    0x8000, 0x8000, 0x8000, 0x8000, 0x8000, 0x8000, 0x8000, 0x8000, 0x8000, 0x8000, 0x8000, 0x8000, 0x8000, 0x8000, 0x8000, 0x8000,
    0x8000, 0x8000, 0x8000, 0x8000, 0x8000, 0x8000, 0x8000, 0x8000, 0x8000, 0x8000, 0x8000, 0x8000, 0x8000, 0x8000, 0x8000, 0x8000,
    0x8000, 0x8000, 0x8000, 0x8000, 0x8000, 0x8000, 0x8000, 0x8000, 0x8000, 0x8000, 0x8000, 0x8000, 0x8000, 0x8000, 0x8000, 0x8000,
    0x8000, 0x8000, 0x8000, 0x8000, 0x8000, 0x8000, 0x8000, 0x8000, 0x8000, 0x8000, 0x8000, 0x8000, 0x8000, 0x8000, 0x8000, 0x8000,
    0x8000, 0x8000, 0x8000, 0x8000, 0x8000, 0x8000, 0x8000, 0x8000, 0x8000, 0x8000, 0x8000, 0x8000, 0x8000, 0x8000, 0x8000, 0x8000,
    0x8000, 0x8000, 0x8000, 0x8000, 0x8000, 0x8000, 0x8000, 0x8000, 0x8000, 0x8000, 0x8000, 0x8000, 0x8000, 0x8000, 0x8000, 0x8000,
    0x8000, 0x8000, 0x8000, 0x8000, 0x8000, 0x8000, 0x8000, 0x8000, 0x8000, 0x8000, 0x8000, 0x8000, 0x8000, 0x8000, 0x8000, 0x8000,
    0x8000, 0x8000, 0x8000, 0x8000, 0x8000, 0x8000, 0x8000, 0x8000, 0x8000, 0x8000, 0x8000, 0x8000, 0x8000, 0x8000, 0x8000, 0x8000,
    0x8000, 0x8000, 0x8000, 0x8000, 0x8000, 0x8000, 0x8000, 0x8000, 0x8000, 0x8000, 0x8000, 0x8000, 0x8000, 0x8000, 0x8000, 0x8000,
    0x8000, 0x8000, 0x8000, 0x8000, 0x8000, 0x8000, 0x8000, 0x8000, 0x8000, 0x8000, 0x8000, 0x8000, 0x8000, 0x8000, 0x8000, 0x8000,
    0x8000, 0x8000, 0x8000, 0x8000, 0x8000, 0x8000, 0x8000, 0x8000, 0x8000, 0x8000, 0x8000, 0x8000, 0x8000, 0x8000, 0x8000, 0x8000,
    0x8000, 0x8000, 0x8000, 0x8000, 0x8000, 0x8000, 0x8000, 0x8000, 0x8000, 0x8000, 0x8000, 0x8000, 0x8000, 0x8000, 0x8000, 0x8000,
    0x8000, 0x8000, 0x8000, 0x8000, 0x8000, 0x8000, 0x8000, 0x8000, 0x8000, 0x8000, 0x8000, 0x8000, 0x8000, 0x8000, 0x8000, 0x8000,
    0x8000, 0x8000, 0x8000, 0x8000, 0x8000, 0x8000, 0x8000, 0x8000, 0x8000, 0x8000, 0x8000, 0x8000, 0x8000, 0x8000, 0x8000, 0x8000,
    0x8000, 0x8000, 0x8000, 0x8000, 0x8000, 0x8000, 0x8000, 0x8000, 0x8000, 0x8000, 0x8000, 0x8000, 0x8000, 0x8000, 0x8000, 0x8000,
    0x8000, 0x8000, 0x8000, 0x8000, 0x8000, 0x8000, 0x8000, 0x8000, 0x8000, 0x8000, 0x8000, 0x8000, 0x8000, 0x8000, 0x8000, 0x8000,
    0x8000, 0x8000, 0x8000, 0x8000, 0x8000, 0x8000, 0x8000, 0x8000, 0x8000, 0x8000, 0x8000, 0x8000, 0x8000, 0x8000, 0x8000, 0x8000,
    0x8000, 0x8000, 0x8000, 0x8000, 0x8000, 0x8000, 0x8000, 0x8000, 0x8000, 0x8000, 0x8000, 0x8000, 0x8000, 0x8000, 0x8000, 0x8000,
    0x8000, 0x8000, 0x8000, 0x8000, 0x8000, 0x8000, 0x8000, 0x8000, 0x8000, 0x8000, 0x8000, 0x8000, 0x8000, 0x8000, 0x8000, 0x8000,
    0x8000, 0x8000, 0x8000, 0x8000, 0x8000, 0x8000, 0x8000, 0x8000, 0x8000, 0x8000, 0x8000, 0x8000, 0x8000, 0x8000, 0x8000, 0x8000,
    0x8000, 0x8000, 0x8000, 0x8000, 0x8000, 0x8000, 0x8000, 0x8000, 0x8000, 0x8000, 0x8000, 0x8000, 0x8000, 0x8000, 0x8000, 0x8000,
    0x8000, 0x8000, 0x8000, 0x8000, 0x8000, 0x8000, 0x8000, 0x8000, 0x8000, 0x8000, 0x8000, 0x8000, 0x8000, 0x8000, 0x8000, 0x8000,
    0x8000, 0x8000, 0x8000, 0x8000, 0x8000, 0x8000, 0x8000, 0x8000, 0x8000, 0x8000, 0x8000, 0x8000, 0x8000, 0x8000, 0x8000, 0x8000,
    0x8000, 0x8000, 0x8000, 0x8000, 0x8000, 0x8000, 0x8000, 0x8000, 0x8000, 0x8000, 0x8000, 0x8000, 0x8000, 0x8000, 0x8000, 0x8000,
    0x8000, 0x8000, 0x8000, 0x8000, 0x8000, 0x8000, 0x8000, 0x8000, 0x8000, 0x8000, 0x8000, 0x8000, 0x8000, 0x8000, 0x8000, 0x8000,
    0x8000, 0x8000, 0x8000, 0x8000, 0x8000, 0x8000, 0x8000, 0x8000, 0x8000, 0x8000, 0x8000, 0x8000, 0x8000, 0x8000, 0x8000, 0x8000,
    0x8000, 0x8000, 0x8000, 0x8000, 0x8000, 0x8000, 0x8000, 0x8000, 0x8000, 0x8000, 0x8000, 0x8000, 0x8000, 0x8000, 0x8000, 0x8000,
    0x8000, 0x8000, 0x8000, 0x8000, 0x8000, 0x8000, 0x8000, 0x8000, 0x8000, 0x8000, 0x8000, 0x8000, 0x8000, 0x8000, 0x8000, 0x8000,
    0x8000, 0x8000, 0x8000, 0x8000, 0x8000, 0x8000, 0x8000, 0x8000, 0x8000, 0x8000, 0x8000, 0x8000, 0x8000, 0x8000, 0x8000, 0x8000,
    0x8000, 0x8000, 0x8000, 0x8000, 0x8000, 0x8000, 0x8000, 0x8000, 0x8000, 0x8000, 0x8000, 0x8000, 0x8000, 0x8000, 0x8000, 0x8000,
    0x8000, 0x8000, 0x8000, 0x8000, 0x8000, 0x8000, 0x8000, 0x8000, 0x8000, 0x8000, 0x8000, 0x8000, 0x8000, 0x8000, 0x8000, 0x8000,
    0x8000, 0x8000, 0x8000, 0x8000, 0x8000, 0x8000, 0x8000, 0x8000, 0x8000, 0x8000, 0x8000, 0x8000, 0x8000, 0x8000, 0x8000, 0x8000,
    0x8000, 0x8000, 0x8000, 0x8000, 0x8000, 0x8000, 0x8000, 0x8000, 0x8000, 0x8000, 0x8000, 0x8000, 0x8000, 0x8000, 0x8000, 0x8000,
    0x8000, 0x8000, 0x8000, 0x8000, 0x8000, 0x8000, 0x8000, 0x8000, 0x8000, 0x8000, 0x8000, 0x8000, 0x8000, 0x8000, 0x8000, 0x8000,
    0x8000, 0x8000, 0x8000, 0x8000, 0x8000, 0x8000, 0x8000, 0x8000, 0x8000, 0x8000, 0x8000, 0x8000, 0x8000, 0x8000, 0x8000, 0x8000,
    0x8000, 0x8000, 0x8000, 0x8000, 0x8000, 0x8000, 0x8000, 0x8000, 0x8000, 0x8000, 0x8000, 0x8000, 0x8000, 0x8000, 0x8000, 0x8000,
    0x8000, 0x8000, 0x8000, 0x8000, 0x8000, 0x8000, 0x8000, 0x8000, 0x8000, 0x8000, 0x8000, 0x8000, 0x8000, 0x8000, 0x8000, 0x8000,
    0x8000, 0x8000, 0x8000, 0x8000, 0x8000, 0x8000, 0x8000, 0x8000, 0x8000, 0x8000, 0x8000, 0x8000, 0x8000, 0x8000, 0x8000, 0x8000,
    0x8000, 0x8000, 0x8000, 0x8000, 0x8000, 0x8000, 0x8000, 0x8000, 0x8000, 0x8000, 0x8000, 0x8000, 0x8000, 0x8000, 0x8000, 0x8000,
    0x8000, 0x8000, 0x8000, 0x8000, 0x8000, 0x8000, 0x8000, 0x8000, 0x8000, 0x8000, 0x8000, 0x8000, 0x8000, 0x8000, 0x8000, 0x8000,
    0x8000, 0x8000, 0x8000, 0x8000, 0x8000, 0x8000, 0x8000, 0x8000, 0x8000, 0x8000, 0x8000, 0x8000, 0x8000, 0x8000, 0x8000, 0x8000,
    0x8000, 0x8000, 0x8000, 0x8000, 0x8000, 0x8000, 0x8000, 0x8000, 0x8000, 0x8000, 0x8000, 0x8000, 0x8000, 0x8000, 0x8000, 0x8000,
    0x8000, 0x8000, 0x8000, 0x8000, 0x8000, 0x8000, 0x8000, 0x8000, 0x8000, 0x8000, 0x8000, 0x8000, 0x8000, 0x8000, 0x8000, 0x8000,
    0x8000, 0x8000, 0x8000, 0x8000, 0x8000, 0x8000, 0x8000, 0x8000, 0x8000, 0x8000, 0x8000, 0x8000, 0x8000, 0x8000, 0x8000, 0x8000,
    0x8000, 0x8000, 0x8000, 0x8000, 0x8000, 0x8000, 0x8000, 0x8000, 0x8000, 0x8000, 0x8000, 0x8000, 0x8000, 0x8000, 0x8000, 0x8000,
    0x8000, 0x8000, 0x8000, 0x8000, 0x8000, 0x8000, 0x8000, 0x8000, 0x8000, 0x8000, 0x8000, 0x8000, 0x8000, 0x8000, 0x8000, 0x8000,
    0x8000, 0x8000, 0x8000, 0x8000, 0x8000, 0x8000, 0x8000, 0x8000, 0x8000, 0x8000, 0x8000, 0x8000, 0x8000, 0x8000, 0x8000, 0x8000,
    0x8000, 0x8000, 0x8000, 0x8000, 0x8000, 0x8000, 0x8000, 0x8000, 0x8000, 0x8000, 0x8000, 0x8000, 0x8000, 0x8000, 0x8000, 0x8000,
    0x8000, 0x8000, 0x8000, 0x8000, 0x8000, 0x8000, 0x8000, 0x8000, 0x8000, 0x8000, 0x8000, 0x8000, 0x8000, 0x8000, 0x8000, 0x8000,
    0x8000, 0x8000, 0x8000, 0x8000, 0x8000, 0x8000, 0x8000, 0x8000, 0x8000, 0x8000, 0x8000, 0x8000, 0x8000, 0x8000, 0x8000, 0x8000,
    0x8000, 0x8000, 0x8000, 0x8000, 0x8000, 0x8000, 0x8000, 0x8000, 0x8000, 0x8000, 0x8000, 0x8000, 0x8000, 0x8000, 0x8000, 0x8000,
    0x8000, 0x8000, 0x8000, 0x8000, 0x8000, 0x8000, 0x8000, 0x8000, 0x8000, 0x8000, 0x8000, 0x8000, 0x8000, 0x8000, 0x8000, 0x8000,
    0x8000, 0x8000, 0x8000, 0x8000, 0x8000, 0x8000, 0x8000, 0x8000, 0x8000, 0x8000, 0x8000, 0x8000, 0x8000, 0x8000, 0x8000, 0x8000,
    0x8000, 0x8000, 0x8000, 0x8000, 0x8000, 0x8000, 0x8000, 0x8000, 0x8000, 0x8000, 0x8000, 0x8000, 0x8000, 0x8000, 0x8000, 0x8000,
    0x8000, 0x8000, 0x8000, 0x8000, 0x8000, 0x8000, 0x8000, 0x8000, 0x8000, 0x8000, 0x8000, 0x8000, 0x8000, 0x8000, 0x8000, 0x8000,
    0x8000, 0x8000, 0x8000, 0x8000, 0x8000, 0x8000, 0x8000, 0x8000, 0x8000, 0x8000, 0x8000, 0x8000, 0x8000, 0x8000, 0x8000, 0x8000,
    0x8000, 0x8000, 0x8000, 0x8000, 0x8000, 0x8000, 0x8000, 0x8000, 0x8000, 0x8000, 0x8000, 0x8000, 0x8000, 0x8000, 0x8000, 0x8000,
    0x8000, 0x8000, 0x8000, 0x8000, 0x8000, 0x8000, 0x8000, 0x8000, 0x8000, 0x8000, 0x8000, 0x8000, 0x8000, 0x8000, 0x8000, 0x8000,
    0x8000, 0x8000, 0x8000, 0x8000, 0x8000, 0x8000, 0x8000, 0x8000, 0x8000, 0x8000, 0x8000, 0x8000, 0x8000, 0x8000, 0x8000, 0x8000,
    0x8000, 0x8000, 0x8000, 0x8000, 0x8000, 0x8000, 0x8000, 0x8000, 0x8000, 0x8000, 0x8000, 0x8000, 0x8000, 0x8000, 0x8000, 0x8000,
    0x8000, 0x8000, 0x8000, 0x8000, 0x8000, 0x8000, 0x8000, 0x8000, 0x8000, 0x8000, 0x8000, 0x8000, 0x8000, 0x8000, 0x8000, 0x8000,
    0x8000, 0x8000, 0x8000, 0x8000, 0x8000, 0x8000, 0x8000, 0x8000, 0x8000, 0x8000, 0x8000, 0x8000, 0x8000, 0x8000, 0x8000, 0x8000,
    0x8000, 0x8000, 0x8000, 0x8000, 0x8000, 0x8000, 0x8000, 0x8000, 0x8000, 0x8000, 0x8000, 0x8000, 0x8000, 0x8000, 0x8000, 0x8000,
    0x8000, 0x8000, 0x8000, 0x8000, 0x8000, 0x8000, 0x8000, 0x8000, 0x8000, 0x8000, 0x8000, 0x8000, 0x8000, 0x8000, 0x8000, 0x8000,
    0x8000, 0x8000, 0x8000, 0x8000, 0x8000, 0x8000, 0x8000, 0x8000, 0x8000, 0x8000, 0x8000, 0x8000, 0x8000, 0x8000, 0x8000, 0x8000,
    0x8000, 0x8000, 0x8000, 0x8000, 0x8000, 0x8000, 0x8000, 0x8000, 0x8000, 0x8000, 0x8000, 0x8000, 0x8000, 0x8000, 0x8000, 0x8000,
    0x8000, 0x8000, 0x8000, 0x8000, 0x8000, 0x8000, 0x8000, 0x8000, 0x8000, 0x8000, 0x8000, 0x8000, 0x8000, 0x8000, 0x8000, 0x8000,
    0x8000, 0x8000, 0x8000, 0x8000, 0x8000, 0x8000, 0x8000, 0x8000, 0x8000, 0x8000, 0x8000, 0x8000, 0x8000, 0x8000, 0x8000, 0x8000,
    0x8000, 0x8000, 0x8000, 0x8000, 0x8000, 0x8000, 0x8000, 0x8000, 0x8000, 0x8000, 0x8000, 0x8000, 0x8000, 0x8000, 0x8000, 0x8000,
    0x8000, 0x8000, 0x8000, 0x8000, 0x8000, 0x8000, 0x8000, 0x8000, 0x8000, 0x8000, 0x8000, 0x8000, 0x8000, 0x8000, 0x8000, 0x8000,
    0x8000, 0x8000, 0x8000, 0x8000, 0x8000, 0x8000, 0x8000, 0x8000, 0x8000, 0x8000, 0x8000, 0x8000, 0x8000, 0x8000, 0x8000, 0x8000,
    0x8000, 0x8000, 0x8000, 0x8000, 0x8000, 0x8000, 0x8000, 0x8000, 0x8000, 0x8000, 0x8000, 0x8000, 0x8000, 0x8000, 0x8000, 0x8000,
    0x8000, 0x8000, 0x8000, 0x8000, 0x8000, 0x8000, 0x8000, 0x8000, 0x8000, 0x8000, 0x8000, 0x8000, 0x8000, 0x8000, 0x8000, 0x8000,
    0x8000, 0x8000, 0x8000, 0x8000, 0x8000, 0x8000, 0x8000, 0x8000, 0x8000, 0x8000, 0x8000, 0x8000, 0x8000, 0x8000, 0x8000, 0x8000,
    0x8000, 0x8000, 0x8000, 0x8000, 0x8000, 0x8000, 0x8000, 0x8000, 0x8000, 0x8000, 0x8000, 0x8000, 0x8000, 0x8000, 0x8000, 0x8000,
    0x8000, 0x8000, 0x8000, 0x8000, 0x8000, 0x8000, 0x8000, 0x8000, 0x8000, 0x8000, 0x8000, 0x8000, 0x8000, 0x8000, 0x8000, 0x8000,
    0x8000, 0x8000, 0x8000, 0x8000, 0x8000, 0x8000, 0x8000, 0x8000, 0x8000, 0x8000, 0x8000, 0x8000, 0x8000, 0x8000, 0x8000, 0x8000,
    0x8000, 0x8000, 0x8000, 0x8000, 0x8000, 0x8000, 0x8000, 0x8000, 0x8000, 0x8000, 0x8000, 0x8000, 0x8000, 0x8000, 0x8000, 0x8000,
    0x8000, 0x8000, 0x8000, 0x8000, 0x8000, 0x8000, 0x8000, 0x8000, 0x8000, 0x8000, 0x8000, 0x8000, 0x8000, 0x8000, 0x8000, 0x8000,
    0x8000, 0x8000, 0x8000, 0x8000, 0x8000, 0x8000, 0x8000, 0x8000, 0x8000, 0x8000, 0x8000, 0x8000, 0x8000, 0x8000, 0x8000, 0x8000,
    0x8000, 0x8000, 0x8000, 0x8000, 0x8000, 0x8000, 0x8000, 0x8000, 0x8000, 0x8000, 0x8000, 0x8000, 0x8000, 0x8000, 0x8000, 0x8000,
    0x8000, 0x8000, 0x8000, 0x8000, 0x8000, 0x8000, 0x8000, 0x8000, 0x8000, 0x8000, 0x8000, 0x8000, 0x8000, 0x8000, 0x8000, 0x8000,
    0x8000, 0x8000, 0x8000, 0x8000, 0x8000, 0x8000, 0x8000, 0x8000, 0x8000, 0x8000, 0x8000, 0x8000, 0x8000, 0x8000, 0x8000, 0x8000,
    0x8000, 0x8000, 0x8000, 0x8000, 0x8000, 0x8000, 0x8000, 0x8000, 0x8000, 0x8000, 0x8000, 0x8000, 0x8000, 0x8000, 0x8000, 0x8000,
    0x8000, 0x8000, 0x8000, 0x8000, 0x8000, 0x8000, 0x8000, 0x8000, 0x8000, 0x8000, 0x8000, 0x8000, 0x8000, 0x8000, 0x8000, 0x8000,
    0x8000, 0x8000, 0x8000, 0x8000, 0x8000, 0x8000, 0x8000, 0x8000, 0x8000, 0x8000, 0x8000, 0x8000, 0x8000, 0x8000, 0x8000, 0x8000,
    0x8000, 0x8000, 0x8000, 0x8000, 0x8000, 0x8000, 0x8000, 0x8000, 0x8000, 0x8000, 0x8000, 0x8000, 0x8000, 0x8000, 0x8000, 0x8000,
    0x8000, 0x8000, 0x8000, 0x8000, 0x8000, 0x8000, 0x8000, 0x8000, 0x8000, 0x8000, 0x8000, 0x8000, 0x8000, 0x8000, 0x8000, 0x8000,
    0x8000, 0x8000, 0x8000, 0x8000, 0x8000, 0x8000, 0x8000, 0x8000, 0x8000, 0x8000, 0x8000, 0x8000, 0x8000, 0x8000, 0x8000, 0x8000,
    0x8000, 0x8000, 0x8000, 0x8000, 0x8000, 0x8000, 0x8000, 0x8000, 0x8000, 0x8000, 0x8000, 0x8000, 0x8000, 0x8000, 0x8000, 0x8000,
    0x8000, 0x8000, 0x8000, 0x8000, 0x8000, 0x8000, 0x8000, 0x8000, 0x8000, 0x8000, 0x8000, 0x8000, 0x8000, 0x8000, 0x8000, 0x8000,
    0x8000, 0x8000, 0x8000, 0x8000, 0x8000, 0x8000, 0x8000, 0x8000, 0x8000, 0x8000, 0x8000, 0x8000, 0x8000, 0x8000, 0x8000, 0x8000,
    0x8000, 0x8000, 0x8000, 0x8000, 0x8000, 0x8000, 0x8000, 0x8000, 0x8000, 0x8000, 0x8000, 0x8000, 0x8000, 0x8000, 0x8000, 0x8000,
    0x8000, 0x8000, 0x8000, 0x8000, 0x8000, 0x8000, 0x8000, 0x8000, 0x8000, 0x8000, 0x8000, 0x8000, 0x8000, 0x8000, 0x8000, 0x8000,
    0x8000, 0x8000, 0x8000, 0x8000, 0x8000, 0x8000, 0x8000, 0x8000, 0x8000, 0x8000, 0x8000, 0x8000, 0x8000, 0x8000, 0x8000, 0x8000,
    0x8000, 0x8000, 0x8000, 0x8000, 0x8000, 0x8000, 0x8000, 0x8000, 0x8000, 0x8000, 0x8000, 0x8000, 0x8000, 0x8000, 0x8000, 0x8000,
    0x8000, 0x8000, 0x8000, 0x8000, 0x8000, 0x8000, 0x8000, 0x8000, 0x8000, 0x8000, 0x8000, 0x8000, 0x8000, 0x8000, 0x8000, 0x8000,
    0x8000, 0x8000, 0x8000, 0x8000, 0x8000, 0x8000, 0x8000, 0x8000, 0x8000, 0x8000, 0x8000, 0x8000, 0x8000, 0x8000, 0x8000, 0x8000,
    0x8000, 0x8000, 0x8000, 0x8000, 0x8000, 0x8000, 0x8000, 0x8000, 0x8000, 0x8000, 0x8000, 0x8000, 0x8000, 0x8000, 0x8000, 0x8000,
    0x8000, 0x8000, 0x8000, 0x8000, 0x8000, 0x8000, 0x8000, 0x8000, 0x8000, 0x8000, 0x8000, 0x8000, 0x8000, 0x8000, 0x8000, 0x8000,
    0x8000, 0x8000, 0x8000, 0x8000, 0x8000, 0x8000, 0x8000, 0x8000, 0x8000, 0x8000, 0x8000, 0x8000, 0x8000, 0x8000, 0x8000, 0x8000,
    0x8000, 0x8000, 0x8000, 0x8000, 0x8000, 0x8000, 0x8000, 0x8000, 0x8000, 0x8000, 0x8000, 0x8000, 0x8000, 0x8000, 0x8000, 0x8000,
    0x8000, 0x8000, 0x8000, 0x8000, 0x8000, 0x8000, 0x8000, 0x8000, 0x8000, 0x8000, 0x8000, 0x8000, 0x8000, 0x8000, 0x8000, 0x8000,
    0x8000, 0x8000, 0x8000, 0x8000, 0x8000, 0x8000, 0x8000, 0x8000, 0x8000, 0x8000, 0x8000, 0x8000, 0x8000, 0x8000, 0x8000, 0x8000,
    0x8000, 0x8000, 0x8000, 0x8000, 0x8000, 0x8000, 0x8000, 0x8000, 0x8000, 0x8000, 0x8000, 0x8000, 0x8000, 0x8000, 0x8000, 0x8000,
    0x8000, 0x8000, 0x8000, 0x8000, 0x8000, 0x8000, 0x8000, 0x8000, 0x8000, 0x8000, 0x8000, 0x8000, 0x8000, 0x8000, 0x8000, 0x8000,
    0x8000, 0x8000, 0x8000, 0x8000, 0x8000, 0x8000, 0x8000, 0x8000, 0x8000, 0x8000, 0x8000, 0x8000, 0x8000, 0x8000, 0x8000, 0x8000,
    0x8000, 0x8000, 0x8000, 0x8000, 0x8000, 0x8000, 0x8000, 0x8000, 0x8000, 0x8000, 0x8000, 0x8000, 0x8000, 0x8000, 0x8000, 0x8000,
    0x8000, 0x8000, 0x8000, 0x8000, 0x8000, 0x8000, 0x8000, 0x8000, 0x8000, 0x8000, 0x8000, 0x8000, 0x8000, 0x8000, 0x8000, 0x8000,
    0x8000, 0x8000, 0x8000, 0x8000, 0x8000, 0x8000, 0x8000, 0x8000, 0x8000, 0x8000, 0x8000, 0x8000, 0x8000, 0x8000, 0x8000, 0x8000,
    0x8000, 0x8000, 0x8000, 0x8000, 0x8000, 0x8000, 0x8000, 0x8000, 0x8000, 0x8000, 0x8000, 0x8000, 0x8000, 0x8000, 0x8000, 0x8000,
    0x8000, 0x8000, 0x8000, 0x8000, 0x8000, 0x8000, 0x8000, 0x8000, 0x8000, 0x8000, 0x8000, 0x8000, 0x8000, 0x8000, 0x8000, 0x8000,
    0x8000, 0x8000, 0x8000, 0x8000, 0x8000, 0x8000, 0x8000, 0x8000, 0x8000, 0x8000, 0x8000, 0x8000, 0x8000, 0x8000, 0x8000, 0x8000,
    0x8000, 0x8000, 0x8000, 0x8000, 0x8000, 0x8000, 0x8000, 0x8000, 0x8000, 0x8000, 0x8000, 0x8000, 0x8000, 0x8000, 0x8000, 0x8000,
    0x8000, 0x8000, 0x8000, 0x8000, 0x8000, 0x8000, 0x8000, 0x8000, 0x8000, 0x8000, 0x8000, 0x8000, 0x8000, 0x8000, 0x8000, 0x8000,
    0x8000, 0x8000, 0x8000, 0x8000, 0x8000, 0x8000, 0x8000, 0x8000, 0x8000, 0x8000, 0x8000, 0x8000, 0x8000, 0x8000, 0x8000, 0x8000,
    0x8000, 0x8000, 0x8000, 0x8000, 0x8000, 0x8000, 0x8000, 0x8000, 0x8000, 0x8000, 0x8000, 0x8000, 0x8000, 0x8000, 0x8000, 0x8000,
    0x8000, 0x8000, 0x8000, 0x8000, 0x8000, 0x8000, 0x8000, 0x8000, 0x8000, 0x8000, 0x8000, 0x8000, 0x8000, 0x8000, 0x8000, 0x8000,
    0x8000, 0x8000, 0x8000, 0x8000, 0x8000, 0x8000, 0x8000, 0x8000, 0x8000, 0x8000, 0x8000, 0x8000, 0x8000, 0x8000, 0x8000, 0x8000,
    0x8000, 0x8000, 0x8000, 0x8000, 0x8000, 0x8000, 0x8000, 0x8000, 0x8000, 0x8000, 0x8000, 0x8000, 0x8000, 0x8000, 0x8000, 0x8000,
    0x8000, 0x8000, 0x8000, 0x8000, 0x8000, 0x8000, 0x8000, 0x8000, 0x8000, 0x8000, 0x8000, 0x8000, 0x8000, 0x8000, 0x8000, 0x8000,
    0x8000, 0x8000, 0x8000, 0x8000, 0x8000, 0x8000, 0x8000, 0x8000, 0x8000, 0x8000, 0x8000, 0x8000, 0x8000, 0x8000, 0x8000, 0x8000,
    0x8000, 0x8000, 0x8000, 0x8000, 0x8000, 0x8000, 0x8000, 0x8000, 0x8000, 0x8000, 0x8000, 0x8000, 0x8000, 0x8000, 0x8000, 0x8000,
    0x8000, 0x8000, 0x8000, 0x8000, 0x8000, 0x8000, 0x8000, 0x8000, 0x8000, 0x8000, 0x8000, 0x8000, 0x8000, 0x8000, 0x8000, 0x8000,
    0x8000, 0x8000, 0x8000, 0x8000, 0x8000, 0x8000, 0x8000, 0x8000, 0x8000, 0x8000, 0x8000, 0x8000, 0x8000, 0x8000, 0x8000, 0x8000,
    0x8000, 0x8000, 0x8000, 0x8000, 0x8000, 0x8000, 0x8000, 0x8000, 0x8000, 0x8000, 0x8000, 0x8000, 0x8000, 0x8000, 0x8000, 0x8000,
    0x8000, 0x8000, 0x8000, 0x8000, 0x8000, 0x8000, 0x8000, 0x8000, 0x8000, 0x8000, 0x8000, 0x8000, 0x8000, 0x8000, 0x8000, 0x8000,
    0x8000, 0x8000, 0x8000, 0x8000, 0x8000, 0x8000, 0x8000, 0x8000, 0x8000, 0x8000, 0x8000, 0x8000, 0x8000, 0x8000, 0x8000, 0x8000,
    0x8000, 0x8000, 0x8000, 0x8000, 0x8000, 0x8000, 0x8000, 0x8000, 0x8000, 0x8000, 0x8000, 0x8000, 0x8000, 0x8000, 0x8000, 0x8000,
    0x8000, 0x8000, 0x8000, 0x8000, 0x8000, 0x8000, 0x8000, 0x8000, 0x8000, 0x8000, 0x8000, 0x8000, 0x8000, 0x8000, 0x8000, 0x8000,
    0x8000, 0x8000, 0x8000, 0x8000, 0x8000, 0x8000, 0x8000, 0x8000, 0x8000, 0x8000, 0x8000, 0x8000, 0x8000, 0x8000, 0x8000, 0x8000,
    0x8000, 0x8000, 0x8000, 0x8000, 0x8000, 0x8000, 0x8000, 0x8000, 0x8000, 0x8000, 0x8000, 0x8000, 0x8000, 0x8000, 0x8000, 0x8000,
    0x8000, 0x8000, 0x8000, 0x8000, 0x8000, 0x8000, 0x8000, 0x8000, 0x8000, 0x8000, 0x8000, 0x8000, 0x8000, 0x8000, 0x8000, 0x8000,
    0x8000, 0x8000, 0x8000, 0x8000, 0x8000, 0x8000, 0x8000, 0x8000, 0x8000, 0x8000, 0x8000, 0x8000, 0x8000, 0x8000, 0x8000, 0x8000,
    0x8000, 0x8000, 0x8000, 0x8000, 0x8000, 0x8000, 0x8000, 0x8000, 0x8000, 0x8000, 0x8000, 0x8000, 0x8000, 0x8000, 0x8000, 0x8000,
    0x8000, 0x8000, 0x8000, 0x8000, 0x8000, 0x8000, 0x8000, 0x8000, 0x8000, 0x8000, 0x8000, 0x8000, 0x8000, 0x8000, 0x8000, 0x8000,
    0x8000, 0x8000, 0x8000, 0x8000, 0x8000, 0x8000, 0x8000, 0x8000, 0x8000, 0x8000, 0x8000, 0x8000, 0x8000, 0x8000, 0x8000, 0x8000,
    0x8000, 0x8000, 0x8000, 0x8000, 0x8000, 0x8000, 0x8000, 0x8000, 0x8000, 0x8000, 0x8000, 0x8000, 0x8000, 0x8000, 0x8000, 0x8000,
    0x8000, 0x8000, 0x8000, 0x8000, 0x8000, 0x8000, 0x8000, 0x8000, 0x8000, 0x8000, 0x8000, 0x8000, 0x8000, 0x8000, 0x8000, 0x8000,
    0x8000, 0x8000, 0x8000, 0x8000, 0x8000, 0x8000, 0x8000, 0x8000, 0x8000, 0x8000, 0x8000, 0x8000, 0x8000, 0x8000, 0x8000, 0x8000,
    0x8000, 0x8000, 0x8000, 0x8000, 0x8000, 0x8000, 0x8000, 0x8000, 0x8000, 0x8000, 0x8000, 0x8000, 0x8000, 0x8000, 0x8000, 0x8000,
    0x8000, 0x8000, 0x8000, 0x8000, 0x8000, 0x8000, 0x8000, 0x8000, 0x8000, 0x8000, 0x8000, 0x8000, 0x8000, 0x8000, 0x8000, 0x8000,
    0x8000, 0x8000, 0x8000, 0x8000, 0x8000, 0x8000, 0x8000, 0x8000, 0x8000, 0x8000, 0x8000, 0x8000, 0x8000, 0x8000, 0x8000, 0x8000,
    0x8000, 0x8000, 0x8000, 0x8000, 0x8000, 0x8000, 0x8000, 0x8000, 0x8000, 0x8000, 0x8000, 0x8000, 0x8000, 0x8000, 0x8000, 0x8000,
    0x8000, 0x8000, 0x8000, 0x8000, 0x8000, 0x8000, 0x8000, 0x8000, 0x8000, 0x8000, 0x8000, 0x8000, 0x8000, 0x8000, 0x8000, 0x8000,
    0x8000, 0x8000, 0x8000, 0x8000, 0x8000, 0x8000, 0x8000, 0x8000, 0x8000, 0x8000, 0x8000, 0x8000, 0x8000, 0x8000, 0x8000, 0x8000,
    0x8000, 0x8000, 0x8000, 0x8000, 0x8000, 0x8000, 0x8000, 0x8000, 0x8000, 0x8000, 0x8000, 0x8000, 0x8000, 0x8000, 0x8000, 0x8000,
    0x8000, 0x8000, 0x8000, 0x8000, 0x8000, 0x8000, 0x8000, 0x8000, 0x8000, 0x8000, 0x8000, 0x8000, 0x8000, 0x8000, 0x8000, 0x8000,
    0x8000, 0x8000, 0x8000, 0x8000, 0x8000, 0x8000, 0x8000, 0x8000, 0x8000, 0x8000, 0x8000, 0x8000, 0x8000, 0x8000, 0x8000, 0x8000,
    0x8000, 0x8000, 0x8000, 0x8000, 0x8000, 0x8000, 0x8000, 0x8000, 0x8000, 0x8000, 0x8000, 0x8000, 0x8000, 0x8000, 0x8000, 0x8000,
    0x8000, 0x8000, 0x8000, 0x8000, 0x8000, 0x8000, 0x8000, 0x8000, 0x8000, 0x8000, 0x8000, 0x8000, 0x8000, 0x8000, 0x8000, 0x8000,
    0x8000, 0x8000, 0x8000, 0x8000, 0x8000, 0x8000, 0x8000, 0x8000, 0x8000, 0x8000, 0x8000, 0x8000, 0x8000, 0x8000, 0x8000, 0x8000,
    0x8000, 0x8000, 0x8000, 0x8000, 0x8000, 0x8000, 0x8000, 0x8000, 0x8000, 0x8000, 0x8000, 0x8000, 0x8000, 0x8000, 0x8000, 0x8000,
    0x8000, 0x8000, 0x8000, 0x8000, 0x8000, 0x8000, 0x8000, 0x8000, 0x8000, 0x8000, 0x8000, 0x8000, 0x8000, 0x8000, 0x8000, 0x8000,
    0x8000, 0x8000, 0x8000, 0x8000, 0x8000, 0x8000, 0x8000, 0x8000, 0x8000, 0x8000, 0x8000, 0x8000, 0x8000, 0x8000, 0x8000, 0x8000,
    0x8000, 0x8000, 0x8000, 0x8000, 0x8000, 0x8000, 0x8000, 0x8000, 0x8000, 0x8000, 0x8000, 0x8000, 0x8000, 0x8000, 0x8000, 0x8000,
    0x8000, 0x8000, 0x8000, 0x8000, 0x8000, 0x8000, 0x8000, 0x8000, 0x8000, 0x8000, 0x8000, 0x8000, 0x8000, 0x8000, 0x8000, 0x8000,
    0x8000, 0x8000, 0x8000, 0x8000, 0x8000, 0x8000, 0x8000, 0x8000, 0x8000, 0x8000, 0x8000, 0x8000, 0x8000, 0x8000, 0x8000, 0x8000,
    0x8000, 0x8000, 0x8000, 0x8000, 0x8000, 0x8000, 0x8000, 0x8000, 0x8000, 0x8000, 0x8000, 0x8000, 0x8000, 0x8000, 0x8000, 0x8000,
    0x8000, 0x8000, 0x8000, 0x8000, 0x8000, 0x8000, 0x8000, 0x8000, 0x8000, 0x8000, 0x8000, 0x8000, 0x8000, 0x8000, 0x8000, 0x8000,
    0x8000, 0x8000, 0x8000, 0x8000, 0x8000, 0x8000, 0x8000, 0x8000, 0x8000, 0x8000, 0x8000, 0x8000, 0x8000, 0x8000, 0x8000, 0x8000,
    0x8000, 0x8000, 0x8000, 0x8000, 0x8000, 0x8000, 0x8000, 0x8000, 0x8000, 0x8000, 0x8000, 0x8000, 0x8000, 0x8000, 0x8000, 0x8000,
    0x8000, 0x8000, 0x8000, 0x8000, 0x8000, 0x8000, 0x8000, 0x8000, 0x8000, 0x8000, 0x8000, 0x8000, 0x8000, 0x8000, 0x8000, 0x8000,
    0x8000, 0x8000, 0x8000, 0x8000, 0x8000, 0x8000, 0x8000, 0x8000, 0x8000, 0x8000, 0x8000, 0x8000, 0x8000, 0x8000, 0x8000, 0x8000,
    0x8000, 0x8000, 0x8000, 0x8000, 0x8000, 0x8000, 0x8000, 0x8000, 0x8000, 0x8000, 0x8000, 0x8000, 0x8000, 0x8000, 0x8000, 0x8000,
    0x8000, 0x8000, 0x8000, 0x8000, 0x8000, 0x8000, 0x8000, 0x8000, 0x8000, 0x8000, 0x8000, 0x8000, 0x8000, 0x8000, 0x8000, 0x8000,
    0x8000, 0x8000, 0x8000, 0x8000, 0x8000, 0x8000, 0x8000, 0x8000, 0x8000, 0x8000, 0x8000, 0x8000, 0x8000, 0x8000, 0x8000, 0x8000,
    0x8000, 0x8000, 0x8000, 0x8000, 0x8000, 0x8000, 0x8000, 0x8000, 0x8000, 0x8000, 0x8000, 0x8000, 0x8000, 0x8000, 0x8000, 0x8000,
    0x8000, 0x8000, 0x8000, 0x8000, 0x8000, 0x8000, 0x8000, 0x8000, 0x8000, 0x8000, 0x8000, 0x8000, 0x8000, 0x8000, 0x8000, 0x8000,
    0x8000, 0x8000, 0x8000, 0x8000, 0x8000, 0x8000, 0x8000, 0x8000, 0x8000, 0x8000, 0x8000, 0x8000, 0x8000, 0x8000, 0x8000, 0x8000,
    0x8000, 0x8000, 0x8000, 0x8000, 0x8000, 0x8000, 0x8000, 0x8000, 0x8000, 0x8000, 0x8000, 0x8000, 0x8000, 0x8000, 0x8000, 0x8000,
    0x8000, 0x8000, 0x8000, 0x8000, 0x8000, 0x8000, 0x8000, 0x8000, 0x8000, 0x8000, 0x8000, 0x8000, 0x8000, 0x8000, 0x8000, 0x8000,
    0x8000, 0x8000, 0x8000, 0x8000, 0x8000, 0x8000, 0x8000, 0x8000, 0x8000, 0x8000, 0x8000, 0x8000, 0x8000, 0x8000, 0x8000, 0x8000,
    0x8000, 0x8000, 0x8000, 0x8000, 0x8000, 0x8000, 0x8000, 0x8000, 0x8000, 0x8000, 0x8000, 0x8000, 0x8000, 0x8000, 0x8000, 0x8000,
    0x8000, 0x8000, 0x8000, 0x8000, 0x8000, 0x8000, 0x8000, 0x8000, 0x8000, 0x8000, 0x8000, 0x8000, 0x8000, 0x8000, 0x8000, 0x8000,
    0x8000, 0x8000, 0x8000, 0x8000, 0x8000, 0x8000, 0x8000, 0x8000, 0x8000, 0x8000, 0x8000, 0x8000, 0x8000, 0x8000, 0x8000, 0x8000,
    0x8000, 0x8000, 0x8000, 0x8000, 0x8000, 0x8000, 0x8000, 0x8000, 0x8000, 0x8000, 0x8000, 0x8000, 0x8000, 0x8000, 0x8000, 0x8000,
    0x8000, 0x8000, 0x8000, 0x8000, 0x8000, 0x8000, 0x8000, 0x8000, 0x8000, 0x8000, 0x8000, 0x8000, 0x8000, 0x8000, 0x8000, 0x8000,
    0x8000, 0x8000, 0x8000, 0x8000, 0x8000, 0x8000, 0x8000, 0x8000, 0x8000, 0x8000, 0x8000, 0x8000, 0x8000, 0x8000, 0x8000, 0x8000,
    0x8000, 0x8000, 0x8000, 0x8000, 0x8000, 0x8000, 0x8000, 0x8000, 0x8000, 0x8000, 0x8000, 0x8000, 0x8000, 0x8000, 0x8000, 0x8000,
    0x8000, 0x8000, 0x8000, 0x8000, 0x8000, 0x8000, 0x8000, 0x8000, 0x8000, 0x8000, 0x8000, 0x8000, 0x8000, 0x8000, 0x8000, 0x8000,
    0x8000, 0x8000, 0x8000, 0x8000, 0x8000, 0x8000, 0x8000, 0x8000, 0x8000, 0x8000, 0x8000, 0x8000, 0x8000, 0x8000, 0x8000, 0x8000,
    0x8000, 0x8000, 0x8000, 0x8000, 0x8000, 0x8000, 0x8000, 0x8000, 0x8000, 0x8000, 0x8000, 0x8000, 0x8000, 0x8000, 0x8000, 0x8000,
    0x8000, 0x8000, 0x8000, 0x8000, 0x8000, 0x8000, 0x8000, 0x8000, 0x8000, 0x8000, 0x8000, 0x8000, 0x8000, 0x8000, 0x8000, 0x8000,
    0x8000, 0x8000, 0x8000, 0x8000, 0x8000, 0x8000, 0x8000, 0x8000, 0x8000, 0x8000, 0x8000, 0x8000, 0x8000, 0x8000, 0x8000, 0x8000,
    0x8000, 0x8000, 0x8000, 0x8000, 0x8000, 0x8000, 0x8000, 0x8000, 0x8000, 0x8000, 0x8000, 0x8000, 0x8000, 0x8000, 0x8000, 0x8000,
    0x8000, 0x8000, 0x8000, 0x8000, 0x8000, 0x8000, 0x8000, 0x8000, 0x8000, 0x8000, 0x8000, 0x8000, 0x8000, 0x8000, 0x8000, 0x8000,
    0x8000, 0x8000, 0x8000, 0x8000, 0x8000, 0x8000, 0x8000, 0x8000, 0x8000, 0x8000, 0x8000, 0x8000, 0x8000, 0x8000, 0x8000, 0x8000,
    0x8000, 0x8000, 0x8000, 0x8000, 0x8000, 0x8000, 0x8000, 0x8000, 0x8000, 0x8000, 0x8000, 0x8000, 0x8000, 0x8000, 0x8000, 0x8000,
    0x8000, 0x8000, 0x8000, 0x8000, 0x8000, 0x8000, 0x8000, 0x8000, 0x8000, 0x8000, 0x8000, 0x8000, 0x8000, 0x8000, 0x8000, 0x8000,
    0x8000, 0x8000, 0x8000, 0x8000, 0x8000, 0x8000, 0x8000, 0x8000, 0x8000, 0x8000, 0x8000, 0x8000, 0x8000, 0x8000, 0x8000, 0x8000,
    0x8000, 0x8000, 0x8000, 0x8000, 0x8000, 0x8000, 0x8000, 0x8000, 0x8000, 0x8000, 0x8000, 0x8000, 0x8000, 0x8000, 0x8000, 0x8000,
    0x8000, 0x8000, 0x8000, 0x8000, 0x8000, 0x8000, 0x8000, 0x8000, 0x8000, 0x8000, 0x8000, 0x8000, 0x8000, 0x8000, 0x8000, 0x8000,
    0x8000, 0x8000, 0x8000, 0x8000, 0x8000, 0x8000, 0x8000, 0x8000, 0x8000, 0x8000, 0x8000, 0x8000, 0x8000, 0x8000, 0x8000, 0x8000,
    0x8000, 0x8000, 0x8000, 0x8000, 0x8000, 0x8000, 0x8000, 0x8000, 0x8000, 0x8000, 0x8000, 0x8000, 0x8000, 0x8000, 0x8000, 0x8000,
    0x8000, 0x8000, 0x8000, 0x8000, 0x8000, 0x8000, 0x8000, 0x8000, 0x8000, 0x8000, 0x8000, 0x8000, 0x8000, 0x8000, 0x8000, 0x8000,
    0x8000, 0x8000, 0x8000, 0x8000, 0x8000, 0x8000, 0x8000, 0x8000, 0x8000, 0x8000, 0x8000, 0x8000, 0x8000, 0x8000, 0x8000, 0x8000,
    0x8000, 0x8000, 0x8000, 0x8000, 0x8000, 0x8000, 0x8000, 0x8000, 0x8000, 0x8000, 0x8000, 0x8000, 0x8000, 0x8000, 0x8000, 0x8000,
    0x8000, 0x8000, 0x8000, 0x8000, 0x8000, 0x8000, 0x8000, 0x8000, 0x8000, 0x8000, 0x8000, 0x8000, 0x8000, 0x8000, 0x8000, 0x8000,
    0x8000, 0x8000, 0x8000, 0x8000, 0x8000, 0x8000, 0x8000, 0x8000, 0x8000, 0x8000, 0x8000, 0x8000, 0x8000, 0x8000, 0x8000, 0x8000,
    0x8000, 0x8000, 0x8000, 0x8000, 0x8000, 0x8000, 0x8000, 0x8000, 0x8000, 0x8000, 0x8000, 0x8000, 0x8000, 0x8000, 0x8000, 0x8000,
    0x8000, 0x8000, 0x8000, 0x8000, 0x8000, 0x8000, 0x8000, 0x8000, 0x8000, 0x8000, 0x8000, 0x8000, 0x8000, 0x8000, 0x8000, 0x8000,
    0x8000, 0x8000, 0x8000, 0x8000, 0x8000, 0x8000, 0x8000, 0x8000, 0x8000, 0x8000, 0x8000, 0x8000, 0x8000, 0x8000, 0x8000, 0x8000,
    0x8000, 0x8000, 0x8000, 0x8000, 0x8000, 0x8000, 0x8000, 0x8000, 0x8000, 0x8000, 0x8000, 0x8000, 0x8000, 0x8000, 0x8000, 0x8000,
    0x8000, 0x8000, 0x8000, 0x8000, 0x8000, 0x8000, 0x8000, 0x8000, 0x8000, 0x8000, 0x8000, 0x8000, 0x8000, 0x8000, 0x8000, 0x8000,
    0x8000, 0x8000, 0x8000, 0x8000, 0x8000, 0x8000, 0x8000, 0x8000, 0x8000, 0x8000, 0x8000, 0x8000, 0x8000, 0x8000, 0x8000, 0x8000,
    0x8000, 0x8000, 0x8000, 0x8000, 0x8000, 0x8000, 0x8000, 0x8000, 0x8000, 0x8000, 0x8000, 0x8000, 0x8000, 0x8000, 0x8000, 0x8000,
    0x8000, 0x8000, 0x8000, 0x8000, 0x8000, 0x8000, 0x8000, 0x8000, 0x8000, 0x8000, 0x8000, 0x8000, 0x8000, 0x8000, 0x8000, 0x8000,
    0x8000, 0x8000, 0x8000, 0x8000, 0x8000, 0x8000, 0x8000, 0x8000, 0x8000, 0x8000, 0x8000, 0x8000, 0x8000, 0x8000, 0x8000, 0x8000,
    0x8000, 0x8000, 0x8000, 0x8000, 0x8000, 0x8000, 0x8000, 0x8000, 0x8000, 0x8000, 0x8000, 0x8000, 0x8000, 0x8000, 0x8000, 0x8000,
    0x8000, 0x8000, 0x8000, 0x8000, 0x8000, 0x8000, 0x8000, 0x8000, 0x8000, 0x8000, 0x8000, 0x8000, 0x8000, 0x8000, 0x8000, 0x8000,
    0x8000, 0x8000, 0x8000, 0x8000, 0x8000, 0x8000, 0x8000, 0x8000, 0x8000, 0x8000, 0x8000, 0x8000, 0x8000, 0x8000, 0x8000, 0x8000,
    0x8000, 0x8000, 0x8000, 0x8000, 0x8000, 0x8000, 0x8000, 0x8000, 0x8000, 0x8000, 0x8000, 0x8000, 0x8000, 0x8000, 0x8000, 0x8000,
    0x8000, 0x8000, 0x8000, 0x8000, 0x8000, 0x8000, 0x8000, 0x8000, 0x8000, 0x8000, 0x8000, 0x8000, 0x8000, 0x8000, 0x8000, 0x8000,
    0x8000, 0x8000, 0x8000, 0x8000, 0x8000, 0x8000, 0x8000, 0x8000, 0x8000, 0x8000, 0x8000, 0x8000, 0x8000, 0x8000, 0x8000, 0x8000,
    0x8000, 0x8000, 0x8000, 0x8000, 0x8000, 0x8000, 0x8000, 0x8000, 0x8000, 0x8000, 0x8000, 0x8000, 0x8000, 0x8000, 0x8000, 0x8000,
    0x8000, 0x8000, 0x8000, 0x8000, 0x8000, 0x8000, 0x8000, 0x8000, 0x8000, 0x8000, 0x8000, 0x8000, 0x8000, 0x8000, 0x8000, 0x8000,
    0x8000, 0x8000, 0x8000, 0x8000, 0x8000, 0x8000, 0x8000, 0x8000, 0x8000, 0x8000, 0x8000, 0x8000, 0x8000, 0x8000, 0x8000, 0x8000,
    0x8000, 0x8000, 0x8000, 0x8000, 0x8000, 0x8000, 0x8000, 0x8000, 0x8000, 0x8000, 0x8000, 0x8000, 0x8000, 0x8000, 0x8000, 0x8000,
    0x8000, 0x8000, 0x8000, 0x8000, 0x8000, 0x8000, 0x8000, 0x8000, 0x8000, 0x8000, 0x8000, 0x8000, 0x8000, 0x8000, 0x8000, 0x8000,
    0x8000, 0x8000, 0x8000, 0x8000, 0x8000, 0x8000, 0x8000, 0x8000, 0x8000, 0x8000, 0x8000, 0x8000, 0x8000, 0x8000, 0x8000, 0x8000,
    0x8000, 0x8000, 0x8000, 0x8000, 0x8000, 0x8000, 0x8000, 0x8000, 0x8000, 0x8000, 0x8000, 0x8000, 0x8000, 0x8000, 0x8000, 0x8000,
    0x8000, 0x8000, 0x8000, 0x8000, 0x8000, 0x8000, 0x8000, 0x8000, 0x8000, 0x8000, 0x8000, 0x8000, 0x8000, 0x8000, 0x8000, 0x8000,
    0x8000, 0x8000, 0x8000, 0x8000, 0x8000, 0x8000, 0x8000, 0x8000, 0x8000, 0x8000, 0x8000, 0x8000, 0x8000, 0x8000, 0x8000, 0x8000,
    0x8000, 0x8000, 0x8000, 0x8000, 0x8000, 0x8000, 0x8000, 0x8000, 0x8000, 0x8000, 0x8000, 0x8000, 0x8000, 0x8000, 0x8000, 0x8000,
    0x8000, 0x8000, 0x8000, 0x8000, 0x8000, 0x8000, 0x8000, 0x8000, 0x8000, 0x8000, 0x8000, 0x8000, 0x8000, 0x8000, 0x8000, 0x8000,
    0x8000, 0x8000, 0x8000, 0x8000, 0x8000, 0x8000, 0x8000, 0x8000, 0x8000, 0x8000, 0x8000, 0x8000, 0x8000, 0x8000, 0x8000, 0x8000,
    0x8000, 0x8000, 0x8000, 0x8000, 0x8000, 0x8000, 0x8000, 0x8000, 0x8000, 0x8000, 0x8000, 0x8000, 0x8000, 0x8000, 0x8000, 0x8000,
    0x8000, 0x8000, 0x8000, 0x8000, 0x8000, 0x8000, 0x8000, 0x8000, 0x8000, 0x8000, 0x8000, 0x8000, 0x8000, 0x8000, 0x8000, 0x8000,
    0x8000, 0x8000, 0x8000, 0x8000, 0x8000, 0x8000, 0x8000, 0x8000, 0x8000, 0x8000, 0x8000, 0x8000, 0x8000, 0x8000, 0x8000, 0x8000,
    0x8000, 0x8000, 0x8000, 0x8000, 0x8000, 0x8000, 0x8000, 0x8000, 0x8000, 0x8000, 0x8000, 0x8000, 0x8000, 0x8000, 0x8000, 0x8000,
    0x8000, 0x8000, 0x8000, 0x8000, 0x8000, 0x8000, 0x8000, 0x8000, 0x8000, 0x8000, 0x8000, 0x8000, 0x8000, 0x8000, 0x8000, 0x8000,
    0x8000, 0x8000, 0x8000, 0x8000, 0x8000, 0x8000, 0x8000, 0x8000, 0x8000, 0x8000, 0x8000, 0x8000, 0x8000, 0x8000, 0x8000, 0x8000,
    0x8000, 0x8000, 0x8000, 0x8000, 0x8000, 0x8000, 0x8000, 0x8000, 0x8000, 0x8000, 0x8000, 0x8000, 0x8000, 0x8000, 0x8000, 0x8000,
    0x8000, 0x8000, 0x8000, 0x8000, 0x8000, 0x8000, 0x8000, 0x8000, 0x8000, 0x8000, 0x8000, 0x8000, 0x8000, 0x8000, 0x8000, 0x8000,
    0x8000, 0x8000, 0x8000, 0x8000, 0x8000, 0x8000, 0x8000, 0x8000, 0x8000, 0x8000, 0x8000, 0x8000, 0x8000, 0x8000, 0x8000, 0x8000,
    0x8000, 0x8000, 0x8000, 0x8000, 0x8000, 0x8000, 0x8000, 0x8000, 0x8000, 0x8000, 0x8000, 0x8000, 0x8000, 0x8000, 0x8000, 0x8000,
    0x8000, 0x8000, 0x8000, 0x8000, 0x8000, 0x8000, 0x8000, 0x8000, 0x8000, 0x8000, 0x8000, 0x8000, 0x8000, 0x8000, 0x8000, 0x8000,
    0x8000, 0x8000, 0x8000, 0x8000, 0x8000, 0x8000, 0x8000, 0x8000, 0x8000, 0x8000, 0x8000, 0x8000, 0x8000, 0x8000, 0x8000, 0x8000,
    0x8000, 0x8000, 0x8000, 0x8000, 0x8000, 0x8000, 0x8000, 0x8000, 0x8000, 0x8000, 0x8000, 0x8000, 0x8000, 0x8000, 0x8000, 0x8000,
    0x8000, 0x8000, 0x8000, 0x8000, 0x8000, 0x8000, 0x8000, 0x8000, 0x8000, 0x8000, 0x8000, 0x8000, 0x8000, 0x8000, 0x8000, 0x8000,
    0x8000, 0x8000, 0x8000, 0x8000, 0x8000, 0x8000, 0x8000, 0x8000, 0x8000, 0x8000, 0x8000, 0x8000, 0x8000, 0x8000, 0x8000, 0x8000,
    0x8000, 0x8000, 0x8000, 0x8000, 0x8000, 0x8000, 0x8000, 0x8000, 0x8000, 0x8000, 0x8000, 0x8000, 0x8000, 0x8000, 0x8000, 0x8000,
    0x8000, 0x8000, 0x8000, 0x8000, 0x8000, 0x8000, 0x8000, 0x8000, 0x8000, 0x8000, 0x8000, 0x8000, 0x8000, 0x8000, 0x8000, 0x8000,
    0x8000, 0x8000, 0x8000, 0x8000, 0x8000, 0x8000, 0x8000, 0x8000, 0x8000, 0x8000, 0x8000, 0x8000, 0x8000, 0x8000, 0x8000, 0x8000,
    0x8000, 0x8000, 0x8000, 0x8000, 0x8000, 0x8000, 0x8000, 0x8000, 0x8000, 0x8000, 0x8000, 0x8000, 0x8000, 0x8000, 0x8000, 0x8000,
    0x8000, 0x8000, 0x8000, 0x8000, 0x8000, 0x8000, 0x8000, 0x8000, 0x8000, 0x8000, 0x8000, 0x8000, 0x8000, 0x8000, 0x8000, 0x8000,
    0x8000, 0x8000, 0x8000, 0x8000, 0x8000, 0x8000, 0x8000, 0x8000, 0x8000, 0x8000, 0x8000, 0x8000, 0x8000, 0x8000, 0x8000, 0x8000,
    0x8000, 0x8000, 0x8000, 0x8000, 0x8000, 0x8000, 0x8000, 0x8000, 0x8000, 0x8000, 0x8000, 0x8000, 0x8000, 0x8000, 0x8000, 0x8000,
    0x8000, 0x8000, 0x8000, 0x8000, 0x8000, 0x8000, 0x8000, 0x8000, 0x8000, 0x8000, 0x8000, 0x8000, 0x8000, 0x8000, 0x8000, 0x8000,
    0x8000, 0x8000, 0x8000, 0x8000, 0x8000, 0x8000, 0x8000, 0x8000, 0x8000, 0x8000, 0x8000, 0x8000, 0x8000, 0x8000, 0x8000, 0x8000,
    0x8000, 0x8000, 0x8000, 0x8000, 0x8000, 0x8000, 0x8000, 0x8000, 0x8000, 0x8000, 0x8000, 0x8000, 0x8000, 0x8000, 0x8000, 0x8000,
    0x8000, 0x8000, 0x8000, 0x8000, 0x8000, 0x8000, 0x8000, 0x8000, 0x8000, 0x8000, 0x8000, 0x8000, 0x8000, 0x8000, 0x8000, 0x8000,
    0x8000, 0x8000, 0x8000, 0x8000, 0x8000, 0x8000, 0x8000, 0x8000, 0x8000, 0x8000, 0x8000, 0x8000, 0x8000, 0x8000, 0x8000, 0x8000,
    0x8000, 0x8000, 0x8000, 0x8000, 0x8000, 0x8000, 0x8000, 0x8000, 0x8000, 0x8000, 0x8000, 0x8000, 0x8000, 0x8000, 0x8000, 0x8000,
    0x8000, 0x8000, 0x8000, 0x8000, 0x8000, 0x8000, 0x8000, 0x8000, 0x8000, 0x8000, 0x8000, 0x8000, 0x8000, 0x8000, 0x8000, 0x8000,
    0x8000, 0x8000, 0x8000, 0x8000, 0x8000, 0x8000, 0x8000, 0x8000, 0x8000, 0x8000, 0x8000, 0x8000, 0x8000, 0x8000, 0x8000, 0x8000,
    0x8000, 0x8000, 0x8000, 0x8000, 0x8000, 0x8000, 0x8000, 0x8000, 0x8000, 0x8000, 0x8000, 0x8000, 0x8000, 0x8000, 0x8000, 0x8000,
    0x8000, 0x8000, 0x8000, 0x8000, 0x8000, 0x8000, 0x8000, 0x8000, 0x8000, 0x8000, 0x8000, 0x8000, 0x8000, 0x8000, 0x8000, 0x8000,
    0x8000, 0x8000, 0x8000, 0x8000, 0x8000, 0x8000, 0x8000, 0x8000, 0x8000, 0x8000, 0x8000, 0x8000, 0x8000, 0x8000, 0x8000, 0x8000,
    0x8000, 0x8000, 0x8000, 0x8000, 0x8000, 0x8000, 0x8000, 0x8000, 0x8000, 0x8000, 0x8000, 0x8000, 0x8000, 0x8000, 0x8000, 0x8000,
    0x8000, 0x8000, 0x8000, 0x8000, 0x8000, 0x8000, 0x8000, 0x8000, 0x8000, 0x8000, 0x8000, 0x8000, 0x8000, 0x8000, 0x8000, 0x8000,
    0x8000, 0x8000, 0x8000, 0x8000, 0x8000, 0x8000, 0x8000, 0x8000, 0x8000, 0x8000, 0x8000, 0x8000, 0x8000, 0x8000, 0x8000, 0x8000,
    0x8000, 0x8000, 0x8000, 0x8000, 0x8000, 0x8000, 0x8000, 0x8000, 0x8000, 0x8000, 0x8000, 0x8000, 0x8000, 0x8000, 0x8000, 0x8000,
    0x8000, 0x8000, 0x8000, 0x8000, 0x8000, 0x8000, 0x8000, 0x8000, 0x8000, 0x8000, 0x8000, 0x8000, 0x8000, 0x8000, 0x8000, 0x8000,
    0x8000, 0x8000, 0x8000, 0x8000, 0x8000, 0x8000, 0x8000, 0x8000, 0x8000, 0x8000, 0x8000, 0x8000, 0x8000, 0x8000, 0x8000, 0x8000,
    0x8000, 0x8000, 0x8000, 0x8000, 0x8000, 0x8000, 0x8000, 0x8000, 0x8000, 0x8000, 0x8000, 0x8000, 0x8000, 0x8000, 0x8000, 0x8000,
    0x8000, 0x8000, 0x8000, 0x8000, 0x8000, 0x8000, 0x8000, 0x8000, 0x8000, 0x8000, 0x8000, 0x8000, 0x8000, 0x8000, 0x8000, 0x8000,
    0x8000, 0x8000, 0x8000, 0x8000, 0x8000, 0x8000, 0x8000, 0x8000, 0x8000, 0x8000, 0x8000, 0x8000, 0x8000, 0x8000, 0x8000, 0x8000,
    0x8000, 0x8000, 0x8000, 0x8000, 0x8000, 0x8000, 0x8000, 0x8000, 0x8000, 0x8000, 0x8000, 0x8000, 0x8000, 0x8000, 0x8000, 0x8000,
    0x8000, 0x8000, 0x8000, 0x8000, 0x8000, 0x8000, 0x8000, 0x8000, 0x8000, 0x8000, 0x8000, 0x8000, 0x8000, 0x8000, 0x8000, 0x8000,
    0x8000, 0x8000, 0x8000, 0x8000, 0x8000, 0x8000, 0x8000, 0x8000, 0x8000, 0x8000, 0x8000, 0x8000, 0x8000, 0x8000, 0x8000, 0x8000,
    0x8000, 0x8000, 0x8000, 0x8000, 0x8000, 0x8000, 0x8000, 0x8000, 0x8000, 0x8000, 0x8000, 0x8000, 0x8000, 0x8000, 0x8000, 0x8000,
    0x8000, 0x8000, 0x8000, 0x8000, 0x8000, 0x8000, 0x8000, 0x8000, 0x8000, 0x8000, 0x8000, 0x8000, 0x8000, 0x8000, 0x8000, 0x8000,
    0x8000, 0x8000, 0x8000, 0x8000, 0x8000, 0x8000, 0x8000, 0x8000, 0x8000, 0x8000, 0x8000, 0x8000, 0x8000, 0x8000, 0x8000, 0x8000,
    0x8000, 0x8000, 0x8000, 0x8000, 0x8000, 0x8000, 0x8000, 0x8000, 0x8000, 0x8000, 0x8000, 0x8000, 0x8000, 0x8000, 0x8000, 0x8000,
    0x8000, 0x8000, 0x8000, 0x8000, 0x8000, 0x8000, 0x8000, 0x8000, 0x8000, 0x8000, 0x8000, 0x8000, 0x8000, 0x8000, 0x8000, 0x8000,
    0x8000, 0x8000, 0x8000, 0x8000, 0x8000, 0x8000, 0x8000, 0x8000, 0x8000, 0x8000, 0x8000, 0x8000, 0x8000, 0x8000, 0x8000, 0x8000,
    0x8000, 0x8000, 0x8000, 0x8000, 0x8000, 0x8000, 0x8000, 0x8000, 0x8000, 0x8000, 0x8000, 0x8000, 0x8000, 0x8000, 0x8000, 0x8000,
    0x8000, 0x8000, 0x8000, 0x8000, 0x8000, 0x8000, 0x8000, 0x8000, 0x8000, 0x8000, 0x8000, 0x8000, 0x8000, 0x8000, 0x8000, 0x8000,
    0x8000, 0x8000, 0x8000, 0x8000, 0x8000, 0x8000, 0x8000, 0x8000, 0x8000, 0x8000, 0x8000, 0x8000, 0x8000, 0x8000, 0x8000, 0x8000,
    0x8000, 0x8000, 0x8000, 0x8000, 0x8000, 0x8000, 0x8000, 0x8000, 0x8000, 0x8000, 0x8000, 0x8000, 0x8000, 0x8000, 0x8000, 0x8000,
    0x8000, 0x8000, 0x8000, 0x8000, 0x8000, 0x8000, 0x8000, 0x8000, 0x8000, 0x8000, 0x8000, 0x8000, 0x8000, 0x8000, 0x8000, 0x8000,
    0x8000, 0x8000, 0x8000, 0x8000, 0x8000, 0x8000, 0x8000, 0x8000, 0x8000, 0x8000, 0x8000, 0x8000, 0x8000, 0x8000, 0x8000, 0x8000,
    0x8000, 0x8000, 0x8000, 0x8000, 0x8000, 0x8000, 0x8000, 0x8000, 0x8000, 0x8000, 0x8000, 0x8000, 0x8000, 0x8000, 0x8000, 0x8000,
    0x8000, 0x8000, 0x8000, 0x8000, 0x8000, 0x8000, 0x8000, 0x8000, 0x8000, 0x8000, 0x8000, 0x8000, 0x8000, 0x8000, 0x8000, 0x8000,
    0x8000, 0x8000, 0x8000, 0x8000, 0x8000, 0x8000, 0x8000, 0x8000, 0x8000, 0x8000, 0x8000, 0x8000, 0x8000, 0x8000, 0x8000, 0x8000,
    0x8000, 0x8000, 0x8000, 0x8000, 0x8000, 0x8000, 0x8000, 0x8000, 0x8000, 0x8000, 0x8000, 0x8000, 0x8000, 0x8000, 0x8000, 0x8000,
    0x8000, 0x8000, 0x8000, 0x8000, 0x8000, 0x8000, 0x8000, 0x8000, 0x8000, 0x8000, 0x8000, 0x8000, 0x8000, 0x8000, 0x8000, 0x8000,
    0x8000, 0x8000, 0x8000, 0x8000, 0x8000, 0x8000, 0x8000, 0x8000, 0x8000, 0x8000, 0x8000, 0x8000, 0x8000, 0x8000, 0x8000, 0x8000,
    0x8000, 0x8000, 0x8000, 0x8000, 0x8000, 0x8000, 0x8000, 0x8000, 0x8000, 0x8000, 0x8000, 0x8000, 0x8000, 0x8000, 0x8000, 0x8000,
    0x8000, 0x8000, 0x8000, 0x8000, 0x8000, 0x8000, 0x8000, 0x8000, 0x8000, 0x8000, 0x8000, 0x8000, 0x8000, 0x8000, 0x8000, 0x8000,
    0x8000, 0x8000, 0x8000, 0x8000, 0x8000, 0x8000, 0x8000, 0x8000, 0x8000, 0x8000, 0x8000, 0x8000, 0x8000, 0x8000, 0x8000, 0x8000,
    0x8000, 0x8000, 0x8000, 0x8000, 0x8000, 0x8000, 0x8000, 0x8000, 0x8000, 0x8000, 0x8000, 0x8000, 0x8000, 0x8000, 0x8000, 0x8000,
    0x8000, 0x8000, 0x8000, 0x8000, 0x8000, 0x8000, 0x8000, 0x8000, 0x8000, 0x8000, 0x8000, 0x8000, 0x8000, 0x8000, 0x8000, 0x8000,
    0x8000, 0x8000, 0x8000, 0x8000, 0x8000, 0x8000, 0x8000, 0x8000, 0x8000, 0x8000, 0x8000, 0x8000, 0x8000, 0x8000, 0x8000, 0x8000,
    0x8000, 0x8000, 0x8000, 0x8000, 0x8000, 0x8000, 0x8000, 0x8000, 0x8000, 0x8000, 0x8000, 0x8000, 0x8000, 0x8000, 0x8000, 0x8000,
    0x8000, 0x8000, 0x8000, 0x8000, 0x8000, 0x8000, 0x8000, 0x8000, 0x8000, 0x8000, 0x8000, 0x8000, 0x8000, 0x8000, 0x8000, 0x8000,
    0x8000, 0x8000, 0x8000, 0x8000, 0x8000, 0x8000, 0x8000, 0x8000, 0x8000, 0x8000, 0x8000, 0x8000, 0x8000, 0x8000, 0x8000, 0x8000,
    0x8000, 0x8000, 0x8000, 0x8000, 0x8000, 0x8000, 0x8000, 0x8000, 0x8000, 0x8000, 0x8000, 0x8000, 0x8000, 0x8000, 0x8000, 0x8000,
    0x8000, 0x8000, 0x8000, 0x8000, 0x8000, 0x8000, 0x8000, 0x8000, 0x8000, 0x8000, 0x8000, 0x8000, 0x8000, 0x8000, 0x8000, 0x8000,
    0x8000, 0x8000, 0x8000, 0x8000, 0x8000, 0x8000, 0x8000, 0x8000, 0x8000, 0x8000, 0x8000, 0x8000, 0x8000, 0x8000, 0x8000, 0x8000,
    0x8000, 0x8000, 0x8000, 0x8000, 0x8000, 0x8000, 0x8000, 0x8000, 0x8000, 0x8000, 0x8000, 0x8000, 0x8000, 0x8000, 0x8000, 0x8000,
    0x8000, 0x8000, 0x8000, 0x8000, 0x8000, 0x8000, 0x8000, 0x8000, 0x8000, 0x8000, 0x8000, 0x8000, 0x8000, 0x8000, 0x8000, 0x8000,
    0x8000, 0x8000, 0x8000, 0x8000, 0x8000, 0x8000, 0x8000, 0x8000, 0x8000, 0x8000, 0x8000, 0x8000, 0x8000, 0x8000, 0x8000, 0x8000,
    0x8000, 0x8000, 0x8000, 0x8000, 0x8000, 0x8000, 0x8000, 0x8000, 0x8000, 0x8000, 0x8000, 0x8000, 0x8000, 0x8000, 0x8000, 0x8000,
    0x8000, 0x8000, 0x8000, 0x8000, 0x8000, 0x8000, 0x8000, 0x8000, 0x8000, 0x8000, 0x8000, 0x8000, 0x8000, 0x8000, 0x8000, 0x8000,
    0x8000, 0x8000, 0x8000, 0x8000, 0x8000, 0x8000, 0x8000, 0x8000, 0x8000, 0x8000, 0x8000, 0x8000, 0x8000, 0x8000, 0x8000, 0x8000,
    0x8000, 0x8000, 0x8000, 0x8000, 0x8000, 0x8000, 0x8000, 0x8000, 0x8000, 0x8000, 0x8000, 0x8000, 0x8000, 0x8000, 0x8000, 0x8000,
    0x8000, 0x8000, 0x8000, 0x8000, 0x8000, 0x8000, 0x8000, 0x8000, 0x8000, 0x8000, 0x8000, 0x8000, 0x8000, 0x8000, 0x8000, 0x8000,
    0x8000, 0x8000, 0x8000, 0x8000, 0x8000, 0x8000, 0x8000, 0x8000, 0x8000, 0x8000, 0x8000, 0x8000, 0x8000, 0x8000, 0x8000, 0x8000,
    0x8000, 0x8000, 0x8000, 0x8000, 0x8000, 0x8000, 0x8000, 0x8000, 0x8000, 0x8000, 0x8000, 0x8000, 0x8000, 0x8000, 0x8000, 0x8000,
    0x8000, 0x8000, 0x8000, 0x8000, 0x8000, 0x8000, 0x8000, 0x8000, 0x8000, 0x8000, 0x8000, 0x8000, 0x8000, 0x8000, 0x8000, 0x8000,
    0x8000, 0x8000, 0x8000, 0x8000, 0x8000, 0x8000, 0x8000, 0x8000, 0x8000, 0x8000, 0x8000, 0x8000, 0x8000, 0x8000, 0x8000, 0x8000,
    0x8000, 0x8000, 0x8000, 0x8000, 0x8000, 0x8000, 0x8000, 0x8000, 0x8000, 0x8000, 0x8000, 0x8000, 0x8000, 0x8000, 0x8000, 0x8000,
    0x8000, 0x8000, 0x8000, 0x8000, 0x8000, 0x8000, 0x8000, 0x8000, 0x8000, 0x8000, 0x8000, 0x8000, 0x8000, 0x8000, 0x8000, 0x8000,
    0x8000, 0x8000, 0x8000, 0x8000, 0x8000, 0x8000, 0x8000, 0x8000, 0x8000, 0x8000, 0x8000, 0x8000, 0x8000, 0x8000, 0x8000, 0x8000,
    0x8000, 0x8000, 0x8000, 0x8000, 0x8000, 0x8000, 0x8000, 0x8000, 0x8000, 0x8000, 0x8000, 0x8000, 0x8000, 0x8000, 0x8000, 0x8000,
    0x8000, 0x8000, 0x8000, 0x8000, 0x8000, 0x8000, 0x8000, 0x8000, 0x8000, 0x8000, 0x8000, 0x8000, 0x8000, 0x8000, 0x8000, 0x8000,
    0x8000, 0x8000, 0x8000, 0x8000, 0x8000, 0x8000, 0x8000, 0x8000, 0x8000, 0x8000, 0x8000, 0x8000, 0x8000, 0x8000, 0x8000, 0x8000,
    0x8000, 0x8000, 0x8000, 0x8000, 0x8000, 0x8000, 0x8000, 0x8000, 0x8000, 0x8000, 0x8000, 0x8000, 0x8000, 0x8000, 0x8000, 0x8000,
    0x8000, 0x8000, 0x8000, 0x8000, 0x8000, 0x8000, 0x8000, 0x8000, 0x8000, 0x8000, 0x8000, 0x8000, 0x8000, 0x8000, 0x8000, 0x8000,
    0x8000, 0x8000, 0x8000, 0x8000, 0x8000, 0x8000, 0x8000, 0x8000, 0x8000, 0x8000, 0x8000, 0x8000, 0x8000, 0x8000, 0x8000, 0x8000,
    0x8000, 0x8000, 0x8000, 0x8000, 0x8000, 0x8000, 0x8000, 0x8000, 0x8000, 0x8000, 0x8000, 0x8000, 0x8000, 0x8000, 0x8000, 0x8000,
    0x8000, 0x8000, 0x8000, 0x8000, 0x8000, 0x8000, 0x8000, 0x8000, 0x8000, 0x8000, 0x8000, 0x8000, 0x8000, 0x8000, 0x8000, 0x8000,
    0x8000, 0x8000, 0x8000, 0x8000, 0x8000, 0x8000, 0x8000, 0x8000, 0x8000, 0x8000, 0x8000, 0x8000, 0x8000, 0x8000, 0x8000, 0x8000,
    0x8000, 0x8000, 0x8000, 0x8000, 0x8000, 0x8000, 0x8000, 0x8000, 0x8000, 0x8000, 0x8000, 0x8000, 0x8000, 0x8000, 0x8000, 0x8000,
    0x8000, 0x8000, 0x8000, 0x8000, 0x8000, 0x8000, 0x8000, 0x8000, 0x8000, 0x8000, 0x8000, 0x8000, 0x8000, 0x8000, 0x8000, 0x8000,
    0x8000, 0x8000, 0x8000, 0x8000, 0x8000, 0x8000, 0x8000, 0x8000, 0x8000, 0x8000, 0x8000, 0x8000, 0x8000, 0x8000, 0x8000, 0x8000,
    0x8000, 0x8000, 0x8000, 0x8000, 0x8000, 0x8000, 0x8000, 0x8000, 0x8000, 0x8000, 0x8000, 0x8000, 0x8000, 0x8000, 0x8000, 0x8000,
    0x8000, 0x8000, 0x8000, 0x8000, 0x8000, 0x8000, 0x8000, 0x8000, 0x8000, 0x8000, 0x8000, 0x8000, 0x8000, 0x8000, 0x8000, 0x8000,
    0x8000, 0x8000, 0x8000, 0x8000, 0x8000, 0x8000, 0x8000, 0x8000, 0x8000, 0x8000, 0x8000, 0x8000, 0x8000, 0x8000, 0x8000, 0x8000,
    0x8000, 0x8000, 0x8000, 0x8000, 0x8000, 0x8000, 0x8000, 0x8000, 0x8000, 0x8000, 0x8000, 0x8000, 0x8000, 0x8000, 0x8000, 0x8000,
    0x8000, 0x8000, 0x8000, 0x8000, 0x8000, 0x8000, 0x8000, 0x8000, 0x8000, 0x8000, 0x8000, 0x8000, 0x8000, 0x8000, 0x8000, 0x8000,
    0x8000, 0x8000, 0x8000, 0x8000, 0x8000, 0x8000, 0x8000, 0x8000, 0x8000, 0x8000, 0x8000, 0x8000, 0x8000, 0x8000, 0x8000, 0x8000,
    0x8000, 0x8000, 0x8000, 0x8000, 0x8000, 0x8000, 0x8000, 0x8000, 0x8000, 0x8000, 0x8000, 0x8000, 0x8000, 0x8000, 0x8000, 0x8000,
    0x8000, 0x8000, 0x8000, 0x8000, 0x8000, 0x8000, 0x8000, 0x8000, 0x8000, 0x8000, 0x8000, 0x8000, 0x8000, 0x8000, 0x8000, 0x8000,
    0x8000, 0x8000, 0x8000, 0x8000, 0x8000, 0x8000, 0x8000, 0x8000, 0x8000, 0x8000, 0x8000, 0x8000, 0x8000, 0x8000, 0x8000, 0x8000,
    0x8000, 0x8000, 0x8000, 0x8000, 0x8000, 0x8000, 0x8000, 0x8000, 0x8000, 0x8000, 0x8000, 0x8000, 0x8000, 0x8000, 0x8000, 0x8000,
    0x8000, 0x8000, 0x8000, 0x8000, 0x8000, 0x8000, 0x8000, 0x8000, 0x8000, 0x8000, 0x8000, 0x8000, 0x8000, 0x8000, 0x8000, 0x8000,
    0x8000, 0x8000, 0x8000, 0x8000, 0x8000, 0x8000, 0x8000, 0x8000, 0x8000, 0x8000, 0x8000, 0x8000, 0x8000, 0x8000, 0x8000, 0x8000,
    0x8000, 0x8000, 0x8000, 0x8000, 0x8000, 0x8000, 0x8000, 0x8000, 0x8000, 0x8000, 0x8000, 0x8000, 0x8000, 0x8000, 0x8000, 0x8000,
    0x8000, 0x8000, 0x8000, 0x8000, 0x8000, 0x8000, 0x8000, 0x8000, 0x8000, 0x8000, 0x8000, 0x8000, 0x8000, 0x8000, 0x8000, 0x8000,
    0x8000, 0x8000, 0x8000, 0x8000, 0x8000, 0x8000, 0x8000, 0x8000, 0x8000, 0x8000, 0x8000, 0x8000, 0x8000, 0x8000, 0x8000, 0x8000,
    0x8000, 0x8000, 0x8000, 0x8000, 0x8000, 0x8000, 0x8000, 0x8000, 0x8000, 0x8000, 0x8000, 0x8000, 0x8000, 0x8000, 0x8000, 0x8000,
    0x8000, 0x8000, 0x8000, 0x8000, 0x8000, 0x8000, 0x8000, 0x8000, 0x8000, 0x8000, 0x8000, 0x8000, 0x8000, 0x8000, 0x8000, 0x8000,
    0x8000, 0x8000, 0x8000, 0x8000, 0x8000, 0x8000, 0x8000, 0x8000, 0x8000, 0x8000, 0x8000, 0x8000, 0x8000, 0x8000, 0x8000, 0x8000,
    0x8000, 0x8000, 0x8000, 0x8000, 0x8000, 0x8000, 0x8000, 0x8000, 0x8000, 0x8000, 0x8000, 0x8000, 0x8000, 0x8000, 0x8000, 0x8000,
    0x8000, 0x8000, 0x8000, 0x8000, 0x8000, 0x8000, 0x8000, 0x8000, 0x8000, 0x8000, 0x8000, 0x8000, 0x8000, 0x8000, 0x8000, 0x8000,
    0x8000, 0x8000, 0x8000, 0x8000, 0x8000, 0x8000, 0x8000, 0x8000, 0x8000, 0x8000, 0x8000, 0x8000, 0x8000, 0x8000, 0x8000, 0x8000,
    0x8000, 0x8000, 0x8000, 0x8000, 0x8000, 0x8000, 0x8000, 0x8000, 0x8000, 0x8000, 0x8000, 0x8000, 0x8000, 0x8000, 0x8000, 0x8000,
    0x8000, 0x8000, 0x8000, 0x8000, 0x8000, 0x8000, 0x8000, 0x8000, 0x8000, 0x8000, 0x8000, 0x8000, 0x8000, 0x8000, 0x8000, 0x8000,
    0x8000, 0x8000, 0x8000, 0x8000, 0x8000, 0x8000, 0x8000, 0x8000, 0x8000, 0x8000, 0x8000, 0x8000, 0x8000, 0x8000, 0x8000, 0x8000,
    0x8000, 0x8000, 0x8000, 0x8000, 0x8000, 0x8000, 0x8000, 0x8000, 0x8000, 0x8000, 0x8000, 0x8000, 0x8000, 0x8000, 0x8000, 0x8000,
    0x8000, 0x8000, 0x8000, 0x8000, 0x8000, 0x8000, 0x8000, 0x8000, 0x8000, 0x8000, 0x8000, 0x8000, 0x8000, 0x8000, 0x8000, 0x8000,
    0x8000, 0x8000, 0x8000, 0x8000, 0x8000, 0x8000, 0x8000, 0x8000, 0x8000, 0x8000, 0x8000, 0x8000, 0x8000, 0x8000, 0x8000, 0x8000,
    0x8000, 0x8000, 0x8000, 0x8000, 0x8000, 0x8000, 0x8000, 0x8000, 0x8000, 0x8000, 0x8000, 0x8000, 0x8000, 0x8000, 0x8000, 0x8000,
    0x8000, 0x8000, 0x8000, 0x8000, 0x8000, 0x8000, 0x8000, 0x8000, 0x8000, 0x8000, 0x8000, 0x8000, 0x8000, 0x8000, 0x8000, 0x8000,
    0x8000, 0x8000, 0x8000, 0x8000, 0x8000, 0x8000, 0x8000, 0x8000, 0x8000, 0x8000, 0x8000, 0x8000, 0x8000, 0x8000, 0x8000, 0x8000,
    0x8000, 0x8000, 0x8000, 0x8000, 0x8000, 0x8000, 0x8000, 0x8000, 0x8000, 0x8000, 0x8000, 0x8000, 0x8000, 0x8000, 0x8000, 0x8000,
    0x8000, 0x8000, 0x8000, 0x8000, 0x8000, 0x8000, 0x8000, 0x8000, 0x8000, 0x8000, 0x8000, 0x8000, 0x8000, 0x8000, 0x8000, 0x8000,
    0x8000, 0x8000, 0x8000, 0x8000, 0x8000, 0x8000, 0x8000, 0x8000, 0x8000, 0x8000, 0x8000, 0x8000, 0x8000, 0x8000, 0x8000, 0x8000,
    0x8000, 0x8000, 0x8000, 0x8000, 0x8000, 0x8000, 0x8000, 0x8000, 0x8000, 0x8000, 0x8000, 0x8000, 0x8000, 0x8000, 0x8000, 0x8000,
    0x8000, 0x8000, 0x8000, 0x8000, 0x8000, 0x8000, 0x8000, 0x8000, 0x8000, 0x8000, 0x8000, 0x8000, 0x8000, 0x8000, 0x8000, 0x8000,
    0x8000, 0x8000, 0x8000, 0x8000, 0x8000, 0x8000, 0x8000, 0x8000, 0x8000, 0x8000, 0x8000, 0x8000, 0x8000, 0x8000, 0x8000, 0x8000,
    0x8000, 0x8000, 0x8000, 0x8000, 0x8000, 0x8000, 0x8000, 0x8000, 0x8000, 0x8000, 0x8000, 0x8000, 0x8000, 0x8000, 0x8000, 0x8000,
    0x8000, 0x8000, 0x8000, 0x8000, 0x8000, 0x8000, 0x8000, 0x8000, 0x8000, 0x8000, 0x8000, 0x8000, 0x8000, 0x8000, 0x8000, 0x8000,
    0x8000, 0x8000, 0x8000, 0x8000, 0x8000, 0x8000, 0x8000, 0x8000, 0x8000, 0x8000, 0x8000, 0x8000, 0x8000, 0x8000, 0x8000, 0x8000,
    0x8000, 0x8000, 0x8000, 0x8000, 0x8000, 0x8000, 0x8000, 0x8000, 0x8000, 0x8000, 0x8000, 0x8000, 0x8000, 0x8000, 0x8000, 0x8000,
    0x8000, 0x8000, 0x8000, 0x8000, 0x8000, 0x8000, 0x8000, 0x8000, 0x8000, 0x8000, 0x8000, 0x8000, 0x8000, 0x8000, 0x8000, 0x8000,
    0x8000, 0x8000, 0x8000, 0x8000, 0x8000, 0x8000, 0x8000, 0x8000, 0x8000, 0x8000, 0x8000, 0x8000, 0x8000, 0x8000, 0x8000, 0x8000,
    0x8000, 0x8000, 0x8000, 0x8000, 0x8000, 0x8000, 0x8000, 0x8000, 0x8000, 0x8000, 0x8000, 0x8000, 0x8000, 0x8000, 0x8000, 0x8000,
    0x8000, 0x8000, 0x8000, 0x8000, 0x8000, 0x8000, 0x8000, 0x8000, 0x8000, 0x8000, 0x8000, 0x8000, 0x8000, 0x8000, 0x8000, 0x8000,
    0x8000, 0x8000, 0x8000, 0x8000, 0x8000, 0x8000, 0x8000, 0x8000, 0x8000, 0x8000, 0x8000, 0x8000, 0x8000, 0x8000, 0x8000, 0x8000,
    0x8000, 0x8000, 0x8000, 0x8000, 0x8000, 0x8000, 0x8000, 0x8000, 0x8000, 0x8000, 0x8000, 0x8000, 0x8000, 0x8000, 0x8000, 0x8000,
    0x8000, 0x8000, 0x8000, 0x8000, 0x8000, 0x8000, 0x8000, 0x8000, 0x8000, 0x8000, 0x8000, 0x8000, 0x8000, 0x8000, 0x8000, 0x8000,
    0x8000, 0x8000, 0x8000, 0x8000, 0x8000, 0x8000, 0x8000, 0x8000, 0x8000, 0x8000, 0x8000, 0x8000, 0x8000, 0x8000, 0x8000, 0x8000,
    0x8000, 0x8000, 0x8000, 0x8000, 0x8000, 0x8000, 0x8000, 0x8000, 0x8000, 0x8000, 0x8000, 0x8000, 0x8000, 0x8000, 0x8000, 0x8000,
    0x8000, 0x8000, 0x8000, 0x8000, 0x8000, 0x8000, 0x8000, 0x8000, 0x8000, 0x8000, 0x8000, 0x8000, 0x8000, 0x8000, 0x8000, 0x8000,
    0x8000, 0x8000, 0x8000, 0x8000, 0x8000, 0x8000, 0x8000, 0x8000, 0x8000, 0x8000, 0x8000, 0x8000, 0x8000, 0x8000, 0x8000, 0x8000,
    0x8000, 0x8000, 0x8000, 0x8000, 0x8000, 0x8000, 0x8000, 0x8000, 0x8000, 0x8000, 0x8000, 0x8000, 0x8000, 0x8000, 0x8000, 0x8000,
    0x8000, 0x8000, 0x8000, 0x8000, 0x8000, 0x8000, 0x8000, 0x8000, 0x8000, 0x8000, 0x8000, 0x8000, 0x8000, 0x8000, 0x8000, 0x8000,
    0x8000, 0x8000, 0x8000, 0x8000, 0x8000, 0x8000, 0x8000, 0x8000, 0x8000, 0x8000, 0x8000, 0x8000, 0x8000, 0x8000, 0x8000, 0x8000,
    0x8000, 0x8000, 0x8000, 0x8000, 0x8000, 0x8000, 0x8000, 0x8000, 0x8000, 0x8000, 0x8000, 0x8000, 0x8000, 0x8000, 0x8000, 0x8000,
    0x8000, 0x8000, 0x8000, 0x8000, 0x8000, 0x8000, 0x8000, 0x8000, 0x8000, 0x8000, 0x8000, 0x8000, 0x8000, 0x8000, 0x8000, 0x8000,
    0x8000, 0x8000, 0x8000, 0x8000, 0x8000, 0x8000, 0x8000, 0x8000, 0x8000, 0x8000, 0x8000, 0x8000, 0x8000, 0x8000, 0x8000, 0x8000,
    0x8000, 0x8000, 0x8000, 0x8000, 0x8000, 0x8000, 0x8000, 0x8000, 0x8000, 0x8000, 0x8000, 0x8000, 0x8000, 0x8000, 0x8000, 0x8000,
    0x8000, 0x8000, 0x8000, 0x8000, 0x8000, 0x8000, 0x8000, 0x8000, 0x8000, 0x8000, 0x8000, 0x8000, 0x8000, 0x8000, 0x8000, 0x8000,
    0x8000, 0x8000, 0x8000, 0x8000, 0x8000, 0x8000, 0x8000, 0x8000, 0x8000, 0x8000, 0x8000, 0x8000, 0x8000, 0x8000, 0x8000, 0x8000,
    0x8000, 0x8000, 0x8000, 0x8000, 0x8000, 0x8000, 0x8000, 0x8000, 0x8000, 0x8000, 0x8000, 0x8000, 0x8000, 0x8000, 0x8000, 0x8000,
    0x8000, 0x8000, 0x8000, 0x8000, 0x8000, 0x8000, 0x8000, 0x8000, 0x8000, 0x8000, 0x8000, 0x8000, 0x8000, 0x8000, 0x8000, 0x8000,
    0x8000, 0x8000, 0x8000, 0x8000, 0x8000, 0x8000, 0x8000, 0x8000, 0x8000, 0x8000, 0x8000, 0x8000, 0x8000, 0x8000, 0x8000, 0x8000,
    0x8000, 0x8000, 0x8000, 0x8000, 0x8000, 0x8000, 0x8000, 0x8000, 0x8000, 0x8000, 0x8000, 0x8000, 0x8000, 0x8000, 0x8000, 0x8000,
    0x8000, 0x8000, 0x8000, 0x8000, 0x8000, 0x8000, 0x8000, 0x8000, 0x8000, 0x8000, 0x8000, 0x8000, 0x8000, 0x8000, 0x8000, 0x8000,
    0x8000, 0x8000, 0x8000, 0x8000, 0x8000, 0x8000, 0x8000, 0x8000, 0x8000, 0x8000, 0x8000, 0x8000, 0x8000, 0x8000, 0x8000, 0x8000,
    0x8000, 0x8000, 0x8000, 0x8000, 0x8000, 0x8000, 0x8000, 0x8000, 0x8000, 0x8000, 0x8000, 0x8000, 0x8000, 0x8000, 0x8000, 0x8000,
    0x8000, 0x8000, 0x8000, 0x8000, 0x8000, 0x8000, 0x8000, 0x8000, 0x8000, 0x8000, 0x8000, 0x8000, 0x8000, 0x8000, 0x8000, 0x8000,
    0x8000, 0x8000, 0x8000, 0x8000, 0x8000, 0x8000, 0x8000, 0x8000, 0x8000, 0x8000, 0x8000, 0x8000, 0x8000, 0x8000, 0x8000, 0x8000,
    0x8000, 0x8000, 0x8000, 0x8000, 0x8000, 0x8000, 0x8000, 0x8000, 0x8000, 0x8000, 0x8000, 0x8000, 0x8000, 0x8000, 0x8000, 0x8000,
    0x8000, 0x8000, 0x8000, 0x8000, 0x8000, 0x8000, 0x8000, 0x8000, 0x8000, 0x8000, 0x8000, 0x8000, 0x8000, 0x8000, 0x8000, 0x8000,
    0x8000, 0x8000, 0x8000, 0x8000, 0x8000, 0x8000, 0x8000, 0x8000, 0x8000, 0x8000, 0x8000, 0x8000, 0x8000, 0x8000, 0x8000, 0x8000,
    0x8000, 0x8000, 0x8000, 0x8000, 0x8000, 0x8000, 0x8000, 0x8000, 0x8000, 0x8000, 0x8000, 0x8000, 0x8000, 0x8000, 0x8000, 0x8000,
    0x8000, 0x8000, 0x8000, 0x8000, 0x8000, 0x8000, 0x8000, 0x8000, 0x8000, 0x8000, 0x8000, 0x8000, 0x8000, 0x8000, 0x8000, 0x8000,
    0x8000, 0x8000, 0x8000, 0x8000, 0x8000, 0x8000, 0x8000, 0x8000, 0x8000, 0x8000, 0x8000, 0x8000, 0x8000, 0x8000, 0x8000, 0x8000,
    0x8000, 0x8000, 0x8000, 0x8000, 0x8000, 0x8000, 0x8000, 0x8000, 0x8000, 0x8000, 0x8000, 0x8000, 0x8000, 0x8000, 0x8000, 0x8000,
    0x8000, 0x8000, 0x8000, 0x8000, 0x8000, 0x8000, 0x8000, 0x8000, 0x8000, 0x8000, 0x8000, 0x8000, 0x8000, 0x8000, 0x8000, 0x8000,
    0x8000, 0x8000, 0x8000, 0x8000, 0x8000, 0x8000, 0x8000, 0x8000, 0x8000, 0x8000, 0x8000, 0x8000, 0x8000, 0x8000, 0x8000, 0x8000,
    0x8000, 0x8000, 0x8000, 0x8000, 0x8000, 0x8000, 0x8000, 0x8000, 0x8000, 0x8000, 0x8000, 0x8000, 0x8000, 0x8000, 0x8000, 0x8000,
    0x8000, 0x8000, 0x8000, 0x8000, 0x8000, 0x8000, 0x8000, 0x8000, 0x8000, 0x8000, 0x8000, 0x8000, 0x8000, 0x8000, 0x8000, 0x8000,
    0x8000, 0x8000, 0x8000, 0x8000, 0x8000, 0x8000, 0x8000, 0x8000, 0x8000, 0x8000, 0x8000, 0x8000, 0x8000, 0x8000, 0x8000, 0x8000,
    0x8000, 0x8000, 0x8000, 0x8000, 0x8000, 0x8000, 0x8000, 0x8000, 0x8000, 0x8000, 0x8000, 0x8000, 0x8000, 0x8000, 0x8000, 0x8000,
    0x8000, 0x8000, 0x8000, 0x8000, 0x8000, 0x8000, 0x8000, 0x8000, 0x8000, 0x8000, 0x8000, 0x8000, 0x8000, 0x8000, 0x8000, 0x8000,
    0x8000, 0x8000, 0x8000, 0x8000, 0x8000, 0x8000, 0x8000, 0x8000, 0x8000, 0x8000, 0x8000, 0x8000, 0x8000, 0x8000, 0x8000, 0x8000,
    0x8000, 0x8000, 0x8000, 0x8000, 0x8000, 0x8000, 0x8000, 0x8000, 0x8000, 0x8000, 0x8000, 0x8000, 0x8000, 0x8000, 0x8000, 0x8000,
    0x8000, 0x8000, 0x8000, 0x8000, 0x8000, 0x8000, 0x8000, 0x8000, 0x8000, 0x8000, 0x8000, 0x8000, 0x8000, 0x8000, 0x8000, 0x8000,
    0x8000, 0x8000, 0x8000, 0x8000, 0x8000, 0x8000, 0x8000, 0x8000, 0x8000, 0x8000, 0x8000, 0x8000, 0x8000, 0x8000, 0x8000, 0x8000,
    0x8000, 0x8000, 0x8000, 0x8000, 0x8000, 0x8000, 0x8000, 0x8000, 0x8000, 0x8000, 0x8000, 0x8000, 0x8000, 0x8000, 0x8000, 0x8000,
    0x8000, 0x8000, 0x8000, 0x8000, 0x8000, 0x8000, 0x8000, 0x8000, 0x8000, 0x8000, 0x8000, 0x8000, 0x8000, 0x8000, 0x8000, 0x8000,
    0x8000, 0x8000, 0x8000, 0x8000, 0x8000, 0x8000, 0x8000, 0x8000, 0x8000, 0x8000, 0x8000, 0x8000, 0x8000, 0x8000, 0x8000, 0x8000,
    0x8000, 0x8000, 0x8000, 0x8000, 0x8000, 0x8000, 0x8000, 0x8000, 0x8000, 0x8000, 0x8000, 0x8000, 0x8000, 0x8000, 0x8000, 0x8000,
    0x8000, 0x8000, 0x8000, 0x8000, 0x8000, 0x8000, 0x8000, 0x8000, 0x8000, 0x8000, 0x8000, 0x8000, 0x8000, 0x8000, 0x8000, 0x8000,
    0x8000, 0x8000, 0x8000, 0x8000, 0x8000, 0x8000, 0x8000, 0x8000, 0x8000, 0x8000, 0x8000, 0x8000, 0x8000, 0x8000, 0x8000, 0x8000,
    0x8000, 0x8000, 0x8000, 0x8000, 0x8000, 0x8000, 0x8000, 0x8000, 0x8000, 0x8000, 0x8000, 0x8000, 0x8000, 0x8000, 0x8000, 0x8000,
    0x8000, 0x8000, 0x8000, 0x8000, 0x8000, 0x8000, 0x8000, 0x8000, 0x8000, 0x8000, 0x8000, 0x8000, 0x8000, 0x8000, 0x8000, 0x8000,
    0x8000, 0x8000, 0x8000, 0x8000, 0x8000, 0x8000, 0x8000, 0x8000, 0x8000, 0x8000, 0x8000, 0x8000, 0x8000, 0x8000, 0x8000, 0x8000,
    0x8000, 0x8000, 0x8000, 0x8000, 0x8000, 0x8000, 0x8000, 0x8000, 0x8000, 0x8000, 0x8000, 0x8000, 0x8000, 0x8000, 0x8000, 0x8000,
    0x8000, 0x8000, 0x8000, 0x8000, 0x8000, 0x8000, 0x8000, 0x8000, 0x8000, 0x8000, 0x8000, 0x8000, 0x8000, 0x8000, 0x8000, 0x8000,
    0x8000, 0x8000, 0x8000, 0x8000, 0x8000, 0x8000, 0x8000, 0x8000, 0x8000, 0x8000, 0x8000, 0x8000, 0x8000, 0x8000, 0x8000, 0x8000,
    0x8000, 0x8000, 0x8000, 0x8000, 0x8000, 0x8000, 0x8000, 0x8000, 0x8000, 0x8000, 0x8000, 0x8000, 0x8000, 0x8000, 0x8000, 0x8000,
    0x8000, 0x8000, 0x8000, 0x8000, 0x8000, 0x8000, 0x8000, 0x8000, 0x8000, 0x8000, 0x8000, 0x8000, 0x8000, 0x8000, 0x8000, 0x8000,
    0x8000, 0x8000, 0x8000, 0x8000, 0x8000, 0x8000, 0x8000, 0x8000, 0x8000, 0x8000, 0x8000, 0x8000, 0x8000, 0x8000, 0x8000, 0x8000,
    0x8000, 0x8000, 0x8000, 0x8000, 0x8000, 0x8000, 0x8000, 0x8000, 0x8000, 0x8000, 0x8000, 0x8000, 0x8000, 0x8000, 0x8000, 0x8000,
    0x8000, 0x8000, 0x8000, 0x8000, 0x8000, 0x8000, 0x8000, 0x8000, 0x8000, 0x8000, 0x8000, 0x8000, 0x8000, 0x8000, 0x8000, 0x8000,
    0x8000, 0x8000, 0x8000, 0x8000, 0x8000, 0x8000, 0x8000, 0x8000, 0x8000, 0x8000, 0x8000, 0x8000, 0x8000, 0x8000, 0x8000, 0x8000,
    0x8000, 0x8000, 0x8000, 0x8000, 0x8000, 0x8000, 0x8000, 0x8000, 0x8000, 0x8000, 0x8000, 0x8000, 0x8000, 0x8000, 0x8000, 0x8000,
    0x8000, 0x8000, 0x8000, 0x8000, 0x8000, 0x8000, 0x8000, 0x8000, 0x8000, 0x8000, 0x8000, 0x8000, 0x8000, 0x8000, 0x8000, 0x8000,
    0x8000, 0x8000, 0x8000, 0x8000, 0x8000, 0x8000, 0x8000, 0x8000, 0x8000, 0x8000, 0x8000, 0x8000, 0x8000, 0x8000, 0x8000, 0x8000,
    0x8000, 0x8000, 0x8000, 0x8000, 0x8000, 0x8000, 0x8000, 0x8000, 0x8000, 0x8000, 0x8000, 0x8000, 0x8000, 0x8000, 0x8000, 0x8000,
    0x8000, 0x8000, 0x8000, 0x8000, 0x8000, 0x8000, 0x8000, 0x8000, 0x8000, 0x8000, 0x8000, 0x8000, 0x8000, 0x8000, 0x8000, 0x8000,
    0x8000, 0x8000, 0x8000, 0x8000, 0x8000, 0x8000, 0x8000, 0x8000, 0x8000, 0x8000, 0x8000, 0x8000, 0x8000, 0x8000, 0x8000, 0x8000,
    0x8000, 0x8000, 0x8000, 0x8000, 0x8000, 0x8000, 0x8000, 0x8000, 0x8000, 0x8000, 0x8000, 0x8000, 0x8000, 0x8000, 0x8000, 0x8000,
    0x8000, 0x8000, 0x8000, 0x8000, 0x8000, 0x8000, 0x8000, 0x8000, 0x8000, 0x8000, 0x8000, 0x8000, 0x8000, 0x8000, 0x8000, 0x8000,
    0x8000, 0x8000, 0x8000, 0x8000, 0x8000, 0x8000, 0x8000, 0x8000, 0x8000, 0x8000, 0x8000, 0x8000, 0x8000, 0x8000, 0x8000, 0x8000,
    0x8000, 0x8000, 0x8000, 0x8000, 0x8000, 0x8000, 0x8000, 0x8000, 0x8000, 0x8000, 0x8000, 0x8000, 0x8000, 0x8000, 0x8000, 0x8000,
    0x8000, 0x8000, 0x8000, 0x8000, 0x8000, 0x8000, 0x8000, 0x8000, 0x8000, 0x8000, 0x8000, 0x8000, 0x8000, 0x8000, 0x8000, 0x8000,
    0x8000, 0x8000, 0x8000, 0x8000, 0x8000, 0x8000, 0x8000, 0x8000, 0x8000, 0x8000, 0x8000, 0x8000, 0x8000, 0x8000, 0x8000, 0x8000,
    0x8000, 0x8000, 0x8000, 0x8000, 0x8000, 0x8000, 0x8000, 0x8000, 0x8000, 0x8000, 0x8000, 0x8000, 0x8000, 0x8000, 0x8000, 0x8000,
    0x8000, 0x8000, 0x8000, 0x8000, 0x8000, 0x8000, 0x8000, 0x8000, 0x8000, 0x8000, 0x8000, 0x8000, 0x8000, 0x8000, 0x8000, 0x8000,
    0x8000, 0x8000, 0x8000, 0x8000, 0x8000, 0x8000, 0x8000, 0x8000, 0x8000, 0x8000, 0x8000, 0x8000, 0x8000, 0x8000, 0x8000, 0x8000,
    0x8000, 0x8000, 0x8000, 0x8000, 0x8000, 0x8000, 0x8000, 0x8000, 0x8000, 0x8000, 0x8000, 0x8000, 0x8000, 0x8000, 0x8000, 0x8000,
    0x8000, 0x8000, 0x8000, 0x8000, 0x8000, 0x8000, 0x8000, 0x8000, 0x8000, 0x8000, 0x8000, 0x8000, 0x8000, 0x8000, 0x8000, 0x8000,
    0x8000, 0x8000, 0x8000, 0x8000, 0x8000, 0x8000, 0x8000, 0x8000, 0x8000, 0x8000, 0x8000, 0x8000, 0x8000, 0x8000, 0x8000, 0x8000,
    0x8000, 0x8000, 0x8000, 0x8000, 0x8000, 0x8000, 0x8000, 0x8000, 0x8000, 0x8000, 0x8000, 0x8000, 0x8000, 0x8000, 0x8000, 0x8000,
    0x8000, 0x8000, 0x8000, 0x8000, 0x8000, 0x8000, 0x8000, 0x8000, 0x8000, 0x8000, 0x8000, 0x8000, 0x8000, 0x8000, 0x8000, 0x8000,
    0x8000, 0x8000, 0x8000, 0x8000, 0x8000, 0x8000, 0x8000, 0x8000, 0x8000, 0x8000, 0x8000, 0x8000, 0x8000, 0x8000, 0x8000, 0x8000,
    0x8000, 0x8000, 0x8000, 0x8000, 0x8000, 0x8000, 0x8000, 0x8000, 0x8000, 0x8000, 0x8000, 0x8000, 0x8000, 0x8000, 0x8000, 0x8000,
    0x8000, 0x8000, 0x8000, 0x8000, 0x8000, 0x8000, 0x8000, 0x8000, 0x8000, 0x8000, 0x8000, 0x8000, 0x8000, 0x8000, 0x8000, 0x8000,
    0x8000, 0x8000, 0x8000, 0x8000, 0x8000, 0x8000, 0x8000, 0x8000, 0x8000, 0x8000, 0x8000, 0x8000, 0x8000, 0x8000, 0x8000, 0x8000,
    0x8000, 0x8000, 0x8000, 0x8000, 0x8000, 0x8000, 0x8000, 0x8000, 0x8000, 0x8000, 0x8000, 0x8000, 0x8000, 0x8000, 0x8000, 0x8000,
    0x8000, 0x8000, 0x8000, 0x8000, 0x8000, 0x8000, 0x8000, 0x8000, 0x8000, 0x8000, 0x8000, 0x8000, 0x8000, 0x8000, 0x8000, 0x8000,
    0x8000, 0x8000, 0x8000, 0x8000, 0x8000, 0x8000, 0x8000, 0x8000, 0x8000, 0x8000, 0x8000, 0x8000, 0x8000, 0x8000, 0x8000, 0x8000,
    0x8000, 0x8000, 0x8000, 0x8000, 0x8000, 0x8000, 0x8000, 0x8000, 0x8000, 0x8000, 0x8000, 0x8000, 0x8000, 0x8000, 0x8000, 0x8000,
    0x8000, 0x8000, 0x8000, 0x8000, 0x8000, 0x8000, 0x8000, 0x8000, 0x8000, 0x8000, 0x8000, 0x8000, 0x8000, 0x8000, 0x8000, 0x8000,
    0x8000, 0x8000, 0x8000, 0x8000, 0x8000, 0x8000, 0x8000, 0x8000, 0x8000, 0x8000, 0x8000, 0x8000, 0x8000, 0x8000, 0x8000, 0x8000,
    0x8000, 0x8000, 0x8000, 0x8000, 0x8000, 0x8000, 0x8000, 0x8000, 0x8000, 0x8000, 0x8000, 0x8000, 0x8000, 0x8000, 0x8000, 0x8000,
    0x8000, 0x8000, 0x8000, 0x8000, 0x8000, 0x8000, 0x8000, 0x8000, 0x8000, 0x8000, 0x8000, 0x8000, 0x8000, 0x8000, 0x8000, 0x8000,
    0x8000, 0x8000, 0x8000, 0x8000, 0x8000, 0x8000, 0x8000, 0x8000, 0x8000, 0x8000, 0x8000, 0x8000, 0x8000, 0x8000, 0x8000, 0x8000,
    0x8000, 0x8000, 0x8000, 0x8000, 0x8000, 0x8000, 0x8000, 0x8000, 0x8000, 0x8000, 0x8000, 0x8000, 0x8000, 0x8000, 0x8000, 0x8000,
    0x8000, 0x8000, 0x8000, 0x8000, 0x8000, 0x8000, 0x8000, 0x8000, 0x8000, 0x8000, 0x8000, 0x8000, 0x8000, 0x8000, 0x8000, 0x8000,
    0x8000, 0x8000, 0x8000, 0x8000, 0x8000, 0x8000, 0x8000, 0x8000, 0x8000, 0x8000, 0x8000, 0x8000, 0x8000, 0x8000, 0x8000, 0x8000,
    0x8000, 0x8000, 0x8000, 0x8000, 0x8000, 0x8000, 0x8000, 0x8000, 0x8000, 0x8000, 0x8000, 0x8000, 0x8000, 0x8000, 0x8000, 0x8000,
    0x8000, 0x8000, 0x8000, 0x8000, 0x8000, 0x8000, 0x8000, 0x8000, 0x8000, 0x8000, 0x8000, 0x8000, 0x8000, 0x8000, 0x8000, 0x8000,
    0x8000, 0x8000, 0x8000, 0x8000, 0x8000, 0x8000, 0x8000, 0x8000, 0x8000, 0x8000, 0x8000, 0x8000, 0x8000, 0x8000, 0x8000, 0x8000,
    0x8000, 0x8000, 0x8000, 0x8000, 0x8000, 0x8000, 0x8000, 0x8000, 0x8000, 0x8000, 0x8000, 0x8000, 0x8000, 0x8000, 0x8000, 0x8000,
    0x8000, 0x8000, 0x8000, 0x8000, 0x8000, 0x8000, 0x8000, 0x8000, 0x8000, 0x8000, 0x8000, 0x8000, 0x8000, 0x8000, 0x8000, 0x8000,
    0x8000, 0x8000, 0x8000, 0x8000, 0x8000, 0x8000, 0x8000, 0x8000, 0x8000, 0x8000, 0x8000, 0x8000, 0x8000, 0x8000, 0x8000, 0x8000,
    0x8000, 0x8000, 0x8000, 0x8000, 0x8000, 0x8000, 0x8000, 0x8000, 0x8000, 0x8000, 0x8000, 0x8000, 0x8000, 0x8000, 0x8000, 0x8000,
    0x8000, 0x8000, 0x8000, 0x8000, 0x8000, 0x8000, 0x8000, 0x8000, 0x8000, 0x8000, 0x8000, 0x8000, 0x8000, 0x8000, 0x8000, 0x8000,
    0x8000, 0x8000, 0x8000, 0x8000, 0x8000, 0x8000, 0x8000, 0x8000, 0x8000, 0x8000, 0x8000, 0x8000, 0x8000, 0x8000, 0x8000, 0x8000,
    0x8000, 0x8000, 0x8000, 0x8000, 0x8000, 0x8000, 0x8000, 0x8000, 0x8000, 0x8000, 0x8000, 0x8000, 0x8000, 0x8000, 0x8000, 0x8000,
    0x8000, 0x8000, 0x8000, 0x8000, 0x8000, 0x8000, 0x8000, 0x8000, 0x8000, 0x8000, 0x8000, 0x8000, 0x8000, 0x8000, 0x8000, 0x8000,
    0x8000, 0x8000, 0x8000, 0x8000, 0x8000, 0x8000, 0x8000, 0x8000, 0x8000, 0x8000, 0x8000, 0x8000, 0x8000, 0x8000, 0x8000, 0x8000,
    0x8000, 0x8000, 0x8000, 0x8000, 0x8000, 0x8000, 0x8000, 0x8000, 0x8000, 0x8000, 0x8000, 0x8000, 0x8000, 0x8000, 0x8000, 0x8000,
    0x8000, 0x8000, 0x8000, 0x8000, 0x8000, 0x8000, 0x8000, 0x8000, 0x8000, 0x8000, 0x8000, 0x8000, 0x8000, 0x8000, 0x8000, 0x8000,
    0x8000, 0x8000, 0x8000, 0x8000, 0x8000, 0x8000, 0x8000, 0x8000, 0x8000, 0x8000, 0x8000, 0x8000, 0x8000, 0x8000, 0x8000, 0x8000,
    0x8000, 0x8000, 0x8000, 0x8000, 0x8000, 0x8000, 0x8000, 0x8000, 0x8000, 0x8000, 0x8000, 0x8000, 0x8000, 0x8000, 0x8000, 0x8000,
    0x8000, 0x8000, 0x8000, 0x8000, 0x8000, 0x8000, 0x8000, 0x8000, 0x8000, 0x8000, 0x8000, 0x8000, 0x8000, 0x8000, 0x8000, 0x8000,
    0x8000, 0x8000, 0x8000, 0x8000, 0x8000, 0x8000, 0x8000, 0x8000, 0x8000, 0x8000, 0x8000, 0x8000, 0x8000, 0x8000, 0x8000, 0x8000,
    0x8000, 0x8000, 0x8000, 0x8000, 0x8000, 0x8000, 0x8000, 0x8000, 0x8000, 0x8000, 0x8000, 0x8000, 0x8000, 0x8000, 0x8000, 0x8000,
    0x8000, 0x8000, 0x8000, 0x8000, 0x8000, 0x8000, 0x8000, 0x8000, 0x8000, 0x8000, 0x8000, 0x8000, 0x8000, 0x8000, 0x8000, 0x8000,
    0x8000, 0x8000, 0x8000, 0x8000, 0x8000, 0x8000, 0x8000, 0x8000, 0x8000, 0x8000, 0x8000, 0x8000, 0x8000, 0x8000, 0x8000, 0x8000,
    0x8000, 0x8000, 0x8000, 0x8000, 0x8000, 0x8000, 0x8000, 0x8000, 0x8000, 0x8000, 0x8000, 0x8000, 0x8000, 0x8000, 0x8000, 0x8000,
    0x8000, 0x8000, 0x8000, 0x8000, 0x8000, 0x8000, 0x8000, 0x8000, 0x8000, 0x8000, 0x8000, 0x8000, 0x8000, 0x8000, 0x8000, 0x8000,
    0x8000, 0x8000, 0x8000, 0x8000, 0x8000, 0x8000, 0x8000, 0x8000, 0x8000, 0x8000, 0x8000, 0x8000, 0x8000, 0x8000, 0x8000, 0x8000,
    0x8000, 0x8000, 0x8000, 0x8000, 0x8000, 0x8000, 0x8000, 0x8000, 0x8000, 0x8000, 0x8000, 0x8000, 0x8000, 0x8000, 0x8000, 0x8000,
    0x8000, 0x8000, 0x8000, 0x8000, 0x8000, 0x8000, 0x8000, 0x8000, 0x8000, 0x8000, 0x8000, 0x8000, 0x8000, 0x8000, 0x8000, 0x8000,
    0x8000, 0x8000, 0x8000, 0x8000, 0x8000, 0x8000, 0x8000, 0x8000, 0x8000, 0x8000, 0x8000, 0x8000, 0x8000, 0x8000, 0x8000, 0x8000,
    0x8000, 0x8000, 0x8000, 0x8000, 0x8000, 0x8000, 0x8000, 0x8000, 0x8000, 0x8000, 0x8000, 0x8000, 0x8000, 0x8000, 0x8000, 0x8000,
    0x8000, 0x8000, 0x8000, 0x8000, 0x8000, 0x8000, 0x8000, 0x8000, 0x8000, 0x8000, 0x8000, 0x8000, 0x8000, 0x8000, 0x8000, 0x8000,
    0x8000, 0x8000, 0x8000, 0x8000, 0x8000, 0x8000, 0x8000, 0x8000, 0x8000, 0x8000, 0x8000, 0x8000, 0x8000, 0x8000, 0x8000, 0x8000,
    0x8000, 0x8000, 0x8000, 0x8000, 0x8000, 0x8000, 0x8000, 0x8000, 0x8000, 0x8000, 0x8000, 0x8000, 0x8000, 0x8000, 0x8000, 0x8000,
    0x8000, 0x8000, 0x8000, 0x8000, 0x8000, 0x8000, 0x8000, 0x8000, 0x8000, 0x8000, 0x8000, 0x8000, 0x8000, 0x8000, 0x8000, 0x8000,
    0x8000, 0x8000, 0x8000, 0x8000, 0x8000, 0x8000, 0x8000, 0x8000, 0x8000, 0x8000, 0x8000, 0x8000, 0x8000, 0x8000, 0x8000, 0x8000,
    0x8000, 0x8000, 0x8000, 0x8000, 0x8000, 0x8000, 0x8000, 0x8000, 0x8000, 0x8000, 0x8000, 0x8000, 0x8000, 0x8000, 0x8000, 0x8000,
    0x8000, 0x8000, 0x8000, 0x8000, 0x8000, 0x8000, 0x8000, 0x8000, 0x8000, 0x8000, 0x8000, 0x8000, 0x8000, 0x8000, 0x8000, 0x8000,
    0x8000, 0x8000, 0x8000, 0x8000, 0x8000, 0x8000, 0x8000, 0x8000, 0x8000, 0x8000, 0x8000, 0x8000, 0x8000, 0x8000, 0x8000, 0x8000,
    0x8000, 0x8000, 0x8000, 0x8000, 0x8000, 0x8000, 0x8000, 0x8000, 0x8000, 0x8000, 0x8000, 0x8000, 0x8000, 0x8000, 0x8000, 0x8000,
    0x8000, 0x8000, 0x8000, 0x8000, 0x8000, 0x8000, 0x8000, 0x8000, 0x8000, 0x8000, 0x8000, 0x8000, 0x8000, 0x8000, 0x8000, 0x8000,
    0x8000, 0x8000, 0x8000, 0x8000, 0x8000, 0x8000, 0x8000, 0x8000, 0x8000, 0x8000, 0x8000, 0x8000, 0x8000, 0x8000, 0x8000, 0x8000,
    0x8000, 0x8000, 0x8000, 0x8000, 0x8000, 0x8000, 0x8000, 0x8000, 0x8000, 0x8000, 0x8000, 0x8000, 0x8000, 0x8000, 0x8000, 0x8000,
    0x8000, 0x8000, 0x8000, 0x8000, 0x8000, 0x8000, 0x8000, 0x8000, 0x8000, 0x8000, 0x8000, 0x8000, 0x8000, 0x8000, 0x8000, 0x8000,
    0x8000, 0x8000, 0x8000, 0x8000, 0x8000, 0x8000, 0x8000, 0x8000, 0x8000, 0x8000, 0x8000, 0x8000, 0x8000, 0x8000, 0x8000, 0x8000,
    0x8000, 0x8000, 0x8000, 0x8000, 0x8000, 0x8000, 0x8000, 0x8000, 0x8000, 0x8000, 0x8000, 0x8000, 0x8000, 0x8000, 0x8000, 0x8000,
    0x8000, 0x8000, 0x8000, 0x8000, 0x8000, 0x8000, 0x8000, 0x8000, 0x8000, 0x8000, 0x8000, 0x8000, 0x8000, 0x8000, 0x8000, 0x8000,
    0x8000, 0x8000, 0x8000, 0x8000, 0x8000, 0x8000, 0x8000, 0x8000, 0x8000, 0x8000, 0x8000, 0x8000, 0x8000, 0x8000, 0x8000, 0x8000,
    0x8000, 0x8000, 0x8000, 0x8000, 0x8000, 0x8000, 0x8000, 0x8000, 0x8000, 0x8000, 0x8000, 0x8000, 0x8000, 0x8000, 0x8000, 0x8000,
    0x8000, 0x8000, 0x8000, 0x8000, 0x8000, 0x8000, 0x8000, 0x8000, 0x8000, 0x8000, 0x8000, 0x8000, 0x8000, 0x8000, 0x8000, 0x8000,
    0x8000, 0x8000, 0x8000, 0x8000, 0x8000, 0x8000, 0x8000, 0x8000, 0x8000, 0x8000, 0x8000, 0x8000, 0x8000, 0x8000, 0x8000, 0x8000,
    0x8000, 0x8000, 0x8000, 0x8000, 0x8000, 0x8000, 0x8000, 0x8000, 0x8000, 0x8000, 0x8000, 0x8000, 0x8000, 0x8000, 0x8000, 0x8000,
    0x8000, 0x8000, 0x8000, 0x8000, 0x8000, 0x8000, 0x8000, 0x8000, 0x8000, 0x8000, 0x8000, 0x8000, 0x8000, 0x8000, 0x8000, 0x8000,
    0x8000, 0x8000, 0x8000, 0x8000, 0x8000, 0x8000, 0x8000, 0x8000, 0x8000, 0x8000, 0x8000, 0x8000, 0x8000, 0x8000, 0x8000, 0x8000,
    0x8000, 0x8000, 0x8000, 0x8000, 0x8000, 0x8000, 0x8000, 0x8000, 0x8000, 0x8000, 0x8000, 0x8000, 0x8000, 0x8000, 0x8000, 0x8000,
    0x8000, 0x8000, 0x8000, 0x8000, 0x8000, 0x8000, 0x8000, 0x8000, 0x8000, 0x8000, 0x8000, 0x8000, 0x8000, 0x8000, 0x8000, 0x8000,
    0x8000, 0x8000, 0x8000, 0x8000, 0x8000, 0x8000, 0x8000, 0x8000, 0x8000, 0x8000, 0x8000, 0x8000, 0x8000, 0x8000, 0x8000, 0x8000,
    0x8000, 0x8000, 0x8000, 0x8000, 0x8000, 0x8000, 0x8000, 0x8000, 0x8000, 0x8000, 0x8000, 0x8000, 0x8000, 0x8000, 0x8000, 0x8000,
    0x8000, 0x8000, 0x8000, 0x8000, 0x8000, 0x8000, 0x8000, 0x8000, 0x8000, 0x8000, 0x8000, 0x8000, 0x8000, 0x8000, 0x8000, 0x8000,
    0x8000, 0x8000, 0x8000, 0x8000, 0x8000, 0x8000, 0x8000, 0x8000, 0x8000, 0x8000, 0x8000, 0x8000, 0x8000, 0x8000, 0x8000, 0x8000,
    0x8000, 0x8000, 0x8000, 0x8000, 0x8000, 0x8000, 0x8000, 0x8000, 0x8000, 0x8000, 0x8000, 0x8000, 0x8000, 0x8000, 0x8000, 0x8000,
    0x8000, 0x8000, 0x8000, 0x8000, 0x8000, 0x8000, 0x8000, 0x8000, 0x8000, 0x8000, 0x8000, 0x8000, 0x8000, 0x8000, 0x8000, 0x8000,
    0x8000, 0x8000, 0x8000, 0x8000, 0x8000, 0x8000, 0x8000, 0x8000, 0x8000, 0x8000, 0x8000, 0x8000, 0x8000, 0x8000, 0x8000, 0x8000,
    0x8000, 0x8000, 0x8000, 0x8000, 0x8000, 0x8000, 0x8000, 0x8000, 0x8000, 0x8000, 0x8000, 0x8000, 0x8000, 0x8000, 0x8000, 0x8000,
    0x8000, 0x8000, 0x8000, 0x8000, 0x8000, 0x8000, 0x8000, 0x8000, 0x8000, 0x8000, 0x8000, 0x8000, 0x8000, 0x8000, 0x8000, 0x8000,
    0x8000, 0x8000, 0x8000, 0x8000, 0x8000, 0x8000, 0x8000, 0x8000, 0x8000, 0x8000, 0x8000, 0x8000, 0x8000, 0x8000, 0x8000, 0x8000,
    0x8000, 0x8000, 0x8000, 0x8000, 0x8000, 0x8000, 0x8000, 0x8000, 0x8000, 0x8000, 0x8000, 0x8000, 0x8000, 0x8000, 0x8000, 0x8000,
    0x8000, 0x8000, 0x8000, 0x8000, 0x8000, 0x8000, 0x8000, 0x8000, 0x8000, 0x8000, 0x8000, 0x8000, 0x8000, 0x8000, 0x8000, 0x8000,
    0x8000, 0x8000, 0x8000, 0x8000, 0x8000, 0x8000, 0x8000, 0x8000, 0x8000, 0x8000, 0x8000, 0x8000, 0x8000, 0x8000, 0x8000, 0x8000,
    0x8000, 0x8000, 0x8000, 0x8000, 0x8000, 0x8000, 0x8000, 0x8000, 0x8000, 0x8000, 0x8000, 0x8000, 0x8000, 0x8000, 0x8000, 0x8000,
    0x8000, 0x8000, 0x8000, 0x8000, 0x8000, 0x8000, 0x8000, 0x8000, 0x8000, 0x8000, 0x8000, 0x8000, 0x8000, 0x8000, 0x8000, 0x8000,
    0x8000, 0x8000, 0x8000, 0x8000, 0x8000, 0x8000, 0x8000, 0x8000, 0x8000, 0x8000, 0x8000, 0x8000, 0x8000, 0x8000, 0x8000, 0x8000,
    0x8000, 0x8000, 0x8000, 0x8000, 0x8000, 0x8000, 0x8000, 0x8000, 0x8000, 0x8000, 0x8000, 0x8000, 0x8000, 0x8000, 0x8000, 0x8000,
    0x8000, 0x8000, 0x8000, 0x8000, 0x8000, 0x8000, 0x8000, 0x8000, 0x8000, 0x8000, 0x8000, 0x8000, 0x8000, 0x8000, 0x8000, 0x8000,
    0x8000, 0x8000, 0x8000, 0x8000, 0x8000, 0x8000, 0x8000, 0x8000, 0x8000, 0x8000, 0x8000, 0x8000, 0x8000, 0x8000, 0x8000, 0x8000,
    0x8000, 0x8000, 0x8000, 0x8000, 0x8000, 0x8000, 0x8000, 0x8000, 0x8000, 0x8000, 0x8000, 0x8000, 0x8000, 0x8000, 0x8000, 0x8000,
    0x8000, 0x8000, 0x8000, 0x8000, 0x8000, 0x8000, 0x8000, 0x8000, 0x8000, 0x8000, 0x8000, 0x8000, 0x8000, 0x8000, 0x8000, 0x8000,
    0x8000, 0x8000, 0x8000, 0x8000, 0x8000, 0x8000, 0x8000, 0x8000, 0x8000, 0x8000, 0x8000, 0x8000, 0x8000, 0x8000, 0x8000, 0x8000,
    0x8000, 0x8000, 0x8000, 0x8000, 0x8000, 0x8000, 0x8000, 0x8000, 0x8000, 0x8000, 0x8000, 0x8000, 0x8000, 0x8000, 0x8000, 0x8000,
    0x8000, 0x8000, 0x8000, 0x8000, 0x8000, 0x8000, 0x8000, 0x8000, 0x8000, 0x8000, 0x8000, 0x8000, 0x8000, 0x8000, 0x8000, 0x8000,
    0x8000, 0x8000, 0x8000, 0x8000, 0x8000, 0x8000, 0x8000, 0x8000, 0x8000, 0x8000, 0x8000, 0x8000, 0x8000, 0x8000, 0x8000, 0x8000,
    0x8000, 0x8000, 0x8000, 0x8000, 0x8000, 0x8000, 0x8000, 0x8000, 0x8000, 0x8000, 0x8000, 0x8000, 0x8000, 0x8000, 0x8000, 0x8000,
    0x8000, 0x8000, 0x8000, 0x8000, 0x8000, 0x8000, 0x8000, 0x8000, 0x8000, 0x8000, 0x8000, 0x8000, 0x8000, 0x8000, 0x8000, 0x8000,
    0x8000, 0x8000, 0x8000, 0x8000, 0x8000, 0x8000, 0x8000, 0x8000, 0x8000, 0x8000, 0x8000, 0x8000, 0x8000, 0x8000, 0x8000, 0x8000,
    0x8000, 0x8000, 0x8000, 0x8000, 0x8000, 0x8000, 0x8000, 0x8000, 0x8000, 0x8000, 0x8000, 0x8000, 0x8000, 0x8000, 0x8000, 0x8000,
    0x8000, 0x8000, 0x8000, 0x8000, 0x8000, 0x8000, 0x8000, 0x8000, 0x8000, 0x8000, 0x8000, 0x8000, 0x8000, 0x8000, 0x8000, 0x8000,
    0x8000, 0x8000, 0x8000, 0x8000, 0x8000, 0x8000, 0x8000, 0x8000, 0x8000, 0x8000, 0x8000, 0x8000, 0x8000, 0x8000, 0x8000, 0x8000,
    0x8000, 0x8000, 0x8000, 0x8000, 0x8000, 0x8000, 0x8000, 0x8000, 0x8000, 0x8000, 0x8000, 0x8000, 0x8000, 0x8000, 0x8000, 0x8000,
    0x8000, 0x8000, 0x8000, 0x8000, 0x8000, 0x8000, 0x8000, 0x8000, 0x8000, 0x8000, 0x8000, 0x8000, 0x8000, 0x8000, 0x8000, 0x8000,
    0x8000, 0x8000, 0x8000, 0x8000, 0x8000, 0x8000, 0x8000, 0x8000, 0x8000, 0x8000, 0x8000, 0x8000, 0x8000, 0x8000, 0x8000, 0x8000,
    0x8000, 0x8000, 0x8000, 0x8000, 0x8000, 0x8000, 0x8000, 0x8000, 0x8000, 0x8000, 0x8000, 0x8000, 0x8000, 0x8000, 0x8000, 0x8000,
    0x8000, 0x8000, 0x8000, 0x8000, 0x8000, 0x8000, 0x8000, 0x8000, 0x8000, 0x8000, 0x8000, 0x8000, 0x8000, 0x8000, 0x8000, 0x8000,
    0x8000, 0x8000, 0x8000, 0x8000, 0x8000, 0x8000, 0x8000, 0x8000, 0x8000, 0x8000, 0x8000, 0x8000, 0x8000, 0x8000, 0x8000, 0x8000,
    0x8000, 0x8000, 0x8000, 0x8000, 0x8000, 0x8000, 0x8000, 0x8000, 0x8000, 0x8000, 0x8000, 0x8000, 0x8000, 0x8000, 0x8000, 0x8000,
    0x8000, 0x8000, 0x8000, 0x8000, 0x8000, 0x8000, 0x8000, 0x8000, 0x8000, 0x8000, 0x8000, 0x8000, 0x8000, 0x8000, 0x8000, 0x8000,
    0x8000, 0x8000, 0x8000, 0x8000, 0x8000, 0x8000, 0x8000, 0x8000, 0x8000, 0x8000, 0x8000, 0x8000, 0x8000, 0x8000, 0x8000, 0x8000,
    0x8000, 0x8000, 0x8000, 0x8000, 0x8000, 0x8000, 0x8000, 0x8000, 0x8000, 0x8000, 0x8000, 0x8000, 0x8000, 0x8000, 0x8000, 0x8000,
    0x8000, 0x8000, 0x8000, 0x8000, 0x8000, 0x8000, 0x8000, 0x8000, 0x8000, 0x8000, 0x8000, 0x8000, 0x8000, 0x8000, 0x8000, 0x8000,
    0x8000, 0x8000, 0x8000, 0x8000, 0x8000, 0x8000, 0x8000, 0x8000, 0x8000, 0x8000, 0x8000, 0x8000, 0x8000, 0x8000, 0x8000, 0x8000,
    0x8000, 0x8000, 0x8000, 0x8000, 0x8000, 0x8000, 0x8000, 0x8000, 0x8000, 0x8000, 0x8000, 0x8000, 0x8000, 0x8000, 0x8000, 0x8000,
    0x8000, 0x8000, 0x8000, 0x8000, 0x8000, 0x8000, 0x8000, 0x8000, 0x8000, 0x8000, 0x8000, 0x8000, 0x8000, 0x8000, 0x8000, 0x8000,
    0x8000, 0x8000, 0x8000, 0x8000, 0x8000, 0x8000, 0x8000, 0x8000, 0x8000, 0x8000, 0x8000, 0x8000, 0x8000, 0x8000, 0x8000, 0x8000,
    0x8000, 0x8000, 0x8000, 0x8000, 0x8000, 0x8000, 0x8000, 0x8000, 0x8000, 0x8000, 0x8000, 0x8000, 0x8000, 0x8000, 0x8000, 0x8000,
    0x8000, 0x8000, 0x8000, 0x8000, 0x8000, 0x8000, 0x8000, 0x8000, 0x8000, 0x8000, 0x8000, 0x8000, 0x8000, 0x8000, 0x8000, 0x8000,
    0x8000, 0x8000, 0x8000, 0x8000, 0x8000, 0x8000, 0x8000, 0x8000, 0x8000, 0x8000, 0x8000, 0x8000, 0x8000, 0x8000, 0x8000, 0x8000,
    0x8000, 0x8000, 0x8000, 0x8000, 0x8000, 0x8000, 0x8000, 0x8000, 0x8000, 0x8000, 0x8000, 0x8000, 0x8000, 0x8000, 0x8000, 0x8000,
    0x8000, 0x8000, 0x8000, 0x8000, 0x8000, 0x8000, 0x8000, 0x8000, 0x8000, 0x8000, 0x8000, 0x8000, 0x8000, 0x8000, 0x8000, 0x8000,
    0x8000, 0x8000, 0x8000, 0x8000, 0x8000, 0x8000, 0x8000, 0x8000, 0x8000, 0x8000, 0x8000, 0x8000, 0x8000, 0x8000, 0x8000, 0x8000,
    0x8000, 0x8000, 0x8000, 0x8000, 0x8000, 0x8000, 0x8000, 0x8000, 0x8000, 0x8000, 0x8000, 0x8000, 0x8000, 0x8000, 0x8000, 0x8000,
    0x8000, 0x8000, 0x8000, 0x8000, 0x8000, 0x8000, 0x8000, 0x8000, 0x8000, 0x8000, 0x8000, 0x8000, 0x8000, 0x8000, 0x8000, 0x8000,
    0x8000, 0x8000, 0x8000, 0x8000, 0x8000, 0x8000, 0x8000, 0x8000, 0x8000, 0x8000, 0x8000, 0x8000, 0x8000, 0x8000, 0x8000, 0x8000,
    0x8000, 0x8000, 0x8000, 0x8000, 0x8000, 0x8000, 0x8000, 0x8000, 0x8000, 0x8000, 0x8000, 0x8000, 0x8000, 0x8000, 0x8000, 0x8000,
    0x8000, 0x8000, 0x8000, 0x8000, 0x8000, 0x8000, 0x8000, 0x8000, 0x8000, 0x8000, 0x8000, 0x8000, 0x8000, 0x8000, 0x8000, 0x8000,
    0x8000, 0x8000, 0x8000, 0x8000, 0x8000, 0x8000, 0x8000, 0x8000, 0x8000, 0x8000, 0x8000, 0x8000, 0x8000, 0x8000, 0x8000, 0x8000,
    0x8000, 0x8000, 0x8000, 0x8000, 0x8000, 0x8000, 0x8000, 0x8000, 0x8000, 0x8000, 0x8000, 0x8000, 0x8000, 0x8000, 0x8000, 0x8000,
    0x8000, 0x8000, 0x8000, 0x8000, 0x8000, 0x8000, 0x8000, 0x8000, 0x8000, 0x8000, 0x8000, 0x8000, 0x8000, 0x8000, 0x8000, 0x8000,
    0x8000, 0x8000, 0x8000, 0x8000, 0x8000, 0x8000, 0x8000, 0x8000, 0x8000, 0x8000, 0x8000, 0x8000, 0x8000, 0x8000, 0x8000, 0x8000,
    0x8000, 0x8000, 0x8000, 0x8000, 0x8000, 0x8000, 0x8000, 0x8000, 0x8000, 0x8000, 0x8000, 0x8000, 0x8000, 0x8000, 0x8000, 0x8000,
    0x8000, 0x8000, 0x8000, 0x8000, 0x8000, 0x8000, 0x8000, 0x8000, 0x8000, 0x8000, 0x8000, 0x8000, 0x8000, 0x8000, 0x8000, 0x8000,
    0x8000, 0x8000, 0x8000, 0x8000, 0x8000, 0x8000, 0x8000, 0x8000, 0x8000, 0x8000, 0x8000, 0x8000, 0x8000, 0x8000, 0x8000, 0x8000,
    0x8000, 0x8000, 0x8000, 0x8000, 0x8000, 0x8000, 0x8000, 0x8000, 0x8000, 0x8000, 0x8000, 0x8000, 0x8000, 0x8000, 0x8000, 0x8000,
    0x8000, 0x8000, 0x8000, 0x8000, 0x8000, 0x8000, 0x8000, 0x8000, 0x8000, 0x8000, 0x8000, 0x8000, 0x8000, 0x8000, 0x8000, 0x8000,
    0x8000, 0x8000, 0x8000, 0x8000, 0x8000, 0x8000, 0x8000, 0x8000, 0x8000, 0x8000, 0x8000, 0x8000, 0x8000, 0x8000, 0x8000, 0x8000,
    0x8000, 0x8000, 0x8000, 0x8000, 0x8000, 0x8000, 0x8000, 0x8000, 0x8000, 0x8000, 0x8000, 0x8000, 0x8000, 0x8000, 0x8000, 0x8000,
    0x8000, 0x8000, 0x8000, 0x8000, 0x8000, 0x8000, 0x8000, 0x8000, 0x8000, 0x8000, 0x8000, 0x8000, 0x8000, 0x8000, 0x8000, 0x8000,
    0x8000, 0x8000, 0x8000, 0x8000, 0x8000, 0x8000, 0x8000, 0x8000, 0x8000, 0x8000, 0x8000, 0x8000, 0x8000, 0x8000, 0x8000, 0x8000,
    0x8000, 0x8000, 0x8000, 0x8000, 0x8000, 0x8000, 0x8000, 0x8000, 0x8000, 0x8000, 0x8000, 0x8000, 0x8000, 0x8000, 0x8000, 0x8000,
    0x8000, 0x8000, 0x8000, 0x8000, 0x8000, 0x8000, 0x8000, 0x8000, 0x8000, 0x8000, 0x8000, 0x8000, 0x8000, 0x8000, 0x8000, 0x8000,
    0x8000, 0x8000, 0x8000, 0x8000, 0x8000, 0x8000, 0x8000, 0x8000, 0x8000, 0x8000, 0x8000, 0x8000, 0x8000, 0x8000, 0x8000, 0x8000,
    0x8000, 0x8000, 0x8000, 0x8000, 0x8000, 0x8000, 0x8000, 0x8000, 0x8000, 0x8000, 0x8000, 0x8000, 0x8000, 0x8000, 0x8000, 0x8000,
    0x8000, 0x8000, 0x8000, 0x8000, 0x8000, 0x8000, 0x8000, 0x8000, 0x8000, 0x8000, 0x8000, 0x8000, 0x8000, 0x8000, 0x8000, 0x8000,
    0x8000, 0x8000, 0x8000, 0x8000, 0x8000, 0x8000, 0x8000, 0x8000, 0x8000, 0x8000, 0x8000, 0x8000, 0x8000, 0x8000, 0x8000, 0x8000,
    0x8000, 0x8000, 0x8000, 0x8000, 0x8000, 0x8000, 0x8000, 0x8000, 0x8000, 0x8000, 0x8000, 0x8000, 0x8000, 0x8000, 0x8000, 0x8000,
    0x8000, 0x8000, 0x8000, 0x8000, 0x8000, 0x8000, 0x8000, 0x8000, 0x8000, 0x8000, 0x8000, 0x8000, 0x8000, 0x8000, 0x8000, 0x8000,
    0x8000, 0x8000, 0x8000, 0x8000, 0x8000, 0x8000, 0x8000, 0x8000, 0x8000, 0x8000, 0x8000, 0x8000, 0x8000, 0x8000, 0x8000, 0x8000,
    0x8000, 0x8000, 0x8000, 0x8000, 0x8000, 0x8000, 0x8000, 0x8000, 0x8000, 0x8000, 0x8000, 0x8000, 0x8000, 0x8000, 0x8000, 0x8000,
    0x8000, 0x8000, 0x8000, 0x8000, 0x8000, 0x8000, 0x8000, 0x8000, 0x8000, 0x8000, 0x8000, 0x8000, 0x8000, 0x8000, 0x8000, 0x8000,
    0x8000, 0x8000, 0x8000, 0x8000, 0x8000, 0x8000, 0x8000, 0x8000, 0x8000, 0x8000, 0x8000, 0x8000, 0x8000, 0x8000, 0x8000, 0x8000,
    0x8000, 0x8000, 0x8000, 0x8000, 0x8000, 0x8000, 0x8000, 0x8000, 0x8000, 0x8000, 0x8000, 0x8000, 0x8000, 0x8000, 0x8000, 0x8000,
    0x8000, 0x8000, 0x8000, 0x8000, 0x8000, 0x8000, 0x8000, 0x8000, 0x8000, 0x8000, 0x8000, 0x8000, 0x8000, 0x8000, 0x8000, 0x8000,
    0x8000, 0x8000, 0x8000, 0x8000, 0x8000, 0x8000, 0x8000, 0x8000, 0x8000, 0x8000, 0x8000, 0x8000, 0x8000, 0x8000, 0x8000, 0x8000,
    0x8000, 0x8000, 0x8000, 0x8000, 0x8000, 0x8000, 0x8000, 0x8000, 0x8000, 0x8000, 0x8000, 0x8000, 0x8000, 0x8000, 0x8000, 0x8000,
    0x8000, 0x8000, 0x8000, 0x8000, 0x8000, 0x8000, 0x8000, 0x8000, 0x8000, 0x8000, 0x8000, 0x8000, 0x8000, 0x8000, 0x8000, 0x8000,
    0x8000, 0x8000, 0x8000, 0x8000, 0x8000, 0x8000, 0x8000, 0x8000, 0x8000, 0x8000, 0x8000, 0x8000, 0x8000, 0x8000, 0x8000, 0x8000,
    0x8000, 0x8000, 0x8000, 0x8000, 0x8000, 0x8000, 0x8000, 0x8000, 0x8000, 0x8000, 0x8000, 0x8000, 0x8000, 0x8000, 0x8000, 0x8000,
    0x8000, 0x8000, 0x8000, 0x8000, 0x8000, 0x8000, 0x8000, 0x8000, 0x8000, 0x8000, 0x8000, 0x8000, 0x8000, 0x8000, 0x8000, 0x8000,
    0x8000, 0x8000, 0x8000, 0x8000, 0x8000, 0x8000, 0x8000, 0x8000, 0x8000, 0x8000, 0x8000, 0x8000, 0x8000, 0x8000, 0x8000, 0x8000,
    0x8000, 0x8000, 0x8000, 0x8000, 0x8000, 0x8000, 0x8000, 0x8000, 0x8000, 0x8000, 0x8000, 0x8000, 0x8000, 0x8000, 0x8000, 0x8000,
    0x8000, 0x8000, 0x8000, 0x8000, 0x8000, 0x8000, 0x8000, 0x8000, 0x8000, 0x8000, 0x8000, 0x8000, 0x8000, 0x8000, 0x8000, 0x8000,
    0x8000, 0x8000, 0x8000, 0x8000, 0x8000, 0x8000, 0x8000, 0x8000, 0x8000, 0x8000, 0x8000, 0x8000, 0x8000, 0x8000, 0x8000, 0x8000,
    0x8000, 0x8000, 0x8000, 0x8000, 0x8000, 0x8000, 0x8000, 0x8000, 0x8000, 0x8000, 0x8000, 0x8000, 0x8000, 0x8000, 0x8000, 0x8000,
    0x8000, 0x8000, 0x8000, 0x8000, 0x8000, 0x8000, 0x8000, 0x8000, 0x8000, 0x8000, 0x8000, 0x8000, 0x8000, 0x8000, 0x8000, 0x8000,
    0x8000, 0x8000, 0x8000, 0x8000, 0x8000, 0x8000, 0x8000, 0x8000, 0x8000, 0x8000, 0x8000, 0x8000, 0x8000, 0x8000, 0x8000, 0x8000,
    0x8000, 0x8000, 0x8000, 0x8000, 0x8000, 0x8000, 0x8000, 0x8000, 0x8000, 0x8000, 0x8000, 0x8000, 0x8000, 0x8000, 0x8000, 0x8000,
    0x8000, 0x8000, 0x8000, 0x8000, 0x8000, 0x8000, 0x8000, 0x8000, 0x8000, 0x8000, 0x8000, 0x8000, 0x8000, 0x8000, 0x8000, 0x8000,
    0x8000, 0x8000, 0x8000, 0x8000, 0x8000, 0x8000, 0x8000, 0x8000, 0x8000, 0x8000, 0x8000, 0x8000, 0x8000, 0x8000, 0x8000, 0x8000,
    0x8000, 0x8000, 0x8000, 0x8000, 0x8000, 0x8000, 0x8000, 0x8000, 0x8000, 0x8000, 0x8000, 0x8000, 0x8000, 0x8000, 0x8000, 0x8000,
    0x8000, 0x8000, 0x8000, 0x8000, 0x8000, 0x8000, 0x8000, 0x8000, 0x8000, 0x8000, 0x8000, 0x8000, 0x8000, 0x8000, 0x8000, 0x8000,
    0x8000, 0x8000, 0x8000, 0x8000, 0x8000, 0x8000, 0x8000, 0x8000, 0x8000, 0x8000, 0x8000, 0x8000, 0x8000, 0x8000, 0x8000, 0x8000,
    0x8000, 0x8000, 0x8000, 0x8000, 0x8000, 0x8000, 0x8000, 0x8000, 0x8000, 0x8000, 0x8000, 0x8000, 0x8000, 0x8000, 0x8000, 0x8000,
    0x8000, 0x8000, 0x8000, 0x8000, 0x8000, 0x8000, 0x8000, 0x8000, 0x8000, 0x8000, 0x8000, 0x8000, 0x8000, 0x8000, 0x8000, 0x8000,
    0x8000, 0x8000, 0x8000, 0x8000, 0x8000, 0x8000, 0x8000, 0x8000, 0x8000, 0x8000, 0x8000, 0x8000, 0x8000, 0x8000, 0x8000, 0x8000,
    0x8000, 0x8000, 0x8000, 0x8000, 0x8000, 0x8000, 0x8000, 0x8000, 0x8000, 0x8000, 0x8000, 0x8000, 0x8000, 0x8000, 0x8000, 0x8000,
    0x8000, 0x8000, 0x8000, 0x8000, 0x8000, 0x8000, 0x8000, 0x8000, 0x8000, 0x8000, 0x8000, 0x8000, 0x8000, 0x8000, 0x8000, 0x8000,
    0x8000, 0x8000, 0x8000, 0x8000, 0x8000, 0x8000, 0x8000, 0x8000, 0x8000, 0x8000, 0x8000, 0x8000, 0x8000, 0x8000, 0x8000, 0x8000,
    0x8000, 0x8000, 0x8000, 0x8000, 0x8000, 0x8000, 0x8000, 0x8000, 0x8000, 0x8000, 0x8000, 0x8000, 0x8000, 0x8000, 0x8000, 0x8000,
    0x8000, 0x8000, 0x8000, 0x8000, 0x8000, 0x8000, 0x8000, 0x8000, 0x8000, 0x8000, 0x8000, 0x8000, 0x8000, 0x8000, 0x8000, 0x8000,
    0x8000, 0x8000, 0x8000, 0x8000, 0x8000, 0x8000, 0x8000, 0x8000, 0x8000, 0x8000, 0x8000, 0x8000, 0x8000, 0x8000, 0x8000, 0x8000,
    0x8000, 0x8000, 0x8000, 0x8000, 0x8000, 0x8000, 0x8000, 0x8000, 0x8000, 0x8000, 0x8000, 0x8000, 0x8000, 0x8000, 0x8000, 0x8000,
    0x8000, 0x8000, 0x8000, 0x8000, 0x8000, 0x8000, 0x8000, 0x8000, 0x8000, 0x8000, 0x8000, 0x8000, 0x8000, 0x8000, 0x8000, 0x8000,
    0x8000, 0x8000, 0x8000, 0x8000, 0x8000, 0x8000, 0x8000, 0x8000, 0x8000, 0x8000, 0x8000, 0x8000, 0x8000, 0x8000, 0x8000, 0x8000,
    0x8000, 0x8000, 0x8000, 0x8000, 0x8000, 0x8000, 0x8000, 0x8000, 0x8000, 0x8000, 0x8000, 0x8000, 0x8000, 0x8000, 0x8000, 0x8000,
    0x8000, 0x8000, 0x8000, 0x8000, 0x8000, 0x8000, 0x8000, 0x8000, 0x8000, 0x8000, 0x8000, 0x8000, 0x8000, 0x8000, 0x8000, 0x8000,
    0x8000, 0x8000, 0x8000, 0x8000, 0x8000, 0x8000, 0x8000, 0x8000, 0x8000, 0x8000, 0x8000, 0x8000, 0x8000, 0x8000, 0x8000, 0x8000,
    0x8000, 0x8000, 0x8000, 0x8000, 0x8000, 0x8000, 0x8000, 0x8000, 0x8000, 0x8000, 0x8000, 0x8000, 0x8000, 0x8000, 0x8000, 0x8000,
    0x8000, 0x8000, 0x8000, 0x8000, 0x8000, 0x8000, 0x8000, 0x8000, 0x8000, 0x8000, 0x8000, 0x8000, 0x8000, 0x8000, 0x8000, 0x8000,
    0x8000, 0x8000, 0x8000, 0x8000, 0x8000, 0x8000, 0x8000, 0x8000, 0x8000, 0x8000, 0x8000, 0x8000, 0x8000, 0x8000, 0x8000, 0x8000,
    0x8000, 0x8000, 0x8000, 0x8000, 0x8000, 0x8000, 0x8000, 0x8000, 0x8000, 0x8000, 0x8000, 0x8000, 0x8000, 0x8000, 0x8000, 0x8000,
    0x8000, 0x8000, 0x8000, 0x8000, 0x8000, 0x8000, 0x8000, 0x8000, 0x8000, 0x8000, 0x8000, 0x8000, 0x8000, 0x8000, 0x8000, 0x8000,
    0x8000, 0x8000, 0x8000, 0x8000, 0x8000, 0x8000, 0x8000, 0x8000, 0x8000, 0x8000, 0x8000, 0x8000, 0x8000, 0x8000, 0x8000, 0x8000,
    0x8000, 0x8000, 0x8000, 0x8000, 0x8000, 0x8000, 0x8000, 0x8000, 0x8000, 0x8000, 0x8000, 0x8000, 0x8000, 0x8000, 0x8000, 0x8000,
    0x8000, 0x8000, 0x8000, 0x8000, 0x8000, 0x8000, 0x8000, 0x8000, 0x8000, 0x8000, 0x8000, 0x8000, 0x8000, 0x8000, 0x8000, 0x8000,
    0x8000, 0x8000, 0x8000, 0x8000, 0x8000, 0x8000, 0x8000, 0x8000, 0x8000, 0x8000, 0x8000, 0x8000, 0x8000, 0x8000, 0x8000, 0x8000,
    0x8000, 0x8000, 0x8000, 0x8000, 0x8000, 0x8000, 0x8000, 0x8000, 0x8000, 0x8000, 0x8000, 0x8000, 0x8000, 0x8000, 0x8000, 0x8000,
    0x8000, 0x8000, 0x8000, 0x8000, 0x8000, 0x8000, 0x8000, 0x8000, 0x8000, 0x8000, 0x8000, 0x8000, 0x8000, 0x8000, 0x8000, 0x8000,
    0x8000, 0x8000, 0x8000, 0x8000, 0x8000, 0x8000, 0x8000, 0x8000, 0x8000, 0x8000, 0x8000, 0x8000, 0x8000, 0x8000, 0x8000, 0x8000,
    0x8000, 0x8000, 0x8000, 0x8000, 0x8000, 0x8000, 0x8000, 0x8000, 0x8000, 0x8000, 0x8000, 0x8000, 0x8000, 0x8000, 0x8000, 0x8000,
    0x8000, 0x8000, 0x8000, 0x8000, 0x8000, 0x8000, 0x8000, 0x8000, 0x8000, 0x8000, 0x8000, 0x8000, 0x8000, 0x8000, 0x8000, 0x8000,
    0x8000, 0x8000, 0x8000, 0x8000, 0x8000, 0x8000, 0x8000, 0x8000, 0x8000, 0x8000, 0x8000, 0x8000, 0x8000, 0x8000, 0x8000, 0x8000,
    0x8000, 0x8000, 0x8000, 0x8000, 0x8000, 0x8000, 0x8000, 0x8000, 0x8000, 0x8000, 0x8000, 0x8000, 0x8000, 0x8000, 0x8000, 0x8000,
    0x8000, 0x8000, 0x8000, 0x8000, 0x8000, 0x8000, 0x8000, 0x8000, 0x8000, 0x8000, 0x8000, 0x8000, 0x8000, 0x8000, 0x8000, 0x8000,
    0x8000, 0x8000, 0x8000, 0x8000, 0x8000, 0x8000, 0x8000, 0x8000, 0x8000, 0x8000, 0x8000, 0x8000, 0x8000, 0x8000, 0x8000, 0x8000,
    0x8000, 0x8000, 0x8000, 0x8000, 0x8000, 0x8000, 0x8000, 0x8000, 0x8000, 0x8000, 0x8000, 0x8000, 0x8000, 0x8000, 0x8000, 0x8000,
    0x8000, 0x8000, 0x8000, 0x8000, 0x8000, 0x8000, 0x8000, 0x8000, 0x8000, 0x8000, 0x8000, 0x8000, 0x8000, 0x8000, 0x8000, 0x8000,
    0x8000, 0x8000, 0x8000, 0x8000, 0x8000, 0x8000, 0x8000, 0x8000, 0x8000, 0x8000, 0x8000, 0x8000, 0x8000, 0x8000, 0x8000, 0x8000,
    0x8000, 0x8000, 0x8000, 0x8000, 0x8000, 0x8000, 0x8000, 0x8000, 0x8000, 0x8000, 0x8000, 0x8000, 0x8000, 0x8000, 0x8000, 0x8000,
    0x8000, 0x8000, 0x8000, 0x8000, 0x8000, 0x8000, 0x8000, 0x8000, 0x8000, 0x8000, 0x8000, 0x8000, 0x8000, 0x8000, 0x8000, 0x8000,
    0x8000, 0x8000, 0x8000, 0x8000, 0x8000, 0x8000, 0x8000, 0x8000, 0x8000, 0x8000, 0x8000, 0x8000, 0x8000, 0x8000, 0x8000, 0x8000,
    0x8000, 0x8000, 0x8000, 0x8000, 0x8000, 0x8000, 0x8000, 0x8000, 0x8000, 0x8000, 0x8000, 0x8000, 0x8000, 0x8000, 0x8000, 0x8000,
    0x8000, 0x8000, 0x8000, 0x8000, 0x8000, 0x8000, 0x8000, 0x8000, 0x8000, 0x8000, 0x8000, 0x8000, 0x8000, 0x8000, 0x8000, 0x8000,
    0x8000, 0x8000, 0x8000, 0x8000, 0x8000, 0x8000, 0x8000, 0x8000, 0x8000, 0x8000, 0x8000, 0x8000, 0x8000, 0x8000, 0x8000, 0x8000,
    0x8000, 0x8000, 0x8000, 0x8000, 0x8000, 0x8000, 0x8000, 0x8000, 0x8000, 0x8000, 0x8000, 0x8000, 0x8000, 0x8000, 0x8000, 0x8000,
    0x8000, 0x8000, 0x8000, 0x8000, 0x8000, 0x8000, 0x8000, 0x8000, 0x8000, 0x8000, 0x8000, 0x8000, 0x8000, 0x8000, 0x8000, 0x8000,
    0x8000, 0x8000, 0x8000, 0x8000, 0x8000, 0x8000, 0x8000, 0x8000, 0x8000, 0x8000, 0x8000, 0x8000, 0x8000, 0x8000, 0x8000, 0x8000,
    0x8000, 0x8000, 0x8000, 0x8000, 0x8000, 0x8000, 0x8000, 0x8000, 0x8000, 0x8000, 0x8000, 0x8000, 0x8000, 0x8000, 0x8000, 0x8000,
    0x8000, 0x8000, 0x8000, 0x8000, 0x8000, 0x8000, 0x8000, 0x8000, 0x8000, 0x8000, 0x8000, 0x8000, 0x8000, 0x8000, 0x8000, 0x8000,
    0x8000, 0x8000, 0x8000, 0x8000, 0x8000, 0x8000, 0x8000, 0x8000, 0x8000, 0x8000, 0x8000, 0x8000, 0x8000, 0x8000, 0x8000, 0x8000,
    0x8000, 0x8000, 0x8000, 0x8000, 0x8000, 0x8000, 0x8000, 0x8000, 0x8000, 0x8000, 0x8000, 0x8000, 0x8000, 0x8000, 0x8000, 0x8000,
    0x8000, 0x8000, 0x8000, 0x8000, 0x8000, 0x8000, 0x8000, 0x8000, 0x8000, 0x8000, 0x8000, 0x8000, 0x8000, 0x8000, 0x8000, 0x8000,
    0x8000, 0x8000, 0x8000, 0x8000, 0x8000, 0x8000, 0x8000, 0x8000, 0x8000, 0x8000, 0x8000, 0x8000, 0x8000, 0x8000, 0x8000, 0x8000,
    0x8000, 0x8000, 0x8000, 0x8000, 0x8000, 0x8000, 0x8000, 0x8000, 0x8000, 0x8000, 0x8000, 0x8000, 0x8000, 0x8000, 0x8000, 0x8000,
    0x8000, 0x8000, 0x8000, 0x8000, 0x8000, 0x8000, 0x8000, 0x8000, 0x8000, 0x8000, 0x8000, 0x8000, 0x8000, 0x8000, 0x8000, 0x8000,
    0x8000, 0x8000, 0x8000, 0x8000, 0x8000, 0x8000, 0x8000, 0x8000, 0x8000, 0x8000, 0x8000, 0x8000, 0x8000, 0x8000, 0x8000, 0x8000,
    0x8000, 0x8000, 0x8000, 0x8000, 0x8000, 0x8000, 0x8000, 0x8000, 0x8000, 0x8000, 0x8000, 0x8000, 0x8000, 0x8000, 0x8000, 0x8000,
    0x8000, 0x8000, 0x8000, 0x8000, 0x8000, 0x8000, 0x8000, 0x8000, 0x8000, 0x8000, 0x8000, 0x8000, 0x8000, 0x8000, 0x8000, 0x8000,
    0x8000, 0x8000, 0x8000, 0x8000, 0x8000, 0x8000, 0x8000, 0x8000, 0x8000, 0x8000, 0x8000, 0x8000, 0x8000, 0x8000, 0x8000, 0x8000,
    0x8000, 0x8000, 0x8000, 0x8000, 0x8000, 0x8000, 0x8000, 0x8000, 0x8000, 0x8000, 0x8000, 0x8000, 0x8000, 0x8000, 0x8000, 0x8000,
    0x8000, 0x8000, 0x8000, 0x8000, 0x8000, 0x8000, 0x8000, 0x8000, 0x8000, 0x8000, 0x8000, 0x8000, 0x8000, 0x8000, 0x8000, 0x8000,
    0x8000, 0x8000, 0x8000, 0x8000, 0x8000, 0x8000, 0x8000, 0x8000, 0x8000, 0x8000, 0x8000, 0x8000, 0x8000, 0x8000, 0x8000, 0x8000,
    0x8000, 0x8000, 0x8000, 0x8000, 0x8000, 0x8000, 0x8000, 0x8000, 0x8000, 0x8000, 0x8000, 0x8000, 0x8000, 0x8000, 0x8000, 0x8000,
    0x8000, 0x8000, 0x8000, 0x8000, 0x8000, 0x8000, 0x8000, 0x8000, 0x8000, 0x8000, 0x8000, 0x8000, 0x8000, 0x8000, 0x8000, 0x8000,
    0x8000, 0x8000, 0x8000, 0x8000, 0x8000, 0x8000, 0x8000, 0x8000, 0x8000, 0x8000, 0x8000, 0x8000, 0x8000, 0x8000, 0x8000, 0x8000,
    0x8000, 0x8000, 0x8000, 0x8000, 0x8000, 0x8000, 0x8000, 0x8000, 0x8000, 0x8000, 0x8000, 0x8000, 0x8000, 0x8000, 0x8000, 0x8000,
    0x8000, 0x8000, 0x8000, 0x8000, 0x8000, 0x8000, 0x8000, 0x8000, 0x8000, 0x8000, 0x8000, 0x8000, 0x8000, 0x8000, 0x8000, 0x8000,
    0x8000, 0x8000, 0x8000, 0x8000, 0x8000, 0x8000, 0x8000, 0x8000, 0x8000, 0x8000, 0x8000, 0x8000, 0x8000, 0x8000, 0x8000, 0x8000,
    0x8000, 0x8000, 0x8000, 0x8000, 0x8000, 0x8000, 0x8000, 0x8000, 0x8000, 0x8000, 0x8000, 0x8000, 0x8000, 0x8000, 0x8000, 0x8000,
    0x8000, 0x8000, 0x8000, 0x8000, 0x8000, 0x8000, 0x8000, 0x8000, 0x8000, 0x8000, 0x8000, 0x8000, 0x8000, 0x8000, 0x8000, 0x8000,
    0x8000, 0x8000, 0x8000, 0x8000, 0x8000, 0x8000, 0x8000, 0x8000, 0x8000, 0x8000, 0x8000, 0x8000, 0x8000, 0x8000, 0x8000, 0x8000,
    0x8000, 0x8000, 0x8000, 0x8000, 0x8000, 0x8000, 0x8000, 0x8000, 0x8000, 0x8000, 0x8000, 0x8000, 0x8000, 0x8000, 0x8000, 0x8000,
    0x8000, 0x8000, 0x8000, 0x8000, 0x8000, 0x8000, 0x8000, 0x8000, 0x8000, 0x8000, 0x8000, 0x8000, 0x8000, 0x8000, 0x8000, 0x8000,
    0x8000, 0x8000, 0x8000, 0x8000, 0x8000, 0x8000, 0x8000, 0x8000, 0x8000, 0x8000, 0x8000, 0x8000, 0x8000, 0x8000, 0x8000, 0x8000,
    0x8000, 0x8000, 0x8000, 0x8000, 0x8000, 0x8000, 0x8000, 0x8000, 0x8000, 0x8000, 0x8000, 0x8000, 0x8000, 0x8000, 0x8000, 0x8000,
    0x8000, 0x8000, 0x8000, 0x8000, 0x8000, 0x8000, 0x8000, 0x8000, 0x8000, 0x8000, 0x8000, 0x8000, 0x8000, 0x8000, 0x8000, 0x8000,
    0x8000, 0x8000, 0x8000, 0x8000, 0x8000, 0x8000, 0x8000, 0x8000, 0x8000, 0x8000, 0x8000, 0x8000, 0x8000, 0x8000, 0x8000, 0x8000,
    0x8000, 0x8000, 0x8000, 0x8000, 0x8000, 0x8000, 0x8000, 0x8000, 0x8000, 0x8000, 0x8000, 0x8000, 0x8000, 0x8000, 0x8000, 0x8000,
    0x8000, 0x8000, 0x8000, 0x8000, 0x8000, 0x8000, 0x8000, 0x8000, 0x8000, 0x8000, 0x8000, 0x8000, 0x8000, 0x8000, 0x8000, 0x8000,
    0x8000, 0x8000, 0x8000, 0x8000, 0x8000, 0x8000, 0x8000, 0x8000, 0x8000, 0x8000, 0x8000, 0x8000, 0x8000, 0x8000, 0x8000, 0x8000,
    0x8000, 0x8000, 0x8000, 0x8000, 0x8000, 0x8000, 0x8000, 0x8000, 0x8000, 0x8000, 0x8000, 0x8000, 0x8000, 0x8000, 0x8000, 0x8000,
    0x8000, 0x8000, 0x8000, 0x8000, 0x8000, 0x8000, 0x8000, 0x8000, 0x8000, 0x8000, 0x8000, 0x8000, 0x8000, 0x8000, 0x8000, 0x8000,
    0x8000, 0x8000, 0x8000, 0x8000, 0x8000, 0x8000, 0x8000, 0x8000, 0x8000, 0x8000, 0x8000, 0x8000, 0x8000, 0x8000, 0x8000, 0x8000,
    0x8000, 0x8000, 0x8000, 0x8000, 0x8000, 0x8000, 0x8000, 0x8000, 0x8000, 0x8000, 0x8000, 0x8000, 0x8000, 0x8000, 0x8000, 0x8000,
    0x8000, 0x8000, 0x8000, 0x8000, 0x8000, 0x8000, 0x8000, 0x8000, 0x8000, 0x8000, 0x8000, 0x8000, 0x8000, 0x8000, 0x8000, 0x8000,
    0x8000, 0x8000, 0x8000, 0x8000, 0x8000, 0x8000, 0x8000, 0x8000, 0x8000, 0x8000, 0x8000, 0x8000, 0x8000, 0x8000, 0x8000, 0x8000,
    0x8000, 0x8000, 0x8000, 0x8000, 0x8000, 0x8000, 0x8000, 0x8000, 0x8000, 0x8000, 0x8000, 0x8000, 0x8000, 0x8000, 0x8000, 0x8000,
    0x8000, 0x8000, 0x8000, 0x8000, 0x8000, 0x8000, 0x8000, 0x8000, 0x8000, 0x8000, 0x8000, 0x8000, 0x8000, 0x8000, 0x8000, 0x8000,
    0x8000, 0x8000, 0x8000, 0x8000, 0x8000, 0x8000, 0x8000, 0x8000, 0x8000, 0x8000, 0x8000, 0x8000, 0x8000, 0x8000, 0x8000, 0x8000,
    0x8000, 0x8000, 0x8000, 0x8000, 0x8000, 0x8000, 0x8000, 0x8000, 0x8000, 0x8000, 0x8000, 0x8000, 0x8000, 0x8000, 0x8000, 0x8000,
    0x8000, 0x8000, 0x8000, 0x8000, 0x8000, 0x8000, 0x8000, 0x8000, 0x8000, 0x8000, 0x8000, 0x8000, 0x8000, 0x8000, 0x8000, 0x8000,
    0x8000, 0x8000, 0x8000, 0x8000, 0x8000, 0x8000, 0x8000, 0x8000, 0x8000, 0x8000, 0x8000, 0x8000, 0x8000, 0x8000, 0x8000, 0x8000,
    0x8000, 0x8000, 0x8000, 0x8000, 0x8000, 0x8000, 0x8000, 0x8000, 0x8000, 0x8000, 0x8000, 0x8000, 0x8000, 0x8000, 0x8000, 0x8000,
    0x8000, 0x8000, 0x8000, 0x8000, 0x8000, 0x8000, 0x8000, 0x8000, 0x8000, 0x8000, 0x8000, 0x8000, 0x8000, 0x8000, 0x8000, 0x8000,
    0x8000, 0x8000, 0x8000, 0x8000, 0x8000, 0x8000, 0x8000, 0x8000, 0x8000, 0x8000, 0x8000, 0x8000, 0x8000, 0x8000, 0x8000, 0x8000,
    0x8000, 0x8000, 0x8000, 0x8000, 0x8000, 0x8000, 0x8000, 0x8000, 0x8000, 0x8000, 0x8000, 0x8000, 0x8000, 0x8000, 0x8000, 0x8000,
    0x8000, 0x8000, 0x8000, 0x8000, 0x8000, 0x8000, 0x8000, 0x8000, 0x8000, 0x8000, 0x8000, 0x8000, 0x8000, 0x8000, 0x8000, 0x8000,
    0x8000, 0x8000, 0x8000, 0x8000, 0x8000, 0x8000, 0x8000, 0x8000, 0x8000, 0x8000, 0x8000, 0x8000, 0x8000, 0x8000, 0x8000, 0x8000,
    0x8000, 0x8000, 0x8000, 0x8000, 0x8000, 0x8000, 0x8000, 0x8000, 0x8000, 0x8000, 0x8000, 0x8000, 0x8000, 0x8000, 0x8000, 0x8000,
    0x8000, 0x8000, 0x8000, 0x8000, 0x8000, 0x8000, 0x8000, 0x8000, 0x8000, 0x8000, 0x8000, 0x8000, 0x8000, 0x8000, 0x8000, 0x8000,
    0x8000, 0x8000, 0x8000, 0x8000, 0x8000, 0x8000, 0x8000, 0x8000, 0x8000, 0x8000, 0x8000, 0x8000, 0x8000, 0x8000, 0x8000, 0x8000,
    0x8000, 0x8000, 0x8000, 0x8000, 0x8000, 0x8000, 0x8000, 0x8000, 0x8000, 0x8000, 0x8000, 0x8000, 0x8000, 0x8000, 0x8000, 0x8000,
    0x8000, 0x8000, 0x8000, 0x8000, 0x8000, 0x8000, 0x8000, 0x8000, 0x8000, 0x8000, 0x8000, 0x8000, 0x8000, 0x8000, 0x8000, 0x8000,
    0x8000, 0x8000, 0x8000, 0x8000, 0x8000, 0x8000, 0x8000, 0x8000, 0x8000, 0x8000, 0x8000, 0x8000, 0x8000, 0x8000, 0x8000, 0x8000,
    0x8000, 0x8000, 0x8000, 0x8000, 0x8000, 0x8000, 0x8000, 0x8000, 0x8000, 0x8000, 0x8000, 0x8000, 0x8000, 0x8000, 0x8000, 0x8000,
    0x8000, 0x8000, 0x8000, 0x8000, 0x8000, 0x8000, 0x8000, 0x8000, 0x8000, 0x8000, 0x8000, 0x8000, 0x8000, 0x8000, 0x8000, 0x8000,
    0x8000, 0x8000, 0x8000, 0x8000, 0x8000, 0x8000, 0x8000, 0x8000, 0x8000, 0x8000, 0x8000, 0x8000, 0x8000, 0x8000, 0x8000, 0x8000,
    0x8000, 0x8000, 0x8000, 0x8000, 0x8000, 0x8000, 0x8000, 0x8000, 0x8000, 0x8000, 0x8000, 0x8000, 0x8000, 0x8000, 0x8000, 0x8000,
    0x8000, 0x8000, 0x8000, 0x8000, 0x8000, 0x8000, 0x8000, 0x8000, 0x8000, 0x8000, 0x8000, 0x8000, 0x8000, 0x8000, 0x8000, 0x8000,
    0x8000, 0x8000, 0x8000, 0x8000, 0x8000, 0x8000, 0x8000, 0x8000, 0x8000, 0x8000, 0x8000, 0x8000, 0x8000, 0x8000, 0x8000, 0x8000,
    0x8000, 0x8000, 0x8000, 0x8000, 0x8000, 0x8000, 0x8000, 0x8000, 0x8000, 0x8000, 0x8000, 0x8000, 0x8000, 0x8000, 0x8000, 0x8000,
    0x8000, 0x8000, 0x8000, 0x8000, 0x8000, 0x8000, 0x8000, 0x8000, 0x8000, 0x8000, 0x8000, 0x8000, 0x8000, 0x8000, 0x8000, 0x8000,
    0x8000, 0x8000, 0x8000, 0x8000, 0x8000, 0x8000, 0x8000, 0x8000, 0x8000, 0x8000, 0x8000, 0x8000, 0x8000, 0x8000, 0x8000, 0x8000,
    0x8000, 0x8000, 0x8000, 0x8000, 0x8000, 0x8000, 0x8000, 0x8000, 0x8000, 0x8000, 0x8000, 0x8000, 0x8000, 0x8000, 0x8000, 0x8000,
    0x8000, 0x8000, 0x8000, 0x8000, 0x8000, 0x8000, 0x8000, 0x8000, 0x8000, 0x8000, 0x8000, 0x8000, 0x8000, 0x8000, 0x8000, 0x8000,
    0x8000, 0x8000, 0x8000, 0x8000, 0x8000, 0x8000, 0x8000, 0x8000, 0x8000, 0x8000, 0x8000, 0x8000, 0x8000, 0x8000, 0x8000, 0x8000,
    0x8000, 0x8000, 0x8000, 0x8000, 0x8000, 0x8000, 0x8000, 0x8000, 0x8000, 0x8000, 0x8000, 0x8000, 0x8000, 0x8000, 0x8000, 0x8000,
    0x8000, 0x8000, 0x8000, 0x8000, 0x8000, 0x8000, 0x8000, 0x8000, 0x8000, 0x8000, 0x8000, 0x8000, 0x8000, 0x8000, 0x8000, 0x8000,
    0x8000, 0x8000, 0x8000, 0x8000, 0x8000, 0x8000, 0x8000, 0x8000, 0x8000, 0x8000, 0x8000, 0x8000, 0x8000, 0x8000, 0x8000, 0x8000,
    0x8000, 0x8000, 0x8000, 0x8000, 0x8000, 0x8000, 0x8000, 0x8000, 0x8000, 0x8000, 0x8000, 0x8000, 0x8000, 0x8000, 0x8000, 0x8000,
    0x8000, 0x8000, 0x8000, 0x8000, 0x8000, 0x8000, 0x8000, 0x8000, 0x8000, 0x8000, 0x8000, 0x8000, 0x8000, 0x8000, 0x8000, 0x8000,
    0x8000, 0x8000, 0x8000, 0x8000, 0x8000, 0x8000, 0x8000, 0x8000, 0x8000, 0x8000, 0x8000, 0x8000, 0x8000, 0x8000, 0x8000, 0x8000,
    0x8000, 0x8000, 0x8000, 0x8000, 0x8000, 0x8000, 0x8000, 0x8000, 0x8000, 0x8000, 0x8000, 0x8000, 0x8000, 0x8000, 0x8000, 0x8000,
    0x8000, 0x8000, 0x8000, 0x8000, 0x8000, 0x8000, 0x8000, 0x8000, 0x8000, 0x8000, 0x8000, 0x8000, 0x8000, 0x8000, 0x8000, 0x8000,
    0x8000, 0x8000, 0x8000, 0x8000, 0x8000, 0x8000, 0x8000, 0x8000, 0x8000, 0x8000, 0x8000, 0x8000, 0x8000, 0x8000, 0x8000, 0x8000,
    0x8000, 0x8000, 0x8000, 0x8000, 0x8000, 0x8000, 0x8000, 0x8000, 0x8000, 0x8000, 0x8000, 0x8000, 0x8000, 0x8000, 0x8000, 0x8000,
    0x8000, 0x8000, 0x8000, 0x8000, 0x8000, 0x8000, 0x8000, 0x8000, 0x8000, 0x8000, 0x8000, 0x8000, 0x8000, 0x8000, 0x8000, 0x8000,
    0x8000, 0x8000, 0x8000, 0x8000, 0x8000, 0x8000, 0x8000, 0x8000, 0x8000, 0x8000, 0x8000, 0x8000, 0x8000, 0x8000, 0x8000, 0x8000,
    0x8000, 0x8000, 0x8000, 0x8000, 0x8000, 0x8000, 0x8000, 0x8000, 0x8000, 0x8000, 0x8000, 0x8000, 0x8000, 0x8000, 0x8000, 0x8000,
    0x8000, 0x8000, 0x8000, 0x8000, 0x8000, 0x8000, 0x8000, 0x8000, 0x8000, 0x8000, 0x8000, 0x8000, 0x8000, 0x8000, 0x8000, 0x8000,
    0x8000, 0x8000, 0x8000, 0x8000, 0x8000, 0x8000, 0x8000, 0x8000, 0x8000, 0x8000, 0x8000, 0x8000, 0x8000, 0x8000, 0x8000, 0x8000,
    0x8000, 0x8000, 0x8000, 0x8000, 0x8000, 0x8000, 0x8000, 0x8000, 0x8000, 0x8000, 0x8000, 0x8000, 0x8000, 0x8000, 0x8000, 0x8000,
    0x8000, 0x8000, 0x8000, 0x8000, 0x8000, 0x8000, 0x8000, 0x8000, 0x8000, 0x8000, 0x8000, 0x8000, 0x8000, 0x8000, 0x8000, 0x8000,
    0x8000, 0x8000, 0x8000, 0x8000, 0x8000, 0x8000, 0x8000, 0x8000, 0x8000, 0x8000, 0x8000, 0x8000, 0x8000, 0x8000, 0x8000, 0x8000,
    0x8000, 0x8000, 0x8000, 0x8000, 0x8000, 0x8000, 0x8000, 0x8000, 0x8000, 0x8000, 0x8000, 0x8000, 0x8000, 0x8000, 0x8000, 0x8000,
    0x8000, 0x8000, 0x8000, 0x8000, 0x8000, 0x8000, 0x8000, 0x8000, 0x8000, 0x8000, 0x8000, 0x8000, 0x8000, 0x8000, 0x8000, 0x8000,
    0x8000, 0x8000, 0x8000, 0x8000, 0x8000, 0x8000, 0x8000, 0x8000, 0x8000, 0x8000, 0x8000, 0x8000, 0x8000, 0x8000, 0x8000, 0x8000,
    0x8000, 0x8000, 0x8000, 0x8000, 0x8000, 0x8000, 0x8000, 0x8000, 0x8000, 0x8000, 0x8000, 0x8000, 0x8000, 0x8000, 0x8000, 0x8000,
    0x8000, 0x8000, 0x8000, 0x8000, 0x8000, 0x8000, 0x8000, 0x8000, 0x8000, 0x8000, 0x8000, 0x8000, 0x8000, 0x8000, 0x8000, 0x8000,
    0x8000, 0x8000, 0x8000, 0x8000, 0x8000, 0x8000, 0x8000, 0x8000, 0x8000, 0x8000, 0x8000, 0x8000, 0x8000, 0x8000, 0x8000, 0x8000,
    0x8000, 0x8000, 0x8000, 0x8000, 0x8000, 0x8000, 0x8000, 0x8000, 0x8000, 0x8000, 0x8000, 0x8000, 0x8000, 0x8000, 0x8000, 0x8000,
    0x8000, 0x8000, 0x8000, 0x8000, 0x8000, 0x8000, 0x8000, 0x8000, 0x8000, 0x8000, 0x8000, 0x8000, 0x8000, 0x8000, 0x8000, 0x8000,
    0x8000, 0x8000, 0x8000, 0x8000, 0x8000, 0x8000, 0x8000, 0x8000, 0x8000, 0x8000, 0x8000, 0x8000, 0x8000, 0x8000, 0x8000, 0x8000,
    0x8000, 0x8000, 0x8000, 0x8000, 0x8000, 0x8000, 0x8000, 0x8000, 0x8000, 0x8000, 0x8000, 0x8000, 0x8000, 0x8000, 0x8000, 0x8000,
    0x8000, 0x8000, 0x8000, 0x8000, 0x8000, 0x8000, 0x8000, 0x8000, 0x8000, 0x8000, 0x8000, 0x8000, 0x8000, 0x8000, 0x8000, 0x8000,
    0x8000, 0x8000, 0x8000, 0x8000, 0x8000, 0x8000, 0x8000, 0x8000, 0x8000, 0x8000, 0x8000, 0x8000, 0x8000, 0x8000, 0x8000, 0x8000,
    0x8000, 0x8000, 0x8000, 0x8000, 0x8000, 0x8000, 0x8000, 0x8000, 0x8000, 0x8000, 0x8000, 0x8000, 0x8000, 0x8000, 0x8000, 0x8000,
    0x8000, 0x8000, 0x8000, 0x8000, 0x8000, 0x8000, 0x8000, 0x8000, 0x8000, 0x8000, 0x8000, 0x8000, 0x8000, 0x8000, 0x8000, 0x8000,
    0x8000, 0x8000, 0x8000, 0x8000, 0x8000, 0x8000, 0x8000, 0x8000, 0x8000, 0x8000, 0x8000, 0x8000, 0x8000, 0x8000, 0x8000, 0x8000,
    0x8000, 0x8000, 0x8000, 0x8000, 0x8000, 0x8000, 0x8000, 0x8000, 0x8000, 0x8000, 0x8000, 0x8000, 0x8000, 0x8000, 0x8000, 0x8000,
    0x8000, 0x8000, 0x8000, 0x8000, 0x8000, 0x8000, 0x8000, 0x8000, 0x8000, 0x8000, 0x8000, 0x8000, 0x8000, 0x8000, 0x8000, 0x8000,
    0x8000, 0x8000, 0x8000, 0x8000, 0x8000, 0x8000, 0x8000, 0x8000, 0x8000, 0x8000, 0x8000, 0x8000, 0x8000, 0x8000, 0x8000, 0x8000,
    0x8000, 0x8000, 0x8000, 0x8000, 0x8000, 0x8000, 0x8000, 0x8000, 0x8000, 0x8000, 0x8000, 0x8000, 0x8000, 0x8000, 0x8000, 0x8000,
    0x8000, 0x8000, 0x8000, 0x8000, 0x8000, 0x8000, 0x8000, 0x8000, 0x8000, 0x8000, 0x8000, 0x8000, 0x8000, 0x8000, 0x8000, 0x8000,
    0x8000, 0x8000, 0x8000, 0x8000, 0x8000, 0x8000, 0x8000, 0x8000, 0x8000, 0x8000, 0x8000, 0x8000, 0x8000, 0x8000, 0x8000, 0x8000,
    0x8000, 0x8000, 0x8000, 0x8000, 0x8000, 0x8000, 0x8000, 0x8000, 0x8000, 0x8000, 0x8000, 0x8000, 0x8000, 0x8000, 0x8000, 0x8000,
    0x8000, 0x8000, 0x8000, 0x8000, 0x8000, 0x8000, 0x8000, 0x8000, 0x8000, 0x8000, 0x8000, 0x8000, 0x8000, 0x8000, 0x8000, 0x8000,
    0x8000, 0x8000, 0x8000, 0x8000, 0x8000, 0x8000, 0x8000, 0x8000, 0x8000, 0x8000, 0x8000, 0x8000, 0x8000, 0x8000, 0x8000, 0x8000,
    0x8000, 0x8000, 0x8000, 0x8000, 0x8000, 0x8000, 0x8000, 0x8000, 0x8000, 0x8000, 0x8000, 0x8000, 0x8000, 0x8000, 0x8000, 0x8000,
    0x8000, 0x8000, 0x8000, 0x8000, 0x8000, 0x8000, 0x8000, 0x8000, 0x8000, 0x8000, 0x8000, 0x8000, 0x8000, 0x8000, 0x8000, 0x8000,
    0x8000, 0x8000, 0x8000, 0x8000, 0x8000, 0x8000, 0x8000, 0x8000, 0x8000, 0x8000, 0x8000, 0x8000, 0x8000, 0x8000, 0x8000, 0x8000,
    0x8000, 0x8000, 0x8000, 0x8000, 0x8000, 0x8000, 0x8000, 0x8000, 0x8000, 0x8000, 0x8000, 0x8000, 0x8000, 0x8000, 0x8000, 0x8000,
    0x8000, 0x8000, 0x8000, 0x8000, 0x8000, 0x8000, 0x8000, 0x8000, 0x8000, 0x8000, 0x8000, 0x8000, 0x8000, 0x8000, 0x8000, 0x8000,
    0x8000, 0x8000, 0x8000, 0x8000, 0x8000, 0x8000, 0x8000, 0x8000, 0x8000, 0x8000, 0x8000, 0x8000, 0x8000, 0x8000, 0x8000, 0x8000,
    0x8000, 0x8000, 0x8000, 0x8000, 0x8000, 0x8000, 0x8000, 0x8000, 0x8000, 0x8000, 0x8000, 0x8000, 0x8000, 0x8000, 0x8000, 0x8000,
    0x8000, 0x8000, 0x8000, 0x8000, 0x8000, 0x8000, 0x8000, 0x8000, 0x8000, 0x8000, 0x8000, 0x8000, 0x8000, 0x8000, 0x8000, 0x8000,
    0x8000, 0x8000, 0x8000, 0x8000, 0x8000, 0x8000, 0x8000, 0x8000, 0x8000, 0x8000, 0x8000, 0x8000, 0x8000, 0x8000, 0x8000, 0x8000,
    0x8000, 0x8000, 0x8000, 0x8000, 0x8000, 0x8000, 0x8000, 0x8000, 0x8000, 0x8000, 0x8000, 0x8000, 0x8000, 0x8000, 0x8000, 0x8000,
    0x8000, 0x8000, 0x8000, 0x8000, 0x8000, 0x8000, 0x8000, 0x8000, 0x8000, 0x8000, 0x8000, 0x8000, 0x8000, 0x8000, 0x8000, 0x8000,
    0x8000, 0x8000, 0x8000, 0x8000, 0x8000, 0x8000, 0x8000, 0x8000, 0x8000, 0x8000, 0x8000, 0x8000, 0x8000, 0x8000, 0x8000, 0x8000,
    0x8000, 0x8000, 0x8000, 0x8000, 0x8000, 0x8000, 0x8000, 0x8000, 0x8000, 0x8000, 0x8000, 0x8000, 0x8000, 0x8000, 0x8000, 0x8000,
    0x8000, 0x8000, 0x8000, 0x8000, 0x8000, 0x8000, 0x8000, 0x8000, 0x8000, 0x8000, 0x8000, 0x8000, 0x8000, 0x8000, 0x8000, 0x8000,
    0x8000, 0x8000, 0x8000, 0x8000, 0x8000, 0x8000, 0x8000, 0x8000, 0x8000, 0x8000, 0x8000, 0x8000, 0x8000, 0x8000, 0x8000, 0x8000,
    0x8000, 0x8000, 0x8000, 0x8000, 0x8000, 0x8000, 0x8000, 0x8000, 0x8000, 0x8000, 0x8000, 0x8000, 0x8000, 0x8000, 0x8000, 0x8000,
    0x8000, 0x8000, 0x8000, 0x8000, 0x8000, 0x8000, 0x8000, 0x8000, 0x8000, 0x8000, 0x8000, 0x8000, 0x8000, 0x8000, 0x8000, 0x8000,
    0x8000, 0x8000, 0x8000, 0x8000, 0x8000, 0x8000, 0x8000, 0x8000, 0x8000, 0x8000, 0x8000, 0x8000, 0x8000, 0x8000, 0x8000, 0x8000,
    0x8000, 0x8000, 0x8000, 0x8000, 0x8000, 0x8000, 0x8000, 0x8000, 0x8000, 0x8000, 0x8000, 0x8000, 0x8000, 0x8000, 0x8000, 0x8000,
    0x8000, 0x8000, 0x8000, 0x8000, 0x8000, 0x8000, 0x8000, 0x8000, 0x8000, 0x8000, 0x8000, 0x8000, 0x8000, 0x8000, 0x8000, 0x8000,
    0x8000, 0x8000, 0x8000, 0x8000, 0x8000, 0x8000, 0x8000, 0x8000, 0x8000, 0x8000, 0x8000, 0x8000, 0x8000, 0x8000, 0x8000, 0x8000,
    0x8000, 0x8000, 0x8000, 0x8000, 0x8000, 0x8000, 0x8000, 0x8000, 0x8000, 0x8000, 0x8000, 0x8000, 0x8000, 0x8000, 0x8000, 0x8000,
    0x8000, 0x8000, 0x8000, 0x8000, 0x8000, 0x8000, 0x8000, 0x8000, 0x8000, 0x8000, 0x8000, 0x8000, 0x8000, 0x8000, 0x8000, 0x8000,
    0x8000, 0x8000, 0x8000, 0x8000, 0x8000, 0x8000, 0x8000, 0x8000, 0x8000, 0x8000, 0x8000, 0x8000, 0x8000, 0x8000, 0x8000, 0x8000,
    0x8000, 0x8000, 0x8000, 0x8000, 0x8000, 0x8000, 0x8000, 0x8000, 0x8000, 0x8000, 0x8000, 0x8000, 0x8000, 0x8000, 0x8000, 0x8000,
    0x8000, 0x8000, 0x8000, 0x8000, 0x8000, 0x8000, 0x8000, 0x8000, 0x8000, 0x8000, 0x8000, 0x8000, 0x8000, 0x8000, 0x8000, 0x8000,
    0x8000, 0x8000, 0x8000, 0x8000, 0x8000, 0x8000, 0x8000, 0x8000, 0x8000, 0x8000, 0x8000, 0x8000, 0x8000, 0x8000, 0x8000, 0x8000,
    0x8000, 0x8000, 0x8000, 0x8000, 0x8000, 0x8000, 0x8000, 0x8000, 0x8000, 0x8000, 0x8000, 0x8000, 0x8000, 0x8000, 0x8000, 0x8000,
    0x8000, 0x8000, 0x8000, 0x8000, 0x8000, 0x8000, 0x8000, 0x8000, 0x8000, 0x8000, 0x8000, 0x8000, 0x8000, 0x8000, 0x8000, 0x8000,
    0x8000, 0x8000, 0x8000, 0x8000, 0x8000, 0x8000, 0x8000, 0x8000, 0x8000, 0x8000, 0x8000, 0x8000, 0x8000, 0x8000, 0x8000, 0x8000,
    0x8000, 0x8000, 0x8000, 0x8000, 0x8000, 0x8000, 0x8000, 0x8000, 0x8000, 0x8000, 0x8000, 0x8000, 0x8000, 0x8000, 0x8000, 0x8000,
    0x8000, 0x8000, 0x8000, 0x8000, 0x8000, 0x8000, 0x8000, 0x8000, 0x8000, 0x8000, 0x8000, 0x8000, 0x8000, 0x8000, 0x8000, 0x8000,
    0x8000, 0x8000, 0x8000, 0x8000, 0x8000, 0x8000, 0x8000, 0x8000, 0x8000, 0x8000, 0x8000, 0x8000, 0x8000, 0x8000, 0x8000, 0x8000,
    0x8000, 0x8000, 0x8000, 0x8000, 0x8000, 0x8000, 0x8000, 0x8000, 0x8000, 0x8000, 0x8000, 0x8000, 0x8000, 0x8000, 0x8000, 0x8000,
    0x8000, 0x8000, 0x8000, 0x8000, 0x8000, 0x8000, 0x8000, 0x8000, 0x8000, 0x8000, 0x8000, 0x8000, 0x8000, 0x8000, 0x8000, 0x8000,
    0x8000, 0x8000, 0x8000, 0x8000, 0x8000, 0x8000, 0x8000, 0x8000, 0x8000, 0x8000, 0x8000, 0x8000, 0x8000, 0x8000, 0x8000, 0x8000,
    0x8000, 0x8000, 0x8000, 0x8000, 0x8000, 0x8000, 0x8000, 0x8000, 0x8000, 0x8000, 0x8000, 0x8000, 0x8000, 0x8000, 0x8000, 0x8000,
    0x8000, 0x8000, 0x8000, 0x8000, 0x8000, 0x8000, 0x8000, 0x8000, 0x8000, 0x8000, 0x8000, 0x8000, 0x8000, 0x8000, 0x8000, 0x8000,
    0x8000, 0x8000, 0x8000, 0x8000, 0x8000, 0x8000, 0x8000, 0x8000, 0x8000, 0x8000, 0x8000, 0x8000, 0x8000, 0x8000, 0x8000, 0x8000,
    0x8000, 0x8000, 0x8000, 0x8000, 0x8000, 0x8000, 0x8000, 0x8000, 0x8000, 0x8000, 0x8000, 0x8000, 0x8000, 0x8000, 0x8000, 0x8000,
    0x8000, 0x8000, 0x8000, 0x8000, 0x8000, 0x8000, 0x8000, 0x8000, 0x8000, 0x8000, 0x8000, 0x8000, 0x8000, 0x8000, 0x8000, 0x8000,
    0x8000, 0x8000, 0x8000, 0x8000, 0x8000, 0x8000, 0x8000, 0x8000, 0x8000, 0x8000, 0x8000, 0x8000, 0x8000, 0x8000, 0x8000, 0x8000,
    0x8000, 0x8000, 0x8000, 0x8000, 0x8000, 0x8000, 0x8000, 0x8000, 0x8000, 0x8000, 0x8000, 0x8000, 0x8000, 0x8000, 0x8000, 0x8000,
    0x8000, 0x8000, 0x8000, 0x8000, 0x8000, 0x8000, 0x8000, 0x8000, 0x8000, 0x8000, 0x8000, 0x8000, 0x8000, 0x8000, 0x8000, 0x8000,
    0x8000, 0x8000, 0x8000, 0x8000, 0x8000, 0x8000, 0x8000, 0x8000, 0x8000, 0x8000, 0x8000, 0x8000, 0x8000, 0x8000, 0x8000, 0x8000,
    0x8000, 0x8000, 0x8000, 0x8000, 0x8000, 0x8000, 0x8000, 0x8000, 0x8000, 0x8000, 0x8000, 0x8000, 0x8000, 0x8000, 0x8000, 0x8000,
    0x8000, 0x8000, 0x8000, 0x8000, 0x8000, 0x8000, 0x8000, 0x8000, 0x8000, 0x8000, 0x8000, 0x8000, 0x8000, 0x8000, 0x8000, 0x8000,
    0x8000, 0x8000, 0x8000, 0x8000, 0x8000, 0x8000, 0x8000, 0x8000, 0x8000, 0x8000, 0x8000, 0x8000, 0x8000, 0x8000, 0x8000, 0x8000,
    0x8000, 0x8000, 0x8000, 0x8000, 0x8000, 0x8000, 0x8000, 0x8000, 0x8000, 0x8000, 0x8000, 0x8000, 0x8000, 0x8000, 0x8000, 0x8000,
    0x8000, 0x8000, 0x8000, 0x8000, 0x8000, 0x8000, 0x8000, 0x8000, 0x8000, 0x8000, 0x8000, 0x8000, 0x8000, 0x8000, 0x8000, 0x8000,
    0x8000, 0x8000, 0x8000, 0x8000, 0x8000, 0x8000, 0x8000, 0x8000, 0x8000, 0x8000, 0x8000, 0x8000, 0x8000, 0x8000, 0x8000, 0x8000,
    0x8000, 0x8000, 0x8000, 0x8000, 0x8000, 0x8000, 0x8000, 0x8000, 0x8000, 0x8000, 0x8000, 0x8000, 0x8000, 0x8000, 0x8000, 0x8000,
    0x8000, 0x8000, 0x8000, 0x8000, 0x8000, 0x8000, 0x8000, 0x8000, 0x8000, 0x8000, 0x8000, 0x8000, 0x8000, 0x8000, 0x8000, 0x8000,
    0x8000, 0x8000, 0x8000, 0x8000, 0x8000, 0x8000, 0x8000, 0x8000, 0x8000, 0x8000, 0x8000, 0x8000, 0x8000, 0x8000, 0x8000, 0x8000,
    0x8000, 0x8000, 0x8000, 0x8000, 0x8000, 0x8000, 0x8000, 0x8000, 0x8000, 0x8000, 0x8000, 0x8000, 0x8000, 0x8000, 0x8000, 0x8000,
    0x8000, 0x8000, 0x8000, 0x8000, 0x8000, 0x8000, 0x8000, 0x8000, 0x8000, 0x8000, 0x8000, 0x8000, 0x8000, 0x8000, 0x8000, 0x8000,
    0x8000, 0x8000, 0x8000, 0x8000, 0x8000, 0x8000, 0x8000, 0x8000, 0x8000, 0x8000, 0x8000, 0x8000, 0x8000, 0x8000, 0x8000, 0x8000,
    0x8000, 0x8000, 0x8000, 0x8000, 0x8000, 0x8000, 0x8000, 0x8000, 0x8000, 0x8000, 0x8000, 0x8000, 0x8000, 0x8000, 0x8000, 0x8000,
    0x8000, 0x8000, 0x8000, 0x8000, 0x8000, 0x8000, 0x8000, 0x8000, 0x8000, 0x8000, 0x8000, 0x8000, 0x8000, 0x8000, 0x8000, 0x8000,
    0x8000, 0x8000, 0x8000, 0x8000, 0x8000, 0x8000, 0x8000, 0x8000, 0x8000, 0x8000, 0x8000, 0x8000, 0x8000, 0x8000, 0x8000, 0x8000,
    0x8000, 0x8000, 0x8000, 0x8000, 0x8000, 0x8000, 0x8000, 0x8000, 0x8000, 0x8000, 0x8000, 0x8000, 0x8000, 0x8000, 0x8000, 0x8000,
    0x8000, 0x8000, 0x8000, 0x8000, 0x8000, 0x8000, 0x8000, 0x8000, 0x8000, 0x8000, 0x8000, 0x8000, 0x8000, 0x8000, 0x8000, 0x8000,
    0x8000, 0x8000, 0x8000, 0x8000, 0x8000, 0x8000, 0x8000, 0x8000, 0x8000, 0x8000, 0x8000, 0x8000, 0x8000, 0x8000, 0x8000, 0x8000,
    0x8000, 0x8000, 0x8000, 0x8000, 0x8000, 0x8000, 0x8000, 0x8000, 0x8000, 0x8000, 0x8000, 0x8000, 0x8000, 0x8000, 0x8000, 0x8000,
    0x8000, 0x8000, 0x8000, 0x8000, 0x8000, 0x8000, 0x8000, 0x8000, 0x8000, 0x8000, 0x8000, 0x8000, 0x8000, 0x8000, 0x8000, 0x8000,
    0x8000, 0x8000, 0x8000, 0x8000, 0x8000, 0x8000, 0x8000, 0x8000, 0x8000, 0x8000, 0x8000, 0x8000, 0x8000, 0x8000, 0x8000, 0x8000,
    0x8000, 0x8000, 0x8000, 0x8000, 0x8000, 0x8000, 0x8000, 0x8000, 0x8000, 0x8000, 0x8000, 0x8000, 0x8000, 0x8000, 0x8000, 0x8000,
    0x8000, 0x8000, 0x8000, 0x8000, 0x8000, 0x8000, 0x8000, 0x8000, 0x8000, 0x8000, 0x8000, 0x8000, 0x8000, 0x8000, 0x8000, 0x8000,
    0x8000, 0x8000, 0x8000, 0x8000, 0x8000, 0x8000, 0x8000, 0x8000, 0x8000, 0x8000, 0x8000, 0x8000, 0x8000, 0x8000, 0x8000, 0x8000,
    0x8000, 0x8000, 0x8000, 0x8000, 0x8000, 0x8000, 0x8000, 0x8000, 0x8000, 0x8000, 0x8000, 0x8000, 0x8000, 0x8000, 0x8000, 0x8000,
    0x8000, 0x8000, 0x8000, 0x8000, 0x8000, 0x8000, 0x8000, 0x8000, 0x8000, 0x8000, 0x8000, 0x8000, 0x8000, 0x8000, 0x8000, 0x8000,
    0x8000, 0x8000, 0x8000, 0x8000, 0x8000, 0x8000, 0x8000, 0x8000, 0x8000, 0x8000, 0x8000, 0x8000, 0x8000, 0x8000, 0x8000, 0x8000,
    0x8000, 0x8000, 0x8000, 0x8000, 0x8000, 0x8000, 0x8000, 0x8000, 0x8000, 0x8000, 0x8000, 0x8000, 0x8000, 0x8000, 0x8000, 0x8000,
    0x8000, 0x8000, 0x8000, 0x8000, 0x8000, 0x8000, 0x8000, 0x8000, 0x8000, 0x8000, 0x8000, 0x8000, 0x8000, 0x8000, 0x8000, 0x8000,
    0x8000, 0x8000, 0x8000, 0x8000, 0x8000, 0x8000, 0x8000, 0x8000, 0x8000, 0x8000, 0x8000, 0x8000, 0x8000, 0x8000, 0x8000, 0x8000,
    0x8000, 0x8000, 0x8000, 0x8000, 0x8000, 0x8000, 0x8000, 0x8000, 0x8000, 0x8000, 0x8000, 0x8000, 0x8000, 0x8000, 0x8000, 0x8000,
    0x8000, 0x8000, 0x8000, 0x8000, 0x8000, 0x8000, 0x8000, 0x8000, 0x8000, 0x8000, 0x8000, 0x8000, 0x8000, 0x8000, 0x8000, 0x8000,
    0x8000, 0x8000, 0x8000, 0x8000, 0x8000, 0x8000, 0x8000, 0x8000, 0x8000, 0x8000, 0x8000, 0x8000, 0x8000, 0x8000, 0x8000, 0x8000,
    0x8000, 0x8000, 0x8000, 0x8000, 0x8000, 0x8000, 0x8000, 0x8000, 0x8000, 0x8000, 0x8000, 0x8000, 0x8000, 0x8000, 0x8000, 0x8000,
    0x8000, 0x8000, 0x8000, 0x8000, 0x8000, 0x8000, 0x8000, 0x8000, 0x8000, 0x8000, 0x8000, 0x8000, 0x8000, 0x8000, 0x8000, 0x8000,
    0x8000, 0x8000, 0x8000, 0x8000, 0x8000, 0x8000, 0x8000, 0x8000, 0x8000, 0x8000, 0x8000, 0x8000, 0x8000, 0x8000, 0x8000, 0x8000,
    0x8000, 0x8000, 0x8000, 0x8000, 0x8000, 0x8000, 0x8000, 0x8000, 0x8000, 0x8000, 0x8000, 0x8000, 0x8000, 0x8000, 0x8000, 0x8000,
    0x8000, 0x8000, 0x8000, 0x8000, 0x8000, 0x8000, 0x8000, 0x8000, 0x8000, 0x8000, 0x8000, 0x8000, 0x8000, 0x8000, 0x8000, 0x8000,
    0x8000, 0x8000, 0x8000, 0x8000, 0x8000, 0x8000, 0x8000, 0x8000, 0x8000, 0x8000, 0x8000, 0x8000, 0x8000, 0x8000, 0x8000, 0x8000,
    0x8000, 0x8000, 0x8000, 0x8000, 0x8000, 0x8000, 0x8000, 0x8000, 0x8000, 0x8000, 0x8000, 0x8000, 0x8000, 0x8000, 0x8000, 0x8000,
    0x8000, 0x8000, 0x8000, 0x8000, 0x8000, 0x8000, 0x8000, 0x8000, 0x8000, 0x8000, 0x8000, 0x8000, 0x8000, 0x8000, 0x8000, 0x8000,
    0x8000, 0x8000, 0x8000, 0x8000, 0x8000, 0x8000, 0x8000, 0x8000, 0x8000, 0x8000, 0x8000, 0x8000, 0x8000, 0x8000, 0x8000, 0x8000,
    0x8000, 0x8000, 0x8000, 0x8000, 0x8000, 0x8000, 0x8000, 0x8000, 0x8000, 0x8000, 0x8000, 0x8000, 0x8000, 0x8000, 0x8000, 0x8000,
    0x8000, 0x8000, 0x8000, 0x8000, 0x8000, 0x8000, 0x8000, 0x8000, 0x8000, 0x8000, 0x8000, 0x8000, 0x8000, 0x8000, 0x8000, 0x8000,
    0x8000, 0x8000, 0x8000, 0x8000, 0x8000, 0x8000, 0x8000, 0x8000, 0x8000, 0x8000, 0x8000, 0x8000, 0x8000, 0x8000, 0x8000, 0x8000,
    0x8000, 0x8000, 0x8000, 0x8000, 0x8000, 0x8000, 0x8000, 0x8000, 0x8000, 0x8000, 0x8000, 0x8000, 0x8000, 0x8000, 0x8000, 0x8000,
    0x8000, 0x8000, 0x8000, 0x8000, 0x8000, 0x8000, 0x8000, 0x8000, 0x8000, 0x8000, 0x8000, 0x8000, 0x8000, 0x8000, 0x8000, 0x8000,
    0x8000, 0x8000, 0x8000, 0x8000, 0x8000, 0x8000, 0x8000, 0x8000, 0x8000, 0x8000, 0x8000, 0x8000, 0x8000, 0x8000, 0x8000, 0x8000,
    0x8000, 0x8000, 0x8000, 0x8000, 0x8000, 0x8000, 0x8000, 0x8000, 0x8000, 0x8000, 0x8000, 0x8000, 0x8000, 0x8000, 0x8000, 0x8000,
    0x8000, 0x8000, 0x8000, 0x8000, 0x8000, 0x8000, 0x8000, 0x8000, 0x8000, 0x8000, 0x8000, 0x8000, 0x8000, 0x8000, 0x8000, 0x8000,
    0x8000, 0x8000, 0x8000, 0x8000, 0x8000, 0x8000, 0x8000, 0x8000, 0x8000, 0x8000, 0x8000, 0x8000, 0x8000, 0x8000, 0x8000, 0x8000,
    0x8000, 0x8000, 0x8000, 0x8000, 0x8000, 0x8000, 0x8000, 0x8000, 0x8000, 0x8000, 0x8000, 0x8000, 0x8000, 0x8000, 0x8000, 0x8000,
    0x8000, 0x8000, 0x8000, 0x8000, 0x8000, 0x8000, 0x8000, 0x8000, 0x8000, 0x8000, 0x8000, 0x8000, 0x8000, 0x8000, 0x8000, 0x8000,
    0x8000, 0x8000, 0x8000, 0x8000, 0x8000, 0x8000, 0x8000, 0x8000, 0x8000, 0x8000, 0x8000, 0x8000, 0x8000, 0x8000, 0x8000, 0x8000,
    0x8000, 0x8000, 0x8000, 0x8000, 0x8000, 0x8000, 0x8000, 0x8000, 0x8000, 0x8000, 0x8000, 0x8000, 0x8000, 0x8000, 0x8000, 0x8000,
    0x8000, 0x8000, 0x8000, 0x8000, 0x8000, 0x8000, 0x8000, 0x8000, 0x8000, 0x8000, 0x8000, 0x8000, 0x8000, 0x8000, 0x8000, 0x8000,
    0x8000, 0x8000, 0x8000, 0x8000, 0x8000, 0x8000, 0x8000, 0x8000, 0x8000, 0x8000, 0x8000, 0x8000, 0x8000, 0x8000, 0x8000, 0x8000,
    0x8000, 0x8000, 0x8000, 0x8000, 0x8000, 0x8000, 0x8000, 0x8000, 0x8000, 0x8000, 0x8000, 0x8000, 0x8000, 0x8000, 0x8000, 0x8000,
    0x8000, 0x8000, 0x8000, 0x8000, 0x8000, 0x8000, 0x8000, 0x8000, 0x8000, 0x8000, 0x8000, 0x8000, 0x8000, 0x8000, 0x8000, 0x8000,
    0x8000, 0x8000, 0x8000, 0x8000, 0x8000, 0x8000, 0x8000, 0x8000, 0x8000, 0x8000, 0x8000, 0x8000, 0x8000, 0x8000, 0x8000, 0x8000,
    0x8000, 0x8000, 0x8000, 0x8000, 0x8000, 0x8000, 0x8000, 0x8000, 0x8000, 0x8000, 0x8000, 0x8000, 0x8000, 0x8000, 0x8000, 0x8000,
    0x8000, 0x8000, 0x8000, 0x8000, 0x8000, 0x8000, 0x8000, 0x8000, 0x8000, 0x8000, 0x8000, 0x8000, 0x8000, 0x8000, 0x8000, 0x8000,
    0x8000, 0x8000, 0x8000, 0x8000, 0x8000, 0x8000, 0x8000, 0x8000, 0x8000, 0x8000, 0x8000, 0x8000, 0x8000, 0x8000, 0x8000, 0x8000,
    0x8000, 0x8000, 0x8000, 0x8000, 0x8000, 0x8000, 0x8000, 0x8000, 0x8000, 0x8000, 0x8000, 0x8000, 0x8000, 0x8000, 0x8000, 0x8000,
    0x8000, 0x8000, 0x8000, 0x8000, 0x8000, 0x8000, 0x8000, 0x8000, 0x8000, 0x8000, 0x8000, 0x8000, 0x8000, 0x8000, 0x8000, 0x8000,
    0x8000, 0x8000, 0x8000, 0x8000, 0x8000, 0x8000, 0x8000, 0x8000, 0x8000, 0x8000, 0x8000, 0x8000, 0x8000, 0x8000, 0x8000, 0x8000,
    0x8000, 0x8000, 0x8000, 0x8000, 0x8000, 0x8000, 0x8000, 0x8000, 0x8000, 0x8000, 0x8000, 0x8000, 0x8000, 0x8000, 0x8000, 0x8000,
    0x8000, 0x8000, 0x8000, 0x8000, 0x8000, 0x8000, 0x8000, 0x8000, 0x8000, 0x8000, 0x8000, 0x8000, 0x8000, 0x8000, 0x8000, 0x8000,
    0x8000, 0x8000, 0x8000, 0x8000, 0x8000, 0x8000, 0x8000, 0x8000, 0x8000, 0x8000, 0x8000, 0x8000, 0x8000, 0x8000, 0x8000, 0x8000,
    0x8000, 0x8000, 0x8000, 0x8000, 0x8000, 0x8000, 0x8000, 0x8000, 0x8000, 0x8000, 0x8000, 0x8000, 0x8000, 0x8000, 0x8000, 0x8000,
    0x8000, 0x8000, 0x8000, 0x8000, 0x8000, 0x8000, 0x8000, 0x8000, 0x8000, 0x8000, 0x8000, 0x8000, 0x8000, 0x8000, 0x8000, 0x8000,
    0x8000, 0x8000, 0x8000, 0x8000, 0x8000, 0x8000, 0x8000, 0x8000, 0x8000, 0x8000, 0x8000, 0x8000, 0x8000, 0x8000, 0x8000, 0x8000,
    0x8000, 0x8000, 0x8000, 0x8000, 0x8000, 0x8000, 0x8000, 0x8000, 0x8000, 0x8000, 0x8000, 0x8000, 0x8000, 0x8000, 0x8000, 0x8000,
    0x8000, 0x8000, 0x8000, 0x8000, 0x8000, 0x8000, 0x8000, 0x8000, 0x8000, 0x8000, 0x8000, 0x8000, 0x8000, 0x8000, 0x8000, 0x8000,
    0x8000, 0x8000, 0x8000, 0x8000, 0x8000, 0x8000, 0x8000, 0x8000, 0x8000, 0x8000, 0x8000, 0x8000, 0x8000, 0x8000, 0x8000, 0x8000,
    0x8000, 0x8000, 0x8000, 0x8000, 0x8000, 0x8000, 0x8000, 0x8000, 0x8000, 0x8000, 0x8000, 0x8000, 0x8000, 0x8000, 0x8000, 0x8000,
    0x8000, 0x8000, 0x8000, 0x8000, 0x8000, 0x8000, 0x8000, 0x8000, 0x8000, 0x8000, 0x8000, 0x8000, 0x8000, 0x8000, 0x8000, 0x8000,
    0x8000, 0x8000, 0x8000, 0x8000, 0x8000, 0x8000, 0x8000, 0x8000, 0x8000, 0x8000, 0x8000, 0x8000, 0x8000, 0x8000, 0x8000, 0x8000,
    0x8000, 0x8000, 0x8000, 0x8000, 0x8000, 0x8000, 0x8000, 0x8000, 0x8000, 0x8000, 0x8000, 0x8000, 0x8000, 0x8000, 0x8000, 0x8000,
    0x8000, 0x8000, 0x8000, 0x8000, 0x8000, 0x8000, 0x8000, 0x8000, 0x8000, 0x8000, 0x8000, 0x8000, 0x8000, 0x8000, 0x8000, 0x8000,
    0x8000, 0x8000, 0x8000, 0x8000, 0x8000, 0x8000, 0x8000, 0x8000, 0x8000, 0x8000, 0x8000, 0x8000, 0x8000, 0x8000, 0x8000, 0x8000,
    0x8000, 0x8000, 0x8000, 0x8000, 0x8000, 0x8000, 0x8000, 0x8000, 0x8000, 0x8000, 0x8000, 0x8000, 0x8000, 0x8000, 0x8000, 0x8000,
    0x8000, 0x8000, 0x8000, 0x8000, 0x8000, 0x8000, 0x8000, 0x8000, 0x8000, 0x8000, 0x8000, 0x8000, 0x8000, 0x8000, 0x8000, 0x8000,
    0x8000, 0x8000, 0x8000, 0x8000, 0x8000, 0x8000, 0x8000, 0x8000, 0x8000, 0x8000, 0x8000, 0x8000, 0x8000, 0x8000, 0x8000, 0x8000,
    0x8000, 0x8000, 0x8000, 0x8000, 0x8000, 0x8000, 0x8000, 0x8000, 0x8000, 0x8000, 0x8000, 0x8000, 0x8000, 0x8000, 0x8000, 0x8000,
    0x8000, 0x8000, 0x8000, 0x8000, 0x8000, 0x8000, 0x8000, 0x8000, 0x8000, 0x8000, 0x8000, 0x8000, 0x8000, 0x8000, 0x8000, 0x8000,
    0x8000, 0x8000, 0x8000, 0x8000, 0x8000, 0x8000, 0x8000, 0x8000, 0x8000, 0x8000, 0x8000, 0x8000, 0x8000, 0x8000, 0x8000, 0x8000,
    0x8000, 0x8000, 0x8000, 0x8000, 0x8000, 0x8000, 0x8000, 0x8000, 0x8000, 0x8000, 0x8000, 0x8000, 0x8000, 0x8000, 0x8000, 0x8000,
    0x8000, 0x8000, 0x8000, 0x8000, 0x8000, 0x8000, 0x8000, 0x8000, 0x8000, 0x8000, 0x8000, 0x8000, 0x8000, 0x8000, 0x8000, 0x8000,
    0x8000, 0x8000, 0x8000, 0x8000, 0x8000, 0x8000, 0x8000, 0x8000, 0x8000, 0x8000, 0x8000, 0x8000, 0x8000, 0x8000, 0x8000, 0x8000,
    0x8000, 0x8000, 0x8000, 0x8000, 0x8000, 0x8000, 0x8000, 0x8000, 0x8000, 0x8000, 0x8000, 0x8000, 0x8000, 0x8000, 0x8000, 0x8000,
    0x8000, 0x8000, 0x8000, 0x8000, 0x8000, 0x8000, 0x8000, 0x8000, 0x8000, 0x8000, 0x8000, 0x8000, 0x8000, 0x8000, 0x8000, 0x8000,
    0x8000, 0x8000, 0x8000, 0x8000, 0x8000, 0x8000, 0x8000, 0x8000, 0x8000, 0x8000, 0x8000, 0x8000, 0x8000, 0x8000, 0x8000, 0x8000,
    0x8000, 0x8000, 0x8000, 0x8000, 0x8000, 0x8000, 0x8000, 0x8000, 0x8000, 0x8000, 0x8000, 0x8000, 0x8000, 0x8000, 0x8000, 0x8000,
    0x8000, 0x8000, 0x8000, 0x8000, 0x8000, 0x8000, 0x8000, 0x8000, 0x8000, 0x8000, 0x8000, 0x8000, 0x8000, 0x8000, 0x8000, 0x8000,
    0x8000, 0x8000, 0x8000, 0x8000, 0x8000, 0x8000, 0x8000, 0x8000, 0x8000, 0x8000, 0x8000, 0x8000, 0x8000, 0x8000, 0x8000, 0x8000,
    0x8000, 0x8000, 0x8000, 0x8000, 0x8000, 0x8000, 0x8000, 0x8000, 0x8000, 0x8000, 0x8000, 0x8000, 0x8000, 0x8000, 0x8000, 0x8000,
    0x8000, 0x8000, 0x8000, 0x8000, 0x8000, 0x8000, 0x8000, 0x8000, 0x8000, 0x8000, 0x8000, 0x8000, 0x8000, 0x8000, 0x8000, 0x8000,
};
#endif
